PLAYERS,STATUS,,NFL WEEK 4,,,,,,,,,,
PLAYER,TYPE,ACTION,OPP,STATUS,PROJ,,,,,,,,
Josh AllenJosh Allen,JACK,,@Bal,W 23-20,25.1,,,,,,,,
Josh Allen,,,,,,,,,,,,,
BufQB,,,,,,,,,,,,,
Jalen HurtsJalen Hurts,POOP,,Jax,W 29-21,23.8,,,,,,,,
Jalen Hurts,,,,,,,,,,,,,
PhiQB,,,,,,,,,,,,,
Lamar JacksonLamar Jackson,ZHOU,,Buf,L 20-23,23.1,,,,,,,,
Lamar JacksonO,,,,,,,,,,,,,
BalQB,,,,,,,,,,,,,
Christian McCaffreyChristian McCaffrey,KMUR,,LAR,W 24-9,22,,,,,,,,
Christian McCaffrey,,,,,,,,,,,,,
SFRB,,,,,,,,,,,,,
Jonathan TaylorJonathan Taylor,JACK,,Ten,L 17-24,21.2,,,,,,,,
Jonathan Taylor,,,,,,,,,,,,,
IndRB,,,,,,,,,,,,,
Stefon DiggsStefon Diggs,RD,,@Bal,W 23-20,20.7,,,,,,,,
Stefon Diggs,,,,,,,,,,,,,
BufWR,,,,,,,,,,,,,
Patrick MahomesPatrick Mahomes,CHOE,,@TB,W 41-31,20.6,,,,,,,,
Patrick Mahomes,,,,,,,,,,,,,
KCQB,,,,,,,,,,,,,
Cooper KuppCooper Kupp,RD,,@SF,L 9-24,20.4,,,,,,,,
Cooper KuppIR,,,,,,,,,,,,,
LARWR,,,,,,,,,,,,,
Ja'Marr ChaseJa'Marr Chase,ROSE,,Mia,W 27-15,19.5,,,,,,,,
Ja'Marr Chase,,,,,,,,,,,,,
CinWR,,,,,,,,,,,,,
Saquon BarkleySaquon Barkley,POOP,,Chi,W 20-12,19.5,,,,,,,,
Saquon Barkley,,,,,,,,,,,,,
NYGRB,,,,,,,,,,,,,
Tyreek HillTyreek Hill,JACK,,@Cin,L 15-27,19.5,,,,,,,,
Tyreek Hill,,,,,,,,,,,,,
MiaWR,,,,,,,,,,,,,
Justin HerbertJustin Herbert,KNU,,@Hou,W 34-24,19.5,,,,,,,,
Justin Herbert,,,,,,,,,,,,,
LACQB,,,,,,,,,,,,,
Deebo SamuelDeebo Samuel,CHOE,,LAR,W 24-9,18.8,,,,,,,,
Deebo Samuel,,,,,,,,,,,,,
SFWR,,,,,,,,,,,,,
Joe BurrowJoe Burrow,W,,Mia,W 27-15,18.4,,,,,,,,
Joe Burrow,,,,,,,,,,,,,
CinQB,,,,,,,,,,,,,
Jaylen WaddleJaylen Waddle,ZHOU,,@Cin,L 15-27,18.3,,,,,,,,
Jaylen Waddle,,,,,,,,,,,,,
MiaWR,,,,,,,,,,,,,
Tua TagovailoaTua Tagovailoa,KNU,,@Cin,L 15-27,18.3,,,,,,,,
Tua Tagovailoa,,,,,,,,,,,,,
MiaQB,,,,,,,,,,,,,
Kyler MurrayKyler Murray,KMUR,,@Car,W 26-16,18.2,,,,,,,,
Kyler Murray,,,,,,,,,,,,,
AriQB,,,,,,,,,,,,,
Russell WilsonRussell Wilson,WA (Wed),,@LV,L 23-32,18,,,,,,,,
Russell Wilson,,,,,,,,,,,,,
DenQB,,,,,,,,,,,,,
Justin JeffersonJustin Jefferson,ZHOU,,@NO,W 28-25,17.9,,,,,,,,
Justin Jefferson,,,,,,,,,,,,,
MinWR,,,,,,,,,,,,,
Marcus MariotaMarcus Mariota,FA,,Cle,W 23-20,17.8,,,,,,,,
Marcus Mariota,,,,,,,,,,,,,
AtlQB,,,,,,,,,,,,,
Austin EkelerAustin Ekeler,ZHOU,,@Hou,W 34-24,17.8,,,,,,,,
Austin Ekeler,,,,,,,,,,,,,
LACRB,,,,,,,,,,,,,
Leonard FournetteLeonard Fournette,W,,KC,L 31-41,17.5,,,,,,,,
Leonard Fournette,,,,,,,,,,,,,
TBRB,,,,,,,,,,,,,
Tom BradyTom Brady,CHOE,,KC,L 31-41,17.4,,,,,,,,
Tom Brady,,,,,,,,,,,,,
TBQB,,,,,,,,,,,,,
Jared GoffJared Goff,ZHOU,,Sea,L 45-48,17.4,,,,,,,,
Jared Goff,,,,,,,,,,,,,
DetQB,,,,,,,,,,,,,
Geno SmithGeno Smith,RD,,@Det,W 48-45,17.4,,,,,,,,
Geno Smith,,,,,,,,,,,,,
SeaQB,,,,,,,,,,,,,
A.J. BrownA.J. Brown,ZHOU,,Jax,W 29-21,17.4,,,,,,,,
A.J. Brown,,,,,,,,,,,,,
PhiWR,,,,,,,,,,,,,
Joe MixonJoe Mixon,SHAH,,Mia,W 27-15,17.2,,,,,,,,
Joe Mixon,,,,,,,,,,,,,
CinRB,,,,,,,,,,,,,
Davante AdamsDavante Adams,KNU,,Den,W 32-23,17.1,,,,,,,,
Davante Adams,,,,,,,,,,,,,
LVWR,,,,,,,,,,,,,
Aaron RodgersAaron Rodgers,FA,,NE,W 27-24,16.8,,,,,,,,
Aaron Rodgers,,,,,,,,,,,,,
GBQB,,,,,,,,,,,,,
Trevor LawrenceTrevor Lawrence,SHAH,,@Phi,L 21-29,16.8,,,,,,,,
Trevor Lawrence,,,,,,,,,,,,,
JaxQB,,,,,,,,,,,,,
Mark AndrewsMark Andrews,ROSE,,Buf,L 20-23,16.7,,,,,,,,
Mark Andrews,,,,,,,,,,,,,
BalTE,,,,,,,,,,,,,
Travis KelceTravis Kelce,KMUR,,@TB,W 41-31,16.6,,,,,,,,
Travis Kelce,,,,,,,,,,,,,
KCTE,,,,,,,,,,,,,
Daniel JonesDaniel Jones,SHAH,,Chi,W 20-12,16.4,,,,,,,,
Daniel Jones,,,,,,,,,,,,,
NYGQB,,,,,,,,,,,,,
Nick ChubbNick Chubb,ZHOU,,@Atl,L 20-23,16.4,,,,,,,,
Nick Chubb,,,,,,,,,,,,,
CleRB,,,,,,,,,,,,,
Derrick HenryDerrick Henry,POOP,,@Ind,W 24-17,16.4,,,,,,,,
Derrick Henry,,,,,,,,,,,,,
TenRB,,,,,,,,,,,,,
Matthew StaffordMatthew Stafford,WA (Wed),,@SF,L 9-24,16.3,,,,,,,,
Matthew StaffordIR,,,,,,,,,,,,,
LARQB,,,,,,,,,,,,,
CeeDee LambCeeDee Lamb,W,,Wsh,W 25-10,16.2,,,,,,,,
CeeDee Lamb,,,,,,,,,,,,,
DalWR,,,,,,,,,,,,,
Derek CarrDerek Carr,WA (Wed),,Den,W 32-23,16.1,,,,,,,,
Derek Carr,,,,,,,,,,,,,
LVQB,,,,,,,,,,,,,
Najee HarrisNajee Harris,CHOE,,NYJ,L 20-24,16.1,,,,,,,,
Najee Harris,,,,,,,,,,,,,
PitRB,,,,,,,,,,,,,
Carson WentzCarson Wentz,FA,,@Dal,L 10-25,15.9,,,,,,,,
Carson WentzIR,,,,,,,,,,,,,
WshQB,,,,,,,,,,,,,
Christian KirkChristian Kirk,KNU,,@Phi,L 21-29,15.6,,,,,,,,
Christian Kirk,,,,,,,,,,,,,
JaxWR,,,,,,,,,,,,,
Kirk CousinsKirk Cousins,KNU,,@NO,W 28-25,15.6,,,,,,,,
Kirk Cousins,,,,,,,,,,,,,
MinQB,,,,,,,,,,,,,
Jacoby BrissettJacoby Brissett,WA (Wed),,@Atl,L 20-23,15.5,,,,,,,,
Jacoby Brissett,,,,,,,,,,,,,
CleQB,,,,,,,,,,,,,
Mitch TrubiskyMitch Trubisky,WA (Wed),,NYJ,L 20-24,15.5,,,,,,,,
Mitch Trubisky,,,,,,,,,,,,,
PitQB,,,,,,,,,,,,,
Baker MayfieldBaker Mayfield,WA (Wed),,@SF,L 9-24,15.4,,,,,,,,
Baker Mayfield,,,,,,,,,,,,,
LARQB,,,,,,,,,,,,,
Courtland SuttonCourtland Sutton,WA (Wed),,@LV,L 23-32,15.4,,,,,,,,
Courtland SuttonO,,,,,,,,,,,,,
DenWR,,,,,,,,,,,,,
Dalvin CookDalvin Cook,RD,,@NO,W 28-25,15.4,,,,,,,,
Dalvin Cook,,,,,,,,,,,,,
MinRB,,,,,,,,,,,,,
James ConnerJames Conner,JACK,,@Car,W 26-16,15.2,,,,,,,,
James Conner,,,,,,,,,,,,,
AriRB,,,,,,,,,,,,,
Zach WilsonZach Wilson,WA (Wed),,@Pit,W 24-20,15.1,,,,,,,,
Zach WilsonO,,,,,,,,,,,,,
NYJQB,,,,,,,,,,,,,
Javonte WilliamsJavonte Williams,WA (Wed),,@LV,L 23-32,15.1,,,,,,,,
Javonte WilliamsIR,,,,,,,,,,,,,
DenRB,,,,,,,,,,,,,
PASSING,,,,RUSHING,,,RECEIVING,,,,MISC,,
C/A,YDS,TD,INT,CAR,YDS,TD,REC,YDS,TD,TAR,2PC,FUML,TD
19/36,213,1,1,11,70,1,0,0,0,0,0,0,0
16/25,204,0,1,16,38,1,0,0,0,0,0,0,0
20/29,144,1,2,11,73,0,0,0,0,0,0,0,0
0/0,0,0,0,8,27,0,9,81,1,9,0,0,0
0/0,0,0,0,20,42,0,1,1,0,3,0,1,0
0/0,0,0,0,0,0,0,4,62,0,6,0,0,0
23/37,249,3,1,4,34,0,0,0,0,0,0,0,0
0/0,0,0,0,0,0,0,14,122,0,19,0,0,0
0/0,0,0,0,0,0,0,4,81,0,6,0,0,0
0/0,0,0,0,31,146,0,2,16,0,2,0,0,0
0/0,0,0,0,1,-1,0,10,160,0,14,0,0,0
27/39,340,2,0,4,-5,0,0,0,0,0,0,0,0
0/0,0,0,0,2,2,0,6,115,1,7,0,0,0
20/31,287,2,0,5,6,0,0,0,0,0,0,0,0
0/0,0,0,0,0,0,0,2,39,0,5,0,0,0
14-Aug,110,0,1,0,0,0,0,0,0,0,0,0,0
23/32,207,2,1,12,26,1,0,0,0,0,0,0,0
17/25,237,2,0,4,29,1,1,1,0,1,0,0,0
0/0,0,0,0,1,3,1,10,147,0,13,0,0,0
19-Jul,139,0,1,5,3,0,0,0,0,0,0,0,0
0/0,0,0,0,13,60,2,6,49,1,7,0,0,0
0/0,0,0,0,3,-3,0,7,57,1,7,0,0,0
39/52,385,3,0,0,0,0,0,0,0,0,0,1,0
26/39,378,4,1,1,1,0,0,0,0,0,0,0,0
23/30,320,2,0,7,49,1,0,0,0,0,0,0,0
0/0,0,0,0,0,0,0,5,95,0,7,0,0,0
0/0,0,0,0,24,61,1,4,13,0,4,0,0,0
0/0,0,0,0,1,4,0,9,101,0,13,0,0,0
21/35,251,2,1,1,1,0,0,0,0,0,0,0,0
23-Nov,174,2,1,2,7,0,0,0,0,0,0,4,0
0/0,0,0,0,0,0,0,2,15,0,5,0,0,0
0/0,0,0,0,0,0,0,9,92,1,10,0,0,0
13-Aug,71,0,0,6,68,2,0,0,0,0,0,0,0
0/0,0,0,0,19,118,1,2,9,0,3,0,0,0
0/0,0,0,0,22,114,1,3,33,0,5,0,0,0
32/48,254,0,1,2,6,0,0,0,0,0,0,1,0
0/0,0,0,0,0,0,0,6,97,1,8,0,0,0
21/34,188,0,0,7,40,0,0,0,0,0,0,0,0
0/0,0,0,0,18,74,0,0,0,0,0,0,0,0
25/42,170,1,2,1,5,0,0,0,0,0,0,0,0
0/0,0,0,0,1,3,0,2,60,0,9,0,0,0
25/38,273,1,1,0,0,0,0,0,0,0,0,0,0
21/35,234,0,1,5,16,1,0,0,0,0,0,0,0
13-Jul,84,0,1,1,1,0,0,0,0,0,0,0,0
22/36,197,1,2,2,0,0,0,0,0,0,0,1,0
0/0,0,0,0,0,0,0,5,52,1,7,0,0,0
0/0,0,0,0,20,76,0,2,10,0,2,0,0,0
0/0,0,0,0,15,55,0,3,22,0,3,0,0,0
18/36,252,1,2,2,15,0,1,2,1,1,0,0,0
0/0,0,0,0,10,28,0,1,-1,0,1,0,0,0
TOTAL,,,,,,,,,,,,,
FPTS,,,,,,,,,,,,,
23.52,,,,,,,,,,,,,
15.96,,,,,,,,,,,,,
13.06,,,,,,,,,,,,,
25.8,,,,,,,,,,,,,
3.3,,,,,,,,,,,,,
10.2,,,,,,,,,,,,,
23.36,,,,,,,,,,,,,
26.2,,,,,,,,,,,,,
12.1,,,,,,,,,,,,,
18.2,,,,,,,,,,,,,
25.9,,,,,,,,,,,,,
21.1,,,,,,,,,,,,,
23.7,,,,,,,,,,,,,
20.08,,,,,,,,,,,,,
5.9,,,,,,,,,,,,,
2.4,,,,,,,,,,,,,
22.88,,,,,,,,,,,,,
27.48,,,,,,,,,,,,,
31,,,,,,,,,,,,,
3.86,,,,,,,,,,,,,
34.9,,,,,,,,,,,,,
18.4,,,,,,,,,,,,,
25.4,,,,,,,,,,,,,
33.22,,,,,,,,,,,,,
31.7,,,,,,,,,,,,,
14.5,,,,,,,,,,,,,
17.4,,,,,,,,,,,,,
19.5,,,,,,,,,,,,,
16.14,,,,,,,,,,,,,
5.66,,,,,,,,,,,,,
3.5,,,,,,,,,,,,,
24.2,,,,,,,,,,,,,
21.64,,,,,,,,,,,,,
20.7,,,,,,,,,,,,,
23.7,,,,,,,,,,,,,
6.76,,,,,,,,,,,,,
21.7,,,,,,,,,,,,,
11.52,,,,,,,,,,,,,
7.4,,,,,,,,,,,,,
7.3,,,,,,,,,,,,,
8.3,,,,,,,,,,,,,
12.92,,,,,,,,,,,,,
14.96,,,,,,,,,,,,,
1.46,,,,,,,,,,,,,
5.88,,,,,,,,,,,,,
16.2,,,,,,,,,,,,,
10.6,,,,,,,,,,,,,
10.7,,,,,,,,,,,,,
18.78,,,,,,,,,,,,,
3.7,,,,,,,,,,,,,
PLAYERS,STATUS,,NFL WEEK 4,,,,,,,,,,
PLAYER,TYPE,ACTION,OPP,STATUS,PROJ,,,,,,,,
Ryan TannehillRyan Tannehill,WA (Wed),,@Ind,W 24-17,15.1,,,,,,,,
Ryan Tannehill,,,,,,,,,,,,,
TenQB,,,,,,,,,,,,,
Mike EvansMike Evans,RD,,KC,L 31-41,15.1,,,,,,,,
Mike Evans,,,,,,,,,,,,,
TBWR,,,,,,,,,,,,,
Michael Pittman Jr.Michael Pittman Jr.,POOP,,Ten,L 17-24,15,,,,,,,,
Michael Pittman Jr.,,,,,,,,,,,,,
IndWR,,,,,,,,,,,,,
Khalil HerbertKhalil Herbert,ROSE,,@NYG,L 12-20,14.8,,,,,,,,
Khalil HerbertIR,,,,,,,,,,,,,
ChiRB,,,,,,,,,,,,,
Andy DaltonAndy Dalton,FA,,Min,L 25-28,14.8,,,,,,,,
Andy Dalton,,,,,,,,,,,,,
NOQB,,,,,,,,,,,,,
Aaron JonesAaron Jones,SHAH,,NE,W 27-24,14.7,,,,,,,,
Aaron Jones,,,,,,,,,,,,,
GBRB,,,,,,,,,,,,,
Jeff Wilson Jr.Jeff Wilson Jr.,KNU,,@Cin,L 15-27,14.7,,,,,,,,
Jeff Wilson Jr.,,,,,,,,,,,,,
MiaRB,,,,,,,,,,,,,
Marquise BrownMarquise Brown,ROSE,,@Car,W 26-16,14.7,,,,,,,,
Marquise Brown,,,,,,,,,,,,,
AriWR,,,,,,,,,,,,,
Tee HigginsTee Higgins,CHOE,,Mia,W 27-15,14.6,,,,,,,,
Tee HigginsQ,,,,,,,,,,,,,
CinWR,,,,,,,,,,,,,
Jimmy GaroppoloJimmy Garoppolo,WA (Wed),,LAR,W 24-9,14.5,,,,,,,,
Jimmy GaroppoloO,,,,,,,,,,,,,
SFQB,,,,,,,,,,,,,
Matt RyanMatt Ryan,FA,,Ten,L 17-24,14.4,,,,,,,,
Matt Ryan,,,,,,,,,,,,,
IndQB,,,,,,,,,,,,,
Diontae JohnsonDiontae Johnson,POOP,,NYJ,L 20-24,14.4,,,,,,,,
Diontae Johnson,,,,,,,,,,,,,
PitWR,,,,,,,,,,,,,
Amari CooperAmari Cooper,SHAH,,@Atl,L 20-23,14.3,,,,,,,,
Amari Cooper,,,,,,,,,,,,,
CleWR,,,,,,,,,,,,,
Curtis SamuelCurtis Samuel,CHOE,,@Dal,L 10-25,14.3,,,,,,,,
Curtis Samuel,,,,,,,,,,,,,
WshWR,,,,,,,,,,,,,
Drake LondonDrake London,KMUR,,Cle,W 23-20,14.2,,,,,,,,
Drake London,,,,,,,,,,,,,
AtlWR,,,,,,,,,,,,,
Brandin CooksBrandin Cooks,KNU,,LAC,L 24-34,14.2,,,,,,,,
Brandin CooksO,,,,,,,,,,,,,
HouWR,,,,,,,,,,,,,
Davis MillsDavis Mills,WA (Wed),,LAC,L 24-34,14.1,,,,,,,,
Davis Mills,,,,,,,,,,,,,
HouQB,,,,,,,,,,,,,
Jamaal WilliamsJamaal Williams,POOP,,Sea,L 45-48,14.1,,,,,,,,
Jamaal Williams,,,,,,,,,,,,,
DetRB,,,,,,,,,,,,,
Mike WilliamsMike Williams,ZHOU,,@Hou,W 34-24,14,,,,,,,,
Mike Williams,,,,,,,,,,,,,
LACWR,,,,,,,,,,,,,
Cooper RushCooper Rush,WA (Wed),,Wsh,W 25-10,13.9,,,,,,,,
Cooper Rush,,,,,,,,,,,,,
DalQB,,,,,,,,,,,,,
DeVonta SmithDeVonta Smith,W,,Jax,W 29-21,13.8,,,,,,,,
DeVonta Smith,,,,,,,,,,,,,
PhiWR,,,,,,,,,,,,,
James RobinsonJames Robinson,WA (Wed),,@Pit,W 24-20,13.7,,,,,,,,
James RobinsonO,,,,,,,,,,,,,
NYJRB,,,,,,,,,,,,,
Terry McLaurinTerry McLaurin,W,,@Dal,L 10-25,13.7,,,,,,,,
Terry McLaurin,,,,,,,,,,,,,
WshWR,,,,,,,,,,,,,
Justin FieldsJustin Fields,ROSE,,@NYG,L 12-20,13.6,,,,,,,,
Justin Fields,,,,,,,,,,,,,
ChiQB,,,,,,,,,,,,,
Antonio GibsonAntonio Gibson,SHAH,,@Dal,L 10-25,13.5,,,,,,,,
Antonio Gibson,,,,,,,,,,,,,
WshRB,,,,,,,,,,,,,
DJ MooreDJ Moore,CHOE,,Ari,L 16-26,13.5,,,,,,,,
DJ Moore,,,,,,,,,,,,,
CarWR,,,,,,,,,,,,,
Tyler LockettTyler Lockett,KNU,,@Det,W 48-45,13.4,,,,,,,,
Tyler Lockett,,,,,,,,,,,,,
SeaWR,,,,,,,,,,,,,
Garrett WilsonGarrett Wilson,KNU,,@Pit,W 24-20,13.3,,,,,,,,
Garrett Wilson,,,,,,,,,,,,,
NYJWR,,,,,,,,,,,,,
Josh JacobsJosh Jacobs,CHOE,,Den,W 32-23,13.2,,,,,,,,
Josh JacobsQ,,,,,,,,,,,,,
LVRB,,,,,,,,,,,,,
Cordarrelle PattersonCordarrelle Patterson,W,,Cle,W 23-20,13.2,,,,,,,,
Cordarrelle Patterson,,,,,,,,,,,,,
AtlRB,,,,,,,,,,,,,
Ezekiel ElliottEzekiel Elliott,RD,,Wsh,W 25-10,13.1,,,,,,,,
Ezekiel Elliott,,,,,,,,,,,,,
DalRB,,,,,,,,,,,,,
DK MetcalfDK Metcalf,ROSE,,@Det,W 48-45,12.9,,,,,,,,
DK Metcalf,,,,,,,,,,,,,
SeaWR,,,,,,,,,,,,,
Devin SingletaryDevin Singletary,W,,@Bal,W 23-20,12.8,,,,,,,,
Devin Singletary,,,,,,,,,,,,,
BufRB,,,,,,,,,,,,,
AJ DillonAJ Dillon,ZHOU,,NE,W 27-24,12.8,,,,,,,,
AJ Dillon,,,,,,,,,,,,,
GBRB,,,,,,,,,,,,,
Gabe DavisGabe Davis,SHAH,,@Bal,W 23-20,12.8,,,,,,,,
Gabe Davis,,,,,,,,,,,,,
BufWR,,,,,,,,,,,,,
Brian HoyerBrian Hoyer,FA,,@GB,L 24-27,12.8,,,,,,,,
Brian HoyerIR,,,,,,,,,,,,,
NEQB,,,,,,,,,,,,,
Miles SandersMiles Sanders,KNU,,Jax,W 29-21,12.6,,,,,,,,
Miles Sanders,,,,,,,,,,,,,
PhiRB,,,,,,,,,,,,,
Dameon PierceDameon Pierce,ROSE,,LAC,L 24-34,12.5,,,,,,,,
Dameon PierceQ,,,,,,,,,,,,,
HouRB,,,,,,,,,,,,,
Brandon AiyukBrandon Aiyuk,RD,,LAR,W 24-9,12.4,,,,,,,,
Brandon Aiyuk,,,,,,,,,,,,,
SFWR,,,,,,,,,,,,,
JuJu Smith-SchusterJuJu Smith-Schuster,JACK,,@TB,W 41-31,12.3,,,,,,,,
JuJu Smith-Schuster,,,,,,,,,,,,,
KCWR,,,,,,,,,,,,,
Rashod BatemanRashod Bateman,WA (Wed),,Buf,L 20-23,12.2,,,,,,,,
Rashod BatemanIR,,,,,,,,,,,,,
BalWR,,,,,,,,,,,,,
Breece HallBreece Hall,WA (Wed),,@Pit,W 24-20,12.2,,,,,,,,
Breece HallIR,,,,,,,,,,,,,
NYJRB,,,,,,,,,,,,,
Chris OlaveChris Olave,JACK,,Min,L 25-28,12.1,,,,,,,,
Chris Olave,,,,,,,,,,,,,
NOWR,,,,,,,,,,,,,
Kareem HuntKareem Hunt,ZHOU,,@Atl,L 20-23,12.1,,,,,,,,
Kareem Hunt,,,,,,,,,,,,,
CleRB,,,,,,,,,,,,,
Clyde Edwards-HelaireClyde Edwards-Helaire,CHOE,,@TB,W 41-31,11.9,,,,,,,,
Clyde Edwards-HelaireIR,,,,,,,,,,,,,
KCRB,,,,,,,,,,,,,
Jerry JeudyJerry Jeudy,W,,@LV,L 23-32,11.8,,,,,,,,
Jerry Jeudy,,,,,,,,,,,,,
DenWR,,,,,,,,,,,,,
Rhamondre StevensonRhamondre Stevenson,SHAH,,@GB,L 24-27,11.8,,,,,,,,
Rhamondre Stevenson,,,,,,,,,,,,,
NERB,,,,,,,,,,,,,
Joshua PalmerJoshua Palmer,JACK,,@Hou,W 34-24,11.8,,,,,,,,
Joshua Palmer,,,,,,,,,,,,,
LACWR,,,,,,,,,,,,,
Darren WallerDarren Waller,JACK,,Den,W 32-23,11.8,,,,,,,,
Darren WallerIR,,,,,,,,,,,,,
LVTE,,,,,,,,,,,,,
Josh ReynoldsJosh Reynolds,WA (Wed),,Sea,L 45-48,11.7,,,,,,,,
Josh Reynolds,,,,,,,,,,,,,
DetWR,,,,,,,,,,,,,
PASSING,,,,RUSHING,,,RECEIVING,,,,MISC,,
C/A,YDS,TD,INT,CAR,YDS,TD,REC,YDS,TD,TAR,2PC,FUML,TD
17/21,137,2,0,5,9,0,0,0,0,0,0,0,0
0/0,0,0,0,0,0,0,8,103,2,10,0,0,0
0/0,0,0,0,0,0,0,3,31,0,6,0,0,0
0/0,0,0,0,19,77,0,1,24,0,1,0,0,0
20/28,236,1,0,1,3,0,0,0,0,0,0,1,0
0/0,0,0,0,16,110,0,3,5,0,4,0,0,0
0/0,0,0,0,18,74,1,0,0,0,0,0,0,0
0/0,0,0,0,0,0,0,6,88,1,11,0,0,0
0/0,0,0,0,0,0,0,7,124,1,9,0,0,0
16/27,239,1,0,1,3,0,0,0,0,0,0,0,0
27/37,356,2,1,2,-4,0,0,0,0,0,0,1,0
0/0,0,0,0,2,11,0,2,11,0,4,0,0,0
0/0,0,0,0,0,0,0,1,9,0,4,0,0,0
0/0,0,0,0,0,0,0,4,38,0,7,0,0,0
0/0,0,0,0,0,0,0,2,17,0,7,0,0,0
0/0,0,0,0,0,0,0,7,57,1,7,0,0,0
26/35,246,2,2,0,0,0,0,0,0,0,0,0,0
0/0,0,0,0,19,108,2,1,1,0,3,0,0,0
0/0,0,0,0,0,0,0,7,120,0,11,0,0,0
15/27,223,2,0,2,7,0,0,0,0,0,0,0,0
0/0,0,0,0,0,0,0,3,17,0,4,0,0,0
0/0,0,0,0,8,29,0,0,0,0,0,0,0,0
0/0,0,0,0,0,0,0,2,15,0,6,0,0,0
22-Nov,174,0,0,7,52,0,0,0,0,0,0,1,0
0/0,0,0,0,13,49,0,3,14,0,3,0,0,0
0/0,0,0,0,1,11,0,6,50,0,11,0,0,0
0/0,0,0,0,0,0,0,6,91,0,8,0,1,0
0/0,0,0,0,0,0,0,2,41,0,6,0,0,0
0/0,0,0,0,28,144,2,5,31,0,6,0,0,0
0/0,0,0,0,9,38,1,0,0,0,0,0,0,0
0/0,0,0,0,19,49,0,2,32,0,2,0,0,0
0/0,0,0,0,0,0,0,7,149,0,10,0,0,0
0/0,0,0,0,11,49,0,4,47,0,5,0,1,0
0/0,0,0,0,17,73,0,1,11,0,2,0,0,0
0/0,0,0,0,0,0,0,1,13,0,3,0,0,0
6-May,37,0,0,0,0,0,0,0,0,0,0,0,0
0/0,0,0,0,27,134,2,2,22,0,3,0,0,0
0/0,0,0,0,14,131,1,6,8,0,6,0,0,0
0/0,0,0,0,0,0,0,4,37,0,4,0,0,0
0/0,0,0,0,0,0,0,5,46,0,8,0,0,0
0/0,0,0,0,0,0,0,3,17,0,6,0,0,0
0/0,0,0,0,17,66,1,2,12,0,6,0,0,0
0/0,0,0,0,0,0,0,4,67,1,7,0,0,0
0/0,0,0,0,10,49,0,2,19,0,3,0,0,0
0/0,0,0,0,19,92,1,1,2,1,2,0,0,0
0/0,0,0,0,0,0,0,4,53,1,5,0,0,0
0/0,0,0,0,14,66,0,4,23,0,5,0,0,0
0/0,0,0,0,0,0,0,1,25,0,1,0,0,0
0/0,0,0,0,0,0,0,3,24,0,5,0,0,0
0/0,0,0,0,0,0,0,7,81,1,8,0,0,0
TOTAL,,,,,,,,,,,,,
FPTS,,,,,,,,,,,,,
14.38,,,,,,,,,,,,,
30.3,,,,,,,,,,,,,
6.1,,,,,,,,,,,,,
11.1,,,,,,,,,,,,,
13.74,,,,,,,,,,,,,
14.5,,,,,,,,,,,,,
13.4,,,,,,,,,,,,,
20.8,,,,,,,,,,,,,
25.4,,,,,,,,,,,,,
13.86,,,,,,,,,,,,,
17.84,,,,,,,,,,,,,
4.2,,,,,,,,,,,,,
1.9,,,,,,,,,,,,,
7.8,,,,,,,,,,,,,
3.7,,,,,,,,,,,,,
18.7,,,,,,,,,,,,,
13.84,,,,,,,,,,,,,
23.9,,,,,,,,,,,,,
19,,,,,,,,,,,,,
17.62,,,,,,,,,,,,,
4.7,,,,,,,,,,,,,
2.9,,,,,,,,,,,,,
3.5,,,,,,,,,,,,,
10.16,,,,,,,,,,,,,
9.3,,,,,,,,,,,,,
12.1,,,,,,,,,,,,,
13.1,,,,,,,,,,,,,
6.1,,,,,,,,,,,,,
34.5,,,,,,,,,,,,,
9.8,,,,,,,,,,,,,
10.1,,,,,,,,,,,,,
21.9,,,,,,,,,,,,,
11.6,,,,,,,,,,,,,
9.4,,,,,,,,,,,,,
2.3,,,,,,,,,,,,,
1.48,,,,,,,,,,,,,
29.6,,,,,,,,,,,,,
25.9,,,,,,,,,,,,,
7.7,,,,,,,,,,,,,
9.6,,,,,,,,,,,,,
4.7,,,,,,,,,,,,,
15.8,,,,,,,,,,,,,
16.7,,,,,,,,,,,,,
8.8,,,,,,,,,,,,,
22.4,,,,,,,,,,,,,
15.3,,,,,,,,,,,,,
12.9,,,,,,,,,,,,,
3.5,,,,,,,,,,,,,
5.4,,,,,,,,,,,,,
21.1,,,,,,,,,,,,,
PLAYERS,STATUS,,NFL WEEK 4,,,,,,,,,,
PLAYER,TYPE,ACTION,OPP,STATUS,PROJ,,,,,,,,
Chris GodwinChris Godwin,POOP,,KC,L 31-41,11.5,,,,,,,,
Chris Godwin,,,,,,,,,,,,,
TBWR,,,,,,,,,,,,,
Chase ClaypoolChase Claypool,FA,,@NYG,L 12-20,11.5,,,,,,,,
Chase Claypool,,,,,,,,,,,,,
ChiWR,,,,,,,,,,,,,
George KittleGeorge Kittle,RD,,LAR,W 24-9,11.5,,,,,,,,
George Kittle,,,,,,,,,,,,,
SFTE,,,,,,,,,,,,,
Tony PollardTony Pollard,ROSE,,Wsh,W 25-10,11.5,,,,,,,,
Tony Pollard,,,,,,,,,,,,,
DalRB,,,,,,,,,,,,,
Michael CarterMichael Carter,KMUR,,@Pit,W 24-20,11.4,,,,,,,,
Michael Carter,,,,,,,,,,,,,
NYJRB,,,,,,,,,,,,,
Kyle PittsKyle Pitts,FA,,Cle,W 23-20,11.4,,,,,,,,
Kyle PittsIR,,,,,,,,,,,,,
AtlTE,,,,,,,,,,,,,
Marquez Valdes-ScantlingMarquez Valdes-Scantling,WA (Wed),,@TB,W 41-31,11.3,,,,,,,,
Marquez Valdes-Scantling,,,,,,,,,,,,,
KCWR,,,,,,,,,,,,,
Elijah MooreElijah Moore,WA (Wed),,@Pit,W 24-20,11.3,,,,,,,,
Elijah Moore,,,,,,,,,,,,,
NYJWR,,,,,,,,,,,,,
Chase EdmondsChase Edmonds,WA (Wed),,@LV,L 23-32,11.2,,,,,,,,
Chase EdmondsIR,,,,,,,,,,,,,
DenRB,,,,,,,,,,,,,
Allen LazardAllen Lazard,KMUR,,NE,W 27-24,11.2,,,,,,,,
Allen Lazard,,,,,,,,,,,,,
GBWR,,,,,,,,,,,,,
Damien HarrisDamien Harris,RD,,@GB,L 24-27,11.2,,,,,,,,
Damien HarrisD,,,,,,,,,,,,,
NERB,,,,,,,,,,,,,
Mark Ingram IIMark Ingram II,FA,,Min,L 25-28,11.1,,,,,,,,
Mark Ingram IIO,,,,,,,,,,,,,
NORB,,,,,,,,,,,,,
Rashaad PennyRashaad Penny,WA (Wed),,@Det,W 48-45,11,,,,,,,,
Rashaad PennyIR,,,,,,,,,,,,,
SeaRB,,,,,,,,,,,,,
Romeo DoubsRomeo Doubs,FA,,NE,W 27-24,11,,,,,,,,
Romeo DoubsO,,,,,,,,,,,,,
GBWR,,,,,,,,,,,,,
Tyler HigbeeTyler Higbee,WA (Wed),,@SF,L 9-24,10.9,,,,,,,,
Tyler Higbee,,,,,,,,,,,,,
LARTE,,,,,,,,,,,,,
Marvin Jones Jr.Marvin Jones Jr.,WA (Wed),,@Phi,L 21-29,10.9,,,,,,,,
Marvin Jones Jr.,,,,,,,,,,,,,
JaxWR,,,,,,,,,,,,,
Mack HollinsMack Hollins,SHAH,,Den,W 32-23,10.8,,,,,,,,
Mack Hollins,,,,,,,,,,,,,
LVWR,,,,,,,,,,,,,
T.J. HockensonT.J. Hockenson,CHOE,,@NO,W 28-25,10.8,,,,,,,,
T.J. Hockenson,,,,,,,,,,,,,
MinTE,,,,,,,,,,,,,
Jarvis LandryJarvis Landry,FA,,Min,L 25-28,10.8,,,,,,,,
Jarvis Landry,,,,,,,,,,,,,
NOWR,,,,,,,,,,,,,
Allen Robinson IIAllen Robinson II,WA (Wed),,@SF,L 9-24,10.8,,,,,,,,
Allen Robinson IIIR,,,,,,,,,,,,,
LARWR,,,,,,,,,,,,,
Richie JamesRichie James,WA (Wed),,Chi,W 20-12,10.6,,,,,,,,
Richie James,,,,,,,,,,,,,
NYGWR,,,,,,,,,,,,,
Greg DortchGreg Dortch,FA,,@Car,W 26-16,10.6,,,,,,,,
Greg Dortch,,,,,,,,,,,,,
AriWR,,,,,,,,,,,,,
J.K. DobbinsJ.K. Dobbins,W,,Buf,L 20-23,10.5,,,,,,,,
J.K. Dobbins,,,,,,,,,,,,,
BalRB,,,,,,,,,,,,,
Zach ErtzZach Ertz,CHOE,,@Car,W 26-16,10.4,,,,,,,,
Zach ErtzIR,,,,,,,,,,,,,
AriTE,,,,,,,,,,,,,
Melvin Gordon IIIMelvin Gordon III,FA,,--,,--,,,,,,,,
Melvin Gordon III,,,,,,,,,,,,,
FARB,,,,,,,,,,,,,
DeVante ParkerDeVante Parker,FA,,@GB,L 24-27,10.4,,,,,,,,
DeVante Parker,,,,,,,,,,,,,
NEWR,,,,,,,,,,,,,
Robert WoodsRobert Woods,WA (Wed),,@Ind,W 24-17,10.3,,,,,,,,
Robert Woods,,,,,,,,,,,,,
TenWR,,,,,,,,,,,,,
Pat FreiermuthPat Freiermuth,POOP,,NYJ,L 20-24,10.3,,,,,,,,
Pat Freiermuth,,,,,,,,,,,,,
PitTE,,,,,,,,,,,,,
Adam ThielenAdam Thielen,RD,,@NO,W 28-25,10.3,,,,,,,,
Adam Thielen,,,,,,,,,,,,,
MinWR,,,,,,,,,,,,,
Robbie AndersonRobbie Anderson,FA,,@Car,W 26-16,10.2,,,,,,,,
Robbie Anderson,,,,,,,,,,,,,
AriWR,,,,,,,,,,,,,
Nelson AgholorNelson Agholor,FA,,@GB,L 24-27,10.1,,,,,,,,
Nelson Agholor,,,,,,,,,,,,,
NEWR,,,,,,,,,,,,,
Julio JonesJulio Jones,WA (Wed),,KC,L 31-41,10,,,,,,,,
Julio Jones,,,,,,,,,,,,,
TBWR,,,,,,,,,,,,,
Treylon BurksTreylon Burks,KMUR,,@Ind,W 24-17,10,,,,,,,,
Treylon BurksO,,,,,,,,,,,,,
TenWR,,,,,,,,,,,,,
David NjokuDavid Njoku,POOP,,@Atl,L 20-23,9.9,,,,,,,,
David Njoku,,,,,,,,,,,,,
CleTE,,,,,,,,,,,,,
Travis Etienne Jr.Travis Etienne Jr.,ROSE,,@Phi,L 21-29,9.7,,,,,,,,
Travis Etienne Jr.,,,,,,,,,,,,,
JaxRB,,,,,,,,,,,,,
Kalif RaymondKalif Raymond,WA (Wed),,Sea,L 45-48,9.7,,,,,,,,
Kalif Raymond,,,,,,,,,,,,,
DetWR,,,,,,,,,,,,,
Isaiah McKenzieIsaiah McKenzie,WA (Wed),,@Bal,W 23-20,9.6,,,,,,,,
Isaiah McKenzie,,,,,,,,,,,,,
BufWR,,,,,,,,,,,,,
Dallas GoedertDallas Goedert,ZHOU,,Jax,W 29-21,9.6,,,,,,,,
Dallas GoedertIR,,,,,,,,,,,,,
PhiTE,,,,,,,,,,,,,
Nyheim HinesNyheim Hines,WA (Wed),,@Bal,W 23-20,9.5,,,,,,,,
Nyheim Hines,,,,,,,,,,,,,
BufRB,,,,,,,,,,,,,
Raheem MostertRaheem Mostert,JACK,,@Cin,L 15-27,9.4,,,,,,,,
Raheem Mostert,,,,,,,,,,,,,
MiaRB,,,,,,,,,,,,,
Jahan DotsonJahan Dotson,FA,,@Dal,L 10-25,9.4,,,,,,,,
Jahan Dotson,,,,,,,,,,,,,
WshWR,,,,,,,,,,,,,
Quintez CephusQuintez Cephus,WA (Wed),,Sea,L 45-48,9.4,,,,,,,,
Quintez CephusIR,,,,,,,,,,,,,
DetWR,,,,,,,,,,,,,
J.D. McKissicJ.D. McKissic,FA,,@Dal,L 10-25,9.2,,,,,,,,
J.D. McKissicIR,,,,,,,,,,,,,
WshRB,,,,,,,,,,,,,
Cam AkersCam Akers,ZHOU,,@SF,L 9-24,9.1,,,,,,,,
Cam Akers,,,,,,,,,,,,,
LARRB,,,,,,,,,,,,,
George PickensGeorge Pickens,KMUR,,NYJ,L 20-24,9.1,,,,,,,,
George Pickens,,,,,,,,,,,,,
PitWR,,,,,,,,,,,,,
Rex BurkheadRex Burkhead,WA (Wed),,LAC,L 24-34,9,,,,,,,,
Rex Burkhead,,,,,,,,,,,,,
HouRB,,,,,,,,,,,,,
Dalton SchultzDalton Schultz,ROSE,,Wsh,W 25-10,8.9,,,,,,,,
Dalton Schultz,,,,,,,,,,,,,
DalTE,,,,,,,,,,,,,
Craig ReynoldsCraig Reynolds,WA (Wed),,Sea,L 45-48,8.9,,,,,,,,
Craig ReynoldsIR,,,,,,,,,,,,,
DetRB,,,,,,,,,,,,,
Tyler ConklinTyler Conklin,W,,@Pit,W 24-20,8.7,,,,,,,,
Tyler Conklin,,,,,,,,,,,,,
NYJTE,,,,,,,,,,,,,
Gerald EverettGerald Everett,SHAH,,@Hou,W 34-24,8.7,,,,,,,,
Gerald Everett,,,,,,,,,,,,,
LACTE,,,,,,,,,,,,,
PASSING,,,,RUSHING,,,RECEIVING,,,,MISC,,
C/A,YDS,TD,INT,CAR,YDS,TD,REC,YDS,TD,TAR,2PC,FUML,TD
0/0,0,0,0,0,0,0,7,59,0,10,0,0,0
0/0,0,0,0,0,0,0,0,0,0,2,0,0,0
0/0,0,0,0,0,0,0,2,24,0,4,0,0,0
0/0,0,0,0,8,6,0,1,2,0,3,0,0,0
0/0,0,0,0,9,15,0,2,14,0,3,0,0,0
0/0,0,0,0,0,0,0,1,25,0,4,0,0,0
0/0,0,0,0,0,0,0,3,63,0,5,0,0,0
0/0,0,0,0,1,2,0,3,53,0,4,0,0,0
0/0,0,0,0,5,6,0,2,14,1,3,0,0,0
0/0,0,0,0,0,0,0,6,116,0,8,0,0,0
0/0,0,0,0,18,86,1,1,-2,0,1,0,0,0
0/0,0,0,0,10,30,0,3,13,0,3,0,0,0
0/0,0,0,0,17,151,2,1,6,0,1,0,0,0
0/0,0,0,0,0,0,0,5,47,1,8,0,1,0
0/0,0,0,0,0,0,0,10,73,0,14,0,0,0
0/0,0,0,0,0,0,0,0,0,0,1,0,0,0
0/0,0,0,0,0,0,0,3,33,0,5,0,0,0
0/0,0,0,0,0,0,0,8,179,2,12,0,0,0
0/0,0,0,0,0,0,0,2,7,0,2,0,0,0
0/0,0,0,0,0,0,0,2,7,0,6,0,0,0
0/0,0,0,0,0,0,0,1,9,0,3,0,1,0
0/0,0,0,0,0,0,0,1,6,0,1,0,0,0
0/0,0,0,0,13,41,1,4,22,1,4,0,0,0
0/0,0,0,0,0,0,0,6,47,1,6,0,0,0
0/0,0,0,0,3,8,0,0,0,0,1,0,1,0
0/0,0,0,0,0,0,0,2,24,1,2,0,0,0
0/0,0,0,0,0,0,0,4,30,1,4,0,0,0
0/0,0,0,0,0,0,0,7,85,0,9,0,0,0
0/0,0,0,0,0,0,0,8,72,0,9,0,0,0
0/0,0,0,0,0,0,0,3,26,0,5,0,0,0
0/0,0,0,0,0,0,0,3,46,0,4,0,0,0
0/0,0,0,0,0,0,0,1,7,0,2,0,0,0
0/0,0,0,0,1,4,0,2,14,0,3,0,0,0
0/0,0,0,0,1,-6,0,5,73,0,7,0,1,0
0/0,0,0,0,8,32,0,0,0,0,1,0,0,0
0/0,0,0,0,1,3,0,3,38,0,5,0,1,0
0/0,0,0,0,0,0,0,4,21,1,6,0,0,0
0/0,0,0,0,0,0,0,5,72,0,6,0,0,0
0/0,0,0,0,1,0,0,2,3,0,2,0,0,0
0/0,0,0,0,15,69,0,2,12,0,3,0,0,0
0/0,0,0,0,0,0,0,3,43,1,4,0,0,0
0/0,0,0,0,0,0,0,2,15,0,3,0,0,0
0/0,0,0,0,8,40,0,3,16,0,4,0,0,0
0/0,0,0,0,8,13,0,0,0,0,1,0,0,0
0/0,0,0,0,0,0,0,6,102,0,8,0,0,0
0/0,0,0,0,0,0,0,5,39,1,5,0,0,0
0/0,0,0,0,0,0,0,0,0,0,3,0,0,0
0/0,0,0,0,2,30,0,1,12,0,1,0,0,0
0/0,0,0,0,0,0,0,3,52,0,5,0,0,0
0/0,0,0,0,0,0,0,5,61,1,6,0,0,0
TOTAL,,,,,,,,,,,,,
FPTS,,,,,,,,,,,,,
12.9,,,,,,,,,,,,,
0,,,,,,,,,,,,,
4.4,,,,,,,,,,,,,
1.8,,,,,,,,,,,,,
4.9,,,,,,,,,,,,,
3.5,,,,,,,,,,,,,
9.3,,,,,,,,,,,,,
8.5,,,,,,,,,,,,,
10,,,,,,,,,,,,,
17.6,,,,,,,,,,,,,
15.4,,,,,,,,,,,,,
7.3,,,,,,,,,,,,,
28.7,,,,,,,,,,,,,
13.7,,,,,,,,,,,,,
17.3,,,,,,,,,,,,,
0,,,,,,,,,,,,,
6.3,,,,,,,,,,,,,
39.9,,,,,,,,,,,,,
4.7,,,,,,,,,,,,,
2.7,,,,,,,,,,,,,
-0.1,,,,,,,,,,,,,
1.6,,,,,,,,,,,,,
22.3,,,,,,,,,,,,,
16.7,,,,,,,,,,,,,
--,,,,,,,,,,,,,
10.4,,,,,,,,,,,,,
13,,,,,,,,,,,,,
15.5,,,,,,,,,,,,,
15.2,,,,,,,,,,,,,
5.6,,,,,,,,,,,,,
7.6,,,,,,,,,,,,,
1.7,,,,,,,,,,,,,
3.8,,,,,,,,,,,,,
9.7,,,,,,,,,,,,,
3.2,,,,,,,,,,,,,
5.1,,,,,,,,,,,,,
12.1,,,,,,,,,,,,,
12.2,,,,,,,,,,,,,
2.3,,,,,,,,,,,,,
10.1,,,,,,,,,,,,,
13.3,,,,,,,,,,,,,
3.5,,,,,,,,,,,,,
8.6,,,,,,,,,,,,,
1.3,,,,,,,,,,,,,
16.2,,,,,,,,,,,,,
14.9,,,,,,,,,,,,,
0,,,,,,,,,,,,,
5.2,,,,,,,,,,,,,
8.2,,,,,,,,,,,,,
17.1,,,,,,,,,,,,,
PLAYERS,STATUS,,NFL WEEK 4,,,,,,,,,,
PLAYER,TYPE,ACTION,OPP,STATUS,PROJ,,,,,,,,
Nico CollinsNico Collins,WA (Wed),,LAC,L 24-34,8.6,,,,,,,,
Nico CollinsO,,,,,,,,,,,,,
HouWR,,,,,,,,,,,,,
Dawson KnoxDawson Knox,WA (Wed),,@Bal,W 23-20,8.5,,,,,,,,
Dawson Knox,,,,,,,,,,,,,
BufTE,,,,,,,,,,,,,
Mecole HardmanMecole Hardman,WA (Wed),,@TB,W 41-31,8.4,,,,,,,,
Mecole HardmanIR,,,,,,,,,,,,,
KCWR,,,,,,,,,,,,,
Robert TonyanRobert Tonyan,FA,,NE,W 27-24,8.3,,,,,,,,
Robert Tonyan,,,,,,,,,,,,,
GBTE,,,,,,,,,,,,,
Darnell MooneyDarnell Mooney,FA,,@NYG,L 12-20,8.3,,,,,,,,
Darnell MooneyIR,,,,,,,,,,,,,
ChiWR,,,,,,,,,,,,,
Hayden HurstHayden Hurst,SHAH,,Mia,W 27-15,8.2,,,,,,,,
Hayden HurstO,,,,,,,,,,,,,
CinTE,,,,,,,,,,,,,
Irv Smith Jr.Irv Smith Jr.,WA (Wed),,@NO,W 28-25,8.2,,,,,,,,
Irv Smith Jr.IR,,,,,,,,,,,,,
MinTE,,,,,,,,,,,,,
Ben SkowronekBen Skowronek,WA (Wed),,@SF,L 9-24,8.2,,,,,,,,
Ben Skowronek,,,,,,,,,,,,,
LARWR,,,,,,,,,,,,,
Eno BenjaminEno Benjamin,WA (Wed),,LAC,L 24-34,8.2,,,,,,,,
Eno Benjamin,,,,,,,,,,,,,
HouRB,,,,,,,,,,,,,
DeAndre CarterDeAndre Carter,FA,,@Hou,W 34-24,8.1,,,,,,,,
DeAndre Carter,,,,,,,,,,,,,
LACWR,,,,,,,,,,,,,
Evan EngramEvan Engram,ZHOU,,@Phi,L 21-29,8.1,,,,,,,,
Evan Engram,,,,,,,,,,,,,
JaxTE,,,,,,,,,,,,,
Darrell Henderson Jr.Darrell Henderson Jr.,FA,,--,,--,,,,,,,,
Darrell Henderson Jr.,,,,,,,,,,,,,
FARB,,,,,,,,,,,,,
Kendrick BourneKendrick Bourne,FA,,@GB,L 24-27,8,,,,,,,,
Kendrick Bourne,,,,,,,,,,,,,
NEWR,,,,,,,,,,,,,
Russell GageRussell Gage,WA (Wed),,KC,L 31-41,7.7,,,,,,,,
Russell Gage,,,,,,,,,,,,,
TBWR,,,,,,,,,,,,,
Keelan ColeKeelan Cole,WA (Wed),,Den,W 32-23,7.6,,,,,,,,
Keelan Cole,,,,,,,,,,,,,
LVWR,,,,,,,,,,,,,
Noah BrownNoah Brown,WA (Wed),,Wsh,W 25-10,7.6,,,,,,,,
Noah Brown,,,,,,,,,,,,,
DalWR,,,,,,,,,,,,,
Kenny GolladayKenny Golladay,WA (Wed),,Chi,W 20-12,7.6,,,,,,,,
Kenny Golladay,,,,,,,,,,,,,
NYGWR,,,,,,,,,,,,,
Tyler BoydTyler Boyd,CHOE,,Mia,W 27-15,7.5,,,,,,,,
Tyler BoydQ,,,,,,,,,,,,,
CinWR,,,,,,,,,,,,,
Michael GallupMichael Gallup,WA (Wed),,Wsh,W 25-10,7.5,,,,,,,,
Michael Gallup,,,,,,,,,,,,,
DalWR,,,,,,,,,,,,,
Donovan Peoples-JonesDonovan Peoples-Jones,KMUR,,@Atl,L 20-23,7.5,,,,,,,,
Donovan Peoples-Jones,,,,,,,,,,,,,
CleWR,,,,,,,,,,,,,
Logan ThomasLogan Thomas,FA,,@Dal,L 10-25,7.4,,,,,,,,
Logan Thomas,,,,,,,,,,,,,
WshTE,,,,,,,,,,,,,
Trestan EbnerTrestan Ebner,FA,,@NYG,L 12-20,7.4,,,,,,,,
Trestan Ebner,,,,,,,,,,,,,
ChiRB,,,,,,,,,,,,,
Jerick McKinnonJerick McKinnon,WA (Wed),,@TB,W 41-31,7.3,,,,,,,,
Jerick McKinnon,,,,,,,,,,,,,
KCRB,,,,,,,,,,,,,
Alec PierceAlec Pierce,FA,,Ten,L 17-24,7.2,,,,,,,,
Alec Pierce,,,,,,,,,,,,,
IndWR,,,,,,,,,,,,,
Rondale MooreRondale Moore,ROSE,,@Car,W 26-16,7,,,,,,,,
Rondale MooreO,,,,,,,,,,,,,
AriWR,,,,,,,,,,,,,
Chris MooreChris Moore,WA (Wed),,LAC,L 24-34,7,,,,,,,,
Chris Moore,,,,,,,,,,,,,
HouWR,,,,,,,,,,,,,
Nick Westbrook-IkhineNick Westbrook-Ikhine,WA (Wed),,@Ind,W 24-17,7,,,,,,,,
Nick Westbrook-Ikhine,,,,,,,,,,,,,
TenWR,,,,,,,,,,,,,
Jonnu SmithJonnu Smith,FA,,@GB,L 24-27,6.8,,,,,,,,
Jonnu Smith,,,,,,,,,,,,,
NETE,,,,,,,,,,,,,
Devin DuvernayDevin Duvernay,WA (Wed),,Buf,L 20-23,6.8,,,,,,,,
Devin Duvernay,,,,,,,,,,,,,
BalWR,,,,,,,,,,,,,
K.J. OsbornK.J. Osborn,WA (Wed),,@NO,W 28-25,6.7,,,,,,,,
K.J. Osborn,,,,,,,,,,,,,
MinWR,,,,,,,,,,,,,
Jordan AkinsJordan Akins,WA (Wed),,LAC,L 24-34,6.7,,,,,,,,
Jordan Akins,,,,,,,,,,,,,
HouTE,,,,,,,,,,,,,
Kenneth GainwellKenneth Gainwell,WA (Wed),,Jax,W 29-21,6.7,,,,,,,,
Kenneth Gainwell,,,,,,,,,,,,,
PhiRB,,,,,,,,,,,,,
Juwan JohnsonJuwan Johnson,FA,,Min,L 25-28,6.7,,,,,,,,
Juwan JohnsonO,,,,,,,,,,,,,
NOTE,,,,,,,,,,,,,
Noah FantNoah Fant,JACK,,@Det,W 48-45,6.6,,,,,,,,
Noah Fant,,,,,,,,,,,,,
SeaTE,,,,,,,,,,,,,
Jamal AgnewJamal Agnew,WA (Wed),,@Phi,L 21-29,6.6,,,,,,,,
Jamal Agnew,,,,,,,,,,,,,
JaxWR,,,,,,,,,,,,,
Kenneth Walker IIIKenneth Walker III,KMUR,,@Det,W 48-45,6.6,,,,,,,,
Kenneth Walker IIIO,,,,,,,,,,,,,
SeaRB,,,,,,,,,,,,,
David Sills VDavid Sills V,WA (Wed),,Chi,W 20-12,6.5,,,,,,,,
David Sills VO,,,,,,,,,,,,,
NYGWR,,,,,,,,,,,,,
Corey DavisCorey Davis,WA (Wed),,@Pit,W 24-20,6.5,,,,,,,,
Corey DavisQ,,,,,,,,,,,,,
NYJWR,,,,,,,,,,,,,
Darius SlaytonDarius Slayton,KMUR,,Chi,W 20-12,6.3,,,,,,,,
Darius Slayton,,,,,,,,,,,,,
NYGWR,,,,,,,,,,,,,
Isaiah LikelyIsaiah Likely,WA (Wed),,Buf,L 20-23,6.3,,,,,,,,
Isaiah Likely,,,,,,,,,,,,,
BalTE,,,,,,,,,,,,,
Albert OkwuegbunamAlbert Okwuegbunam,WA (Wed),,@LV,L 23-32,6.2,,,,,,,,
Albert Okwuegbunam,,,,,,,,,,,,,
DenTE,,,,,,,,,,,,,
Shi SmithShi Smith,WA (Wed),,Ari,L 16-26,6.1,,,,,,,,
Shi Smith,,,,,,,,,,,,,
CarWR,,,,,,,,,,,,,
Equanimeous St. BrownEquanimeous St. Brown,FA,,@NYG,L 12-20,6,,,,,,,,
Equanimeous St. Brown,,,,,,,,,,,,,
ChiWR,,,,,,,,,,,,,
Ian ThomasIan Thomas,WA (Wed),,Ari,L 16-26,5.9,,,,,,,,
Ian Thomas,,,,,,,,,,,,,
CarTE,,,,,,,,,,,,,
Tyler AllgeierTyler Allgeier,FA,,Cle,W 23-20,5.9,,,,,,,,
Tyler Allgeier,,,,,,,,,,,,,
AtlRB,,,,,,,,,,,,,
Brandon BoldenBrandon Bolden,WA (Wed),,Den,W 32-23,5.9,,,,,,,,
Brandon Bolden,,,,,,,,,,,,,
LVRB,,,,,,,,,,,,,
Tom KennedyTom Kennedy,WA (Wed),,Sea,L 45-48,5.9,,,,,,,,
Tom KennedyO,,,,,,,,,,,,,
DetWR,,,,,,,,,,,,,
Cameron BrateCameron Brate,WA (Wed),,KC,L 31-41,5.8,,,,,,,,
Cameron Brate,,,,,,,,,,,,,
TBTE,,,,,,,,,,,,,
Austin HooperAustin Hooper,WA (Wed),,@Ind,W 24-17,5.7,,,,,,,,
Austin Hooper,,,,,,,,,,,,,
TenTE,,,,,,,,,,,,,
Kyle PhilipsKyle Philips,WA (Wed),,@Ind,W 24-17,5.7,,,,,,,,
Kyle PhilipsIR,,,,,,,,,,,,,
TenWR,,,,,,,,,,,,,
PASSING,,,,RUSHING,,,RECEIVING,,,,MISC,,
C/A,YDS,TD,INT,CAR,YDS,TD,REC,YDS,TD,TAR,2PC,FUML,TD
0/0,0,0,0,0,0,0,3,82,0,5,0,0,0
0/0,0,0,0,0,0,0,3,40,0,6,0,0,0
0/0,0,0,0,0,0,0,1,4,0,1,0,0,0
0/0,0,0,0,0,0,0,2,22,1,2,0,0,0
0/0,0,0,0,0,0,0,4,94,0,5,0,0,0
0/0,0,0,0,0,0,0,3,27,1,4,0,0,0
0/0,0,0,0,0,0,0,3,23,0,4,0,0,0
0/0,0,0,0,0,0,0,2,33,0,3,0,0,0
0/0,0,0,0,5,36,0,1,9,0,1,0,0,0
0/0,0,0,0,0,0,0,2,16,0,3,0,1,0
0/0,0,0,0,0,0,0,1,16,0,1,0,0,0
0/0,0,0,0,7,27,0,3,12,0,4,0,0,0
0/0,0,0,0,1,15,0,2,23,0,3,0,0,0
0/0,0,0,0,0,0,0,2,24,0,4,0,0,0
0/0,0,0,0,0,0,0,0,0,0,0,0,0,0
0/0,0,0,0,0,0,0,3,61,0,6,0,0,0
0/0,0,0,0,0,0,0,0,0,0,1,0,0,0
1-Jan,23,0,0,0,0,0,2,47,0,5,0,0,0
0/0,0,0,0,0,0,0,2,24,1,3,0,0,0
0/0,0,0,0,0,0,0,5,71,0,9,0,0,0
0/0,0,0,0,0,0,0,5,19,0,6,0,0,0
0/0,0,0,0,6,20,0,2,8,0,3,0,1,0
0/0,0,0,0,2,-1,0,1,1,0,1,0,0,0
0/0,0,0,0,0,0,0,4,80,0,6,0,0,0
0/0,0,0,0,1,-4,0,3,11,0,5,0,0,0
0/0,0,0,0,0,0,0,0,0,0,2,0,0,0
0/0,0,0,0,0,0,0,0,0,0,0,0,0,0
0/0,0,0,0,0,0,0,0,0,0,0,0,0,0
0/0,0,0,0,0,0,0,4,51,0,5,0,0,0
0/0,0,0,0,1,-1,0,1,6,0,2,0,0,0
0/0,0,0,0,0,0,0,2,33,0,2,0,0,0
0/0,0,0,0,5,19,1,1,-2,0,2,0,0,0
0/0,0,0,0,0,0,0,3,33,0,4,0,0,0
0/0,0,0,0,0,0,0,1,2,1,1,0,0,0
0/0,0,0,0,0,0,0,4,50,2,6,0,0,0
0/0,0,0,0,8,29,0,1,-5,0,1,0,0,0
0/0,0,0,0,0,0,0,1,5,0,2,0,0,0
0/0,0,0,0,0,0,0,5,74,1,6,0,0,0
0/0,0,0,0,0,0,0,1,11,0,2,0,0,0
0/0,0,0,0,0,0,0,0,0,0,0,0,0,0
0/0,0,0,0,0,0,0,0,0,0,0,0,0,0
0/0,0,0,0,0,0,0,0,0,0,2,0,0,0
0/0,0,0,0,0,0,0,0,9,0,2,0,0,0
0/0,0,0,0,0,0,0,1,6,0,3,0,0,0
0/0,0,0,0,10,84,0,1,20,0,1,0,0,0
0/0,0,0,0,0,0,0,1,-1,0,1,0,0,0
0/0,0,0,0,0,0,0,3,54,0,5,0,0,0
0/0,0,0,0,0,0,0,4,32,0,8,0,0,0
0/0,0,0,0,0,0,0,1,4,0,1,0,0,0
0/0,0,0,0,0,0,0,0,0,0,1,0,0,0
TOTAL,,,,,,,,,,,,,
FPTS,,,,,,,,,,,,,
11.2,,,,,,,,,,,,,
7,,,,,,,,,,,,,
1.4,,,,,,,,,,,,,
10.2,,,,,,,,,,,,,
13.4,,,,,,,,,,,,,
11.7,,,,,,,,,,,,,
5.3,,,,,,,,,,,,,
5.3,,,,,,,,,,,,,
5.5,,,,,,,,,,,,,
1.6,,,,,,,,,,,,,
2.6,,,,,,,,,,,,,
--,,,,,,,,,,,,,
5.8,,,,,,,,,,,,,
4.4,,,,,,,,,,,,,
0,,,,,,,,,,,,,
9.1,,,,,,,,,,,,,
0,,,,,,,,,,,,,
7.62,,,,,,,,,,,,,
10.4,,,,,,,,,,,,,
12.1,,,,,,,,,,,,,
6.9,,,,,,,,,,,,,
2.8,,,,,,,,,,,,,
1,,,,,,,,,,,,,
12,,,,,,,,,,,,,
3.7,,,,,,,,,,,,,
0,,,,,,,,,,,,,
0,,,,,,,,,,,,,
0,,,,,,,,,,,,,
9.1,,,,,,,,,,,,,
1.5,,,,,,,,,,,,,
5.3,,,,,,,,,,,,,
8.7,,,,,,,,,,,,,
6.3,,,,,,,,,,,,,
7.2,,,,,,,,,,,,,
21,,,,,,,,,,,,,
3.4,,,,,,,,,,,,,
1.5,,,,,,,,,,,,,
18.4,,,,,,,,,,,,,
2.1,,,,,,,,,,,,,
0,,,,,,,,,,,,,
0,,,,,,,,,,,,,
0,,,,,,,,,,,,,
0.9,,,,,,,,,,,,,
1.6,,,,,,,,,,,,,
11.4,,,,,,,,,,,,,
0.9,,,,,,,,,,,,,
8.4,,,,,,,,,,,,,
7.2,,,,,,,,,,,,,
1.4,,,,,,,,,,,,,
0,,,,,,,,,,,,,
PLAYERS,STATUS,,NFL WEEK 4,,,,,,,,,,
PLAYER,TYPE,ACTION,OPP,STATUS,PROJ,,,,,,,,
Will DisslyWill Dissly,WA (Wed),,@Det,W 48-45,5.7,,,,,,,,
Will Dissly,,,,,,,,,,,,,
SeaTE,,,,,,,,,,,,,
Christian WatsonChristian Watson,SHAH,,NE,W 27-24,5.7,,,,,,,,
Christian Watson,,,,,,,,,,,,,
GBWR,,,,,,,,,,,,,
Tre'Quan SmithTre'Quan Smith,FA,,Min,L 25-28,5.7,,,,,,,,
Tre'Quan Smith,,,,,,,,,,,,,
NOWR,,,,,,,,,,,,,
Cole KmetCole Kmet,ZHOU,,@NYG,L 12-20,5.6,,,,,,,,
Cole Kmet,,,,,,,,,,,,,
ChiTE,,,,,,,,,,,,,
Marquise GoodwinMarquise Goodwin,WA (Wed),,@Det,W 48-45,5.5,,,,,,,,
Marquise Goodwin,,,,,,,,,,,,,
SeaWR,,,,,,,,,,,,,
Latavius MurrayLatavius Murray,RD,,@LV,L 23-32,5.5,,,,,,,,
Latavius Murray,,,,,,,,,,,,,
DenRB,,,,,,,,,,,,,
Randall CobbRandall Cobb,FA,,NE,W 27-24,5.5,,,,,,,,
Randall Cobb,,,,,,,,,,,,,
GBWR,,,,,,,,,,,,,
Mo Alie-CoxMo Alie-Cox,FA,,Ten,L 17-24,5.2,,,,,,,,
Mo Alie-Cox,,,,,,,,,,,,,
IndTE,,,,,,,,,,,,,
Zack MossZack Moss,FA,,Ten,L 17-24,5.2,,,,,,,,
Zack Moss,,,,,,,,,,,,,
IndRB,,,,,,,,,,,,,
Harrison BryantHarrison Bryant,WA (Wed),,@Atl,L 20-23,5.2,,,,,,,,
Harrison Bryant,,,,,,,,,,,,,
CleTE,,,,,,,,,,,,,
Alexander MattisonAlexander Mattison,RD,,@NO,W 28-25,5.2,,,,,,,,
Alexander Mattison,,,,,,,,,,,,,
MinRB,,,,,,,,,,,,,
Demarcus RobinsonDemarcus Robinson,WA (Wed),,Buf,L 20-23,4.9,,,,,,,,
Demarcus Robinson,,,,,,,,,,,,,
BalWR,,,,,,,,,,,,,
Samaje PerineSamaje Perine,SHAH,,Mia,W 27-15,4.8,,,,,,,,
Samaje Perine,,,,,,,,,,,,,
CinRB,,,,,,,,,,,,,
Olamide ZaccheausOlamide Zaccheaus,FA,,Cle,W 23-20,4.8,,,,,,,,
Olamide Zaccheaus,,,,,,,,,,,,,
AtlWR,,,,,,,,,,,,,
Geoff SwaimGeoff Swaim,WA (Wed),,@Ind,W 24-17,4.8,,,,,,,,
Geoff Swaim,,,,,,,,,,,,,
TenTE,,,,,,,,,,,,,
KJ HamlerKJ Hamler,WA (Wed),,@LV,L 23-32,4.8,,,,,,,,
KJ HamlerIR,,,,,,,,,,,,,
DenWR,,,,,,,,,,,,,
Jauan JenningsJauan Jennings,WA (Wed),,LAR,W 24-9,4.7,,,,,,,,
Jauan Jennings,,,,,,,,,,,,,
SFWR,,,,,,,,,,,,,
O.J. HowardO.J. Howard,WA (Wed),,LAC,L 24-34,4.7,,,,,,,,
O.J. Howard,,,,,,,,,,,,,
HouTE,,,,,,,,,,,,,
Taysom HillTaysom Hill,CHOE,,Min,L 25-28,4.7,,,,,,,,
Taysom Hill,,,,,,,,,,,,,
NOTE,,,,,,,,,,,,,
Marquez CallawayMarquez Callaway,FA,,Min,L 25-28,4.6,,,,,,,,
Marquez Callaway,,,,,,,,,,,,,
NOWR,,,,,,,,,,,,,
Daniel BellingerDaniel Bellinger,KNU,,Chi,W 20-12,4.6,,,,,,,,
Daniel BellingerQ,,,,,,,,,,,,,
NYGTE,,,,,,,,,,,,,
Sony MichelSony Michel,FA,,@Hou,W 34-24,4.5,,,,,,,,
Sony Michel,,,,,,,,,,,,,
LACRB,,,,,,,,,,,,,
Tim JonesTim Jones,WA (Wed),,@Phi,L 21-29,4.5,,,,,,,,
Tim Jones,,,,,,,,,,,,,
JaxWR,,,,,,,,,,,,,
Justice HillJustice Hill,WA (Wed),,Buf,L 20-23,4.5,,,,,,,,
Justice Hill,,,,,,,,,,,,,
BalRB,,,,,,,,,,,,,
Braxton BerriosBraxton Berrios,WA (Wed),,@Pit,W 24-20,4.3,,,,,,,,
Braxton Berrios,,,,,,,,,,,,,
NYJWR,,,,,,,,,,,,,
Durham SmytheDurham Smythe,FA,,@Cin,L 15-27,4.3,,,,,,,,
Durham SmytheQ,,,,,,,,,,,,,
MiaTE,,,,,,,,,,,,,
Mike GesickiMike Gesicki,FA,,@Cin,L 15-27,4.3,,,,,,,,
Mike Gesicki,,,,,,,,,,,,,
MiaTE,,,,,,,,,,,,,
Marcus JohnsonMarcus Johnson,WA (Wed),,Chi,W 20-12,4.3,,,,,,,,
Marcus Johnson,,,,,,,,,,,,,
NYGWR,,,,,,,,,,,,,
Jaylen WarrenJaylen Warren,WA (Wed),,NYJ,L 20-24,4.3,,,,,,,,
Jaylen Warren,,,,,,,,,,,,,
PitRB,,,,,,,,,,,,,
Hunter HenryHunter Henry,FA,,@GB,L 24-27,4.2,,,,,,,,
Hunter Henry,,,,,,,,,,,,,
NETE,,,,,,,,,,,,,
Laviska Shenault Jr.Laviska Shenault Jr.,WA (Wed),,Ari,L 16-26,4.2,,,,,,,,
Laviska Shenault Jr.,,,,,,,,,,,,,
CarWR,,,,,,,,,,,,,
Rachaad WhiteRachaad White,W,,KC,L 31-41,4.1,,,,,,,,
Rachaad White,,,,,,,,,,,,,
TBRB,,,,,,,,,,,,,
Jamison CrowderJamison Crowder,WA (Wed),,@Bal,W 23-20,4,,,,,,,,
Jamison CrowderIR,,,,,,,,,,,,,
BufWR,,,,,,,,,,,,,
Dontrell HilliardDontrell Hilliard,POOP,,@Ind,W 24-17,4,,,,,,,,
Dontrell HilliardQ,,,,,,,,,,,,,
TenRB,,,,,,,,,,,,,
Joshua KelleyJoshua Kelley,FA,,@Hou,W 34-24,3.9,,,,,,,,
Joshua Kelley,,,,,,,,,,,,,
LACRB,,,,,,,,,,,,,
KhaDarel HodgeKhaDarel Hodge,FA,,Cle,W 23-20,3.9,,,,,,,,
KhaDarel Hodge,,,,,,,,,,,,,
AtlWR,,,,,,,,,,,,,
Ashton DulinAshton Dulin,FA,,Ten,L 17-24,3.9,,,,,,,,
Ashton Dulin,,,,,,,,,,,,,
IndWR,,,,,,,,,,,,,
Noah GrayNoah Gray,WA (Wed),,@TB,W 41-31,3.9,,,,,,,,
Noah Gray,,,,,,,,,,,,,
KCTE,,,,,,,,,,,,,
Brandon PowellBrandon Powell,WA (Wed),,@SF,L 9-24,3.8,,,,,,,,
Brandon Powell,,,,,,,,,,,,,
LARWR,,,,,,,,,,,,,
Deonte HartyDeonte Harty,FA,,Min,L 25-28,3.7,,,,,,,,
Deonte HartyIR,,,,,,,,,,,,,
NOWR,,,,,,,,,,,,,
Trent SherfieldTrent Sherfield,FA,,@Cin,L 15-27,3.6,,,,,,,,
Trent Sherfield,,,,,,,,,,,,,
MiaWR,,,,,,,,,,,,,
DeeJay DallasDeeJay Dallas,WA (Wed),,@Det,W 48-45,3.5,,,,,,,,
DeeJay DallasO,,,,,,,,,,,,,
SeaRB,,,,,,,,,,,,,
Parris CampbellParris Campbell,FA,,Ten,L 17-24,3.5,,,,,,,,
Parris Campbell,,,,,,,,,,,,,
IndWR,,,,,,,,,,,,,
Johnny MundtJohnny Mundt,WA (Wed),,@NO,W 28-25,3.4,,,,,,,,
Johnny Mundt,,,,,,,,,,,,,
MinTE,,,,,,,,,,,,,
Lil'Jordan HumphreyLil'Jordan Humphrey,FA,,--,,--,,,,,,,,
Lil'Jordan Humphrey,,,,,,,,,,,,,
FAWR,,,,,,,,,,,,,
Zach PascalZach Pascal,WA (Wed),,Jax,W 29-21,3.3,,,,,,,,
Zach Pascal,,,,,,,,,,,,,
PhiWR,,,,,,,,,,,,,
Kyle JuszczykKyle Juszczyk,WA (Wed),,LAR,W 24-9,3.3,,,,,,,,
Kyle Juszczyk,,,,,,,,,,,,,
SFRB,,,,,,,,,,,,,
Jesper HorstedJesper Horsted,WA (Wed),,Den,W 32-23,3.3,,,,,,,,
Jesper HorstedO,,,,,,,,,,,,,
LVTE,,,,,,,,,,,,,
James CookJames Cook,JACK,,@Bal,W 23-20,3.3,,,,,,,,
James Cook,,,,,,,,,,,,,
BufRB,,,,,,,,,,,,,
Kylen GransonKylen Granson,FA,,Ten,L 17-24,3.2,,,,,,,,
Kylen Granson,,,,,,,,,,,,,
IndTE,,,,,,,,,,,,,
PASSING,,,,RUSHING,,,RECEIVING,,,,MISC,,
C/A,YDS,TD,INT,CAR,YDS,TD,REC,YDS,TD,TAR,2PC,FUML,TD
0/0,0,0,0,0,0,0,4,39,1,4,0,0,0
0/0,0,0,0,1,15,1,1,8,0,3,0,0,0
0/0,0,0,0,0,0,0,1,18,0,2,0,0,0
0/0,0,0,0,0,0,0,3,16,0,3,0,0,0
0/0,0,0,0,0,0,0,0,0,0,0,0,0,0
0/0,0,0,0,11,57,1,1,8,0,1,0,0,0
0/0,0,0,0,0,0,0,3,42,0,4,0,0,0
0/0,0,0,0,0,0,0,6,85,2,6,0,0,0
0/0,0,0,0,3,6,0,0,0,0,0,0,0,0
0/0,0,0,0,0,0,0,4,18,0,6,0,0,0
0/0,0,0,0,3,3,0,1,15,1,1,0,0,0
0/0,0,0,0,0,0,0,2,10,0,3,0,0,0
0/0,0,0,0,1,0,0,0,0,0,1,0,0,0
0/0,0,0,0,0,0,0,2,55,0,2,0,0,0
0/0,0,0,0,0,0,0,0,0,0,0,0,0,0
0/0,0,0,0,0,0,0,1,55,0,1,0,0,0
0/0,0,0,0,0,0,0,2,22,0,4,0,0,0
0/0,0,0,0,0,0,0,2,27,0,5,0,0,0
0/0,0,0,0,5,21,1,0,0,0,0,0,0,0
0/0,0,0,0,0,0,0,3,53,0,6,0,0,0
0/0,0,0,0,0,0,0,3,23,0,3,0,0,0
0/0,0,0,0,6,11,0,3,16,0,3,0,0,0
0/0,0,0,0,0,0,0,0,0,0,1,0,0,0
0/0,0,0,0,8,45,0,2,12,0,2,0,0,0
1-Jan,2,1,0,0,0,0,1,6,0,1,0,0,0
0/0,0,0,0,0,0,0,0,0,0,0,0,0,0
0/0,0,0,0,0,0,0,2,23,0,4,0,0,0
0/0,0,0,0,0,0,0,0,0,0,0,0,0,0
0/0,0,0,0,3,18,0,1,4,0,1,0,0,0
0/0,0,0,0,0,0,0,2,13,0,4,0,0,0
0/0,0,0,0,1,0,0,0,0,0,0,0,0,0
0/0,0,0,0,3,6,1,5,50,0,5,0,1,0
0/0,0,0,0,0,0,0,1,7,0,4,0,0,0
0/0,0,0,0,0,0,0,4,18,0,4,0,0,0
0/0,0,0,0,4,15,0,0,0,0,2,0,0,0
0/0,0,0,0,0,0,0,0,0,0,1,0,0,0
0/0,0,0,0,0,0,0,2,18,0,3,0,0,0
0/0,0,0,0,1,1,1,0,0,0,1,0,0,0
0/0,0,0,0,1,11,0,0,0,0,0,0,0,0
0/0,0,0,0,0,0,0,0,0,0,0,0,1,0
0/0,0,0,0,0,0,0,4,55,0,6,0,0,0
0/0,0,0,0,0,0,0,0,0,0,0,0,0,0
0/0,0,0,0,0,0,0,4,43,0,4,0,0,0
0/0,0,0,0,0,0,0,0,0,0,1,0,0,0
0/0,0,0,0,0,0,0,1,9,0,1,0,0,0
0/0,0,0,0,0,0,0,0,0,0,1,0,0,0
0/0,0,0,0,1,9,0,1,35,0,1,0,0,0
0/0,0,0,0,0,0,0,0,0,0,0,0,0,0
0/0,0,0,0,0,0,0,0,0,0,1,0,0,0
0/0,0,0,0,0,0,0,4,62,0,4,0,0,0
TOTAL,,,,,,,,,,,,,
FPTS,,,,,,,,,,,,,
13.9,,,,,,,,,,,,,
9.3,,,,,,,,,,,,,
2.8,,,,,,,,,,,,,
4.6,,,,,,,,,,,,,
0,,,,,,,,,,,,,
13.5,,,,,,,,,,,,,
7.2,,,,,,,,,,,,,
26.5,,,,,,,,,,,,,
0.6,,,,,,,,,,,,,
5.8,,,,,,,,,,,,,
8.8,,,,,,,,,,,,,
3,,,,,,,,,,,,,
0,,,,,,,,,,,,,
7.5,,,,,,,,,,,,,
0,,,,,,,,,,,,,
6.5,,,,,,,,,,,,,
4.2,,,,,,,,,,,,,
4.7,,,,,,,,,,,,,
8.1,,,,,,,,,,,,,
8.3,,,,,,,,,,,,,
5.3,,,,,,,,,,,,,
5.7,,,,,,,,,,,,,
0,,,,,,,,,,,,,
7.7,,,,,,,,,,,,,
5.68,,,,,,,,,,,,,
0,,,,,,,,,,,,,
4.3,,,,,,,,,,,,,
0,,,,,,,,,,,,,
3.2,,,,,,,,,,,,,
3.3,,,,,,,,,,,,,
0,,,,,,,,,,,,,
14.6,,,,,,,,,,,,,
1.7,,,,,,,,,,,,,
5.8,,,,,,,,,,,,,
1.5,,,,,,,,,,,,,
0,,,,,,,,,,,,,
3.8,,,,,,,,,,,,,
6.1,,,,,,,,,,,,,
1.1,,,,,,,,,,,,,
-2,,,,,,,,,,,,,
9.5,,,,,,,,,,,,,
0,,,,,,,,,,,,,
8.3,,,,,,,,,,,,,
0,,,,,,,,,,,,,
--,,,,,,,,,,,,,
0,,,,,,,,,,,,,
5.4,,,,,,,,,,,,,
0,,,,,,,,,,,,,
0,,,,,,,,,,,,,
10.2,,,,,,,,,,,,,
