id,name,pos,team,img
aarongordon-PF,Aaron Gordon,PF,DEN,https://a.espncdn.com/combiner/i?img=/i/headshots/nba/players/full/4066261.png&w=96&h=70&cb=1
aaronnesmith-SF,Aaron Nesmith,SF,IND,https://a.espncdn.com/combiner/i?img=/i/headshots/nba/players/full/4396909.png&w=96&h=70&cb=1
alecburks-SG,Alec Burks,SG,DET,https://a.espncdn.com/combiner/i?img=/i/headshots/nba/players/full/6429.png&w=96&h=70&cb=1
aleksejpokusevski-PF,Aleksej Pokusevski,PF,OKC,https://a.espncdn.com/combiner/i?img=/i/headshots/nba/players/full/4683018.png&w=96&h=70&cb=1
alexcaruso-PG,Alex Caruso,PG,CHI,https://a.espncdn.com/combiner/i?img=/i/headshots/nba/players/full/2991350.png&w=96&h=70&cb=1
alhorford-C,Al Horford,C,BOS,https://a.espncdn.com/combiner/i?img=/i/headshots/nba/players/full/3213.png&w=96&h=70&cb=1
alperensengun-C,Alperen Sengun,C,HOU,https://a.espncdn.com/combiner/i?img=/i/headshots/nba/players/full/4871144.png&w=96&h=70&cb=1
amenthompson-SG,Amen Thompson,SG,HOU,https://a.espncdn.com/combiner/i?img=/i/headshots/nba/players/full/4684740.png&w=96&h=70&cb=1
andredrummond-C,Andre Drummond,C,CHI,https://a.espncdn.com/combiner/i?img=/i/headshots/nba/players/full/6585.png&w=96&h=70&cb=1
andrewnembhard-PG,Andrew Nembhard,PG,IND,https://a.espncdn.com/combiner/i?img=/i/headshots/nba/players/full/4395712.png&w=96&h=70&cb=1
andrewwiggins-SF,Andrew Wiggins,SF,GS,https://a.espncdn.com/combiner/i?img=/i/headshots/nba/players/full/3059319.png&w=96&h=70&cb=1
anferneesimons-SG,Anfernee Simons,SG,POR,https://a.espncdn.com/combiner/i?img=/i/headshots/nba/players/full/3907497.png&w=96&h=70&cb=1
anthonyblack-SG,Anthony Black,SG,ORL,https://a.espncdn.com/combiner/i?img=/i/headshots/nba/players/full/4712849.png&w=96&h=70&cb=1
anthonydavis-PF,Anthony Davis,PF,LAL,https://a.espncdn.com/combiner/i?img=/i/headshots/nba/players/full/6583.png&w=96&h=70&cb=1
anthonyedwards-SG,Anthony Edwards,SG,MIN,https://a.espncdn.com/combiner/i?img=/i/headshots/nba/players/full/4594268.png&w=96&h=70&cb=1
ausarthompson-SF,Ausar Thompson,SF,DET,https://a.espncdn.com/combiner/i?img=/i/headshots/nba/players/full/4684742.png&w=96&h=70&cb=1
austinreaves-SG,Austin Reaves,SG,LAL,https://a.espncdn.com/combiner/i?img=/i/headshots/nba/players/full/3202.png&w=96&h=70&cb=1
ayodosunmu-SG,Ayo Dosunmu,SG,CHI,https://a.espncdn.com/combiner/i?img=/i/headshots/nba/players/full/4397002.png&w=96&h=70&cb=1
bamadebayo-C,Bam Adebayo,C,MIA,https://a.espncdn.com/combiner/i?img=/i/headshots/nba/players/full/4066261.png&w=96&h=70&cb=1
bennedictmathurin-SF,Bennedict Mathurin,SF,IND,https://a.espncdn.com/combiner/i?img=/i/headshots/nba/players/full/4683634.png&w=96&h=70&cb=1
bensimmons-PG,Ben Simmons,PG,BKN,https://a.espncdn.com/combiner/i?img=/i/headshots/nba/players/full/3907387.png&w=96&h=70&cb=1
bilalcoulibaly-SF,Bilal Coulibaly,SF,WSH,https://a.espncdn.com/combiner/i?img=/i/headshots/nba/players/full/5104155.png&w=96&h=70&cb=1
bismackbiyombo-C,Bismack Biyombo,C,MEM,https://a.espncdn.com/combiner/i?img=/i/headshots/nba/players/full/6427.png&w=96&h=70&cb=1
bobbyportis-PF,Bobby Portis,PF,MIL,https://a.espncdn.com/combiner/i?img=/i/headshots/nba/players/full/3064482.png&w=96&h=70&cb=1
bogdanbogdanovic-SG,Bogdan Bogdanovic,SG,ATL,https://a.espncdn.com/combiner/i?img=/i/headshots/nba/players/full/3037789.png&w=96&h=70&cb=1
bojanbogdanovic-PF,Bojan Bogdanovic,PF,DET,https://a.espncdn.com/combiner/i?img=/i/headshots/nba/players/full/3593.png&w=96&h=70&cb=1
bolbol-C,Bol Bol,C,PHX,https://a.espncdn.com/combiner/i?img=/i/headshots/nba/players/full/4397102.png&w=96&h=70&cb=1
boneshyland-PG,Bones Hyland,PG,LAC,https://a.espncdn.com/combiner/i?img=/i/headshots/nba/players/full/4592492.png&w=96&h=70&cb=1
bradleybeal-SG,Bradley Beal,SG,PHX,https://a.espncdn.com/combiner/i?img=/i/headshots/nba/players/full/4432573.png&w=96&h=70&cb=1
brandinpodziemski-SG,Brandin Podziemski,SG,GS,https://a.espncdn.com/combiner/i?img=/i/headshots/nba/players/full/4709138.png&w=96&h=70&cb=1
brandonclarke-PF,Brandon Clarke,PF,MEM,https://a.espncdn.com/combiner/i?img=/i/headshots/nba/players/full/3906665.png&w=96&h=70&cb=1
brandoningram-SF,Brandon Ingram,SF,NO,https://a.espncdn.com/combiner/i?img=/i/headshots/nba/players/full/3913176.png&w=96&h=70&cb=1
brandonmiller-SG,Brandon Miller,SG,CHA,https://a.espncdn.com/combiner/i?img=/i/headshots/nba/players/full/4433287.png&w=96&h=70&cb=1
brooklopez-C,Brook Lopez,C,MIL,https://a.espncdn.com/combiner/i?img=/i/headshots/nba/players/full/6606.png&w=96&h=70&cb=1
brucebrown-SG,Bruce Brown,SG,IND,https://a.espncdn.com/combiner/i?img=/i/headshots/nba/players/full/4065670.png&w=96&h=70&cb=1
buddyhield-SG,Buddy Hield,SG,IND,https://a.espncdn.com/combiner/i?img=/i/headshots/nba/players/full/2991230.png&w=96&h=70&cb=1
cadecunningham-PG,Cade Cunningham,PG,DET,https://a.espncdn.com/combiner/i?img=/i/headshots/nba/players/full/4432166.png&w=96&h=70&cb=1
calebmartin-SG,Caleb Martin,SG,MIA,https://a.espncdn.com/combiner/i?img=/i/headshots/nba/players/full/3138160.png&w=96&h=70&cb=1
cameronjohnson-SF,Cameron Johnson,SF,BKN,https://a.espncdn.com/combiner/i?img=/i/headshots/nba/players/full/3138196.png&w=96&h=70&cb=1
cameronpayne-PG,Cameron Payne,PG,MIL,https://a.espncdn.com/combiner/i?img=/i/headshots/nba/players/full/3064230.png&w=96&h=70&cb=1
camreddish-SF,Cam Reddish,SF,LAL,https://a.espncdn.com/combiner/i?img=/i/headshots/nba/players/full/4395627.png&w=96&h=70&cb=1
camthomas-SG,Cam Thomas,SG,BKN,https://a.espncdn.com/combiner/i?img=/i/headshots/nba/players/full/6430.png&w=96&h=70&cb=1
camwhitmore-SF,Cam Whitmore,SF,HOU,https://a.espncdn.com/combiner/i?img=/i/headshots/nba/players/full/5105592.png&w=96&h=70&cb=1
carislevert-SG,Caris LeVert,SG,CLE,https://a.espncdn.com/combiner/i?img=/i/headshots/nba/players/full/2991043.png&w=96&h=70&cb=1
casonwallace-PG,Cason Wallace,PG,OKC,https://a.espncdn.com/combiner/i?img=/i/headshots/nba/players/full/4683692.png&w=96&h=70&cb=1
cediosman-SF,Cedi Osman,SF,SA,https://a.espncdn.com/combiner/i?img=/i/headshots/nba/players/full/3893016.png&w=96&h=70&cb=1
chetholmgren-PF,Chet Holmgren,PF,OKC,https://a.espncdn.com/combiner/i?img=/i/headshots/nba/players/full/4433255.png&w=96&h=70&cb=1
chrisboucher-PF,Chris Boucher,PF,TOR,https://a.espncdn.com/combiner/i?img=/i/headshots/nba/players/full/3948153.png&w=96&h=70&cb=1
chrispaul-PG,Chris Paul,PG,GS,https://a.espncdn.com/combiner/i?img=/i/headshots/nba/players/full/3149673.png&w=96&h=70&cb=1
christianbraun-SG,Christian Braun,SG,DEN,https://a.espncdn.com/combiner/i?img=/i/headshots/nba/players/full/4431767.png&w=96&h=70&cb=1
christianwood-C,Christian Wood,C,LAL,https://a.espncdn.com/combiner/i?img=/i/headshots/nba/players/full/3058254.png&w=96&h=70&cb=1
cjmccollum-SG,CJ McCollum,SG,NO,https://a.espncdn.com/combiner/i?img=/i/headshots/nba/players/full/3112335.png&w=96&h=70&cb=1
clintcapela-C,Clint Capela,C,ATL,https://a.espncdn.com/combiner/i?img=/i/headshots/nba/players/full/4066320.png&w=96&h=70&cb=1
cobywhite-PG,Coby White,PG,CHI,https://a.espncdn.com/combiner/i?img=/i/headshots/nba/players/full/3992.png&w=96&h=70&cb=1
coleanthony-PG,Cole Anthony,PG,ORL,https://a.espncdn.com/combiner/i?img=/i/headshots/nba/players/full/4432809.png&w=96&h=70&cb=1
collinsexton-SG,Collin Sexton,SG,UTAH,https://a.espncdn.com/combiner/i?img=/i/headshots/nba/players/full/4277811.png&w=96&h=70&cb=1
craigporter-SG,Craig Porter,SG,CLE,https://a.espncdn.com/combiner/i?img=/i/headshots/nba/players/full/4701233.png&w=96&h=70&cb=1
damianlillard-PG,Damian Lillard,PG,MIL,https://a.espncdn.com/combiner/i?img=/i/headshots/nba/players/full/6606.png&w=96&h=70&cb=1
dangelorussell-PG,DAngelo Russell,PG,LAL,https://a.espncdn.com/combiner/i?img=/i/headshots/nba/players/full/3975.png&w=96&h=70&cb=1
danielgafford-C,Daniel Gafford,C,WSH,https://a.espncdn.com/combiner/i?img=/i/headshots/nba/players/full/4278049.png&w=96&h=70&cb=1
danteexum-PG,Dante Exum,PG,DAL,https://a.espncdn.com/combiner/i?img=/i/headshots/nba/players/full/3102528.png&w=96&h=70&cb=1
dariosaric-PF,Dario Saric,PF,GS,https://a.espncdn.com/combiner/i?img=/i/headshots/nba/players/full/3032978.png&w=96&h=70&cb=1
dariusgarland-PG,Darius Garland,PG,CLE,https://a.espncdn.com/combiner/i?img=/i/headshots/nba/players/full/3136193.png&w=96&h=70&cb=1
davionmitchell-PG,Davion Mitchell,PG,SAC,https://a.espncdn.com/combiner/i?img=/i/headshots/nba/players/full/4278053.png&w=96&h=70&cb=1
dayronsharpe-C,DayRon Sharpe,C,BKN,https://a.espncdn.com/combiner/i?img=/i/headshots/nba/players/full/4432194.png&w=96&h=70&cb=1
deaaronfox-PG,DeAaron Fox,PG,SAC,https://a.espncdn.com/combiner/i?img=/i/headshots/nba/players/full/4066259.png&w=96&h=70&cb=1
deandreayton-C,Deandre Ayton,C,POR,https://a.espncdn.com/combiner/i?img=/i/headshots/nba/players/full/5104157.png&w=96&h=70&cb=1
deandrehunter-SF,DeAndre Hunter,SF,ATL,https://a.espncdn.com/combiner/i?img=/i/headshots/nba/players/full/4065732.png&w=96&h=70&cb=1
deanthonymelton-PG,DeAnthony Melton,PG,PHI,https://a.espncdn.com/combiner/i?img=/i/headshots/nba/players/full/4066436.png&w=96&h=70&cb=1
dejountemurray-PG,Dejounte Murray,PG,ATL,https://a.espncdn.com/combiner/i?img=/i/headshots/nba/players/full/3907497.png&w=96&h=70&cb=1
delonwright-SG,Delon Wright,SG,WSH,https://a.espncdn.com/combiner/i?img=/i/headshots/nba/players/full/3064447.png&w=96&h=70&cb=1
demarderozan-SF,DeMar DeRozan,SF,CHI,https://a.espncdn.com/combiner/i?img=/i/headshots/nba/players/full/3978.png&w=96&h=70&cb=1
deniavdija-SF,Deni Avdija,SF,WSH,https://a.espncdn.com/combiner/i?img=/i/headshots/nba/players/full/4683021.png&w=96&h=70&cb=1
dennisschroder-PG,Dennis Schroder,PG,TOR,https://a.espncdn.com/combiner/i?img=/i/headshots/nba/players/full/6478.png&w=96&h=70&cb=1
dennissmithjr-PG,Dennis Smith Jr,PG,BKN,https://a.espncdn.com/combiner/i?img=/i/headshots/nba/players/full/4065697.png&w=96&h=70&cb=1
derecklivelyii-C,Dereck Lively II,C,DAL,https://a.espncdn.com/combiner/i?img=/i/headshots/nba/players/full/4683688.png&w=96&h=70&cb=1
derrickjonesjr-SF,Derrick Jones Jr,SF,DAL,https://a.espncdn.com/combiner/i?img=/i/headshots/nba/players/full/3936099.png&w=96&h=70&cb=1
derrickrose-PG,Derrick Rose,PG,MEM,https://a.espncdn.com/combiner/i?img=/i/headshots/nba/players/full/3456.png&w=96&h=70&cb=1
derrickwhite-PG,Derrick White,PG,BOS,https://a.espncdn.com/combiner/i?img=/i/headshots/nba/players/full/4432816.png&w=96&h=70&cb=1
desmondbane-SG,Desmond Bane,SG,MEM,https://a.espncdn.com/combiner/i?img=/i/headshots/nba/players/full/4066320.png&w=96&h=70&cb=1
devinbooker-SG,Devin Booker,SG,PHX,https://a.espncdn.com/combiner/i?img=/i/headshots/nba/players/full/3136193.png&w=96&h=70&cb=1
devinvassell-SF,Devin Vassell,SF,SA,https://a.espncdn.com/combiner/i?img=/i/headshots/nba/players/full/4279888.png&w=96&h=70&cb=1
dillonbrooks-SG,Dillon Brooks,SG,HOU,https://a.espncdn.com/combiner/i?img=/i/headshots/nba/players/full/3155526.png&w=96&h=70&cb=1
domantassabonis-PF,Domantas Sabonis,PF,SAC,https://a.espncdn.com/combiner/i?img=/i/headshots/nba/players/full/3155942.png&w=96&h=70&cb=1
donovanmitchell-SG,Donovan Mitchell,SG,CLE,https://a.espncdn.com/combiner/i?img=/i/headshots/nba/players/full/3908809.png&w=96&h=70&cb=1
dontedivincenzo-SG,Donte DiVincenzo,SG,NY,https://a.espncdn.com/combiner/i?img=/i/headshots/nba/players/full/3934673.png&w=96&h=70&cb=1
dorianfinneysmith-SF,Dorian FinneySmith,SF,BKN,https://a.espncdn.com/combiner/i?img=/i/headshots/nba/players/full/2578185.png&w=96&h=70&cb=1
draymondgreen-PF,Draymond Green,PF,GS,https://a.espncdn.com/combiner/i?img=/i/headshots/nba/players/full/6589.png&w=96&h=70&cb=1
dreweubanks-PF,Drew Eubanks,PF,PHX,https://a.espncdn.com/combiner/i?img=/i/headshots/nba/players/full/3914285.png&w=96&h=70&cb=1
duncanrobinson-SG,Duncan Robinson,SG,MIA,https://a.espncdn.com/combiner/i?img=/i/headshots/nba/players/full/3157465.png&w=96&h=70&cb=1
dwightpowell-C,Dwight Powell,C,DAL,https://a.espncdn.com/combiner/i?img=/i/headshots/nba/players/full/2531367.png&w=96&h=70&cb=1
dysondaniels-PG,Dyson Daniels,PG,NO,https://a.espncdn.com/combiner/i?img=/i/headshots/nba/players/full/4869342.png&w=96&h=70&cb=1
emonibates-SF,Emoni Bates,SF,CLE,https://a.espncdn.com/combiner/i?img=/i/headshots/nba/players/full/4433620.png&w=96&h=70&cb=1
ericgordon-SG,Eric Gordon,SG,PHX,https://a.espncdn.com/combiner/i?img=/i/headshots/nba/players/full/3431.png&w=96&h=70&cb=1
evanmobley-PF,Evan Mobley,PF,CLE,https://a.espncdn.com/combiner/i?img=/i/headshots/nba/players/full/4594268.png&w=96&h=70&cb=1
franzwagner-SF,Franz Wagner,SF,ORL,https://a.espncdn.com/combiner/i?img=/i/headshots/nba/players/full/4278073.png&w=96&h=70&cb=1
fredvanvleet-PG,Fred VanVleet,PG,HOU,https://a.espncdn.com/combiner/i?img=/i/headshots/nba/players/full/2991230.png&w=96&h=70&cb=1
gabevincent-PG,Gabe Vincent,PG,LAL,https://a.espncdn.com/combiner/i?img=/i/headshots/nba/players/full/3137259.png&w=96&h=70&cb=1
garypaytonii-PG,Gary Payton II,PG,GS,https://a.espncdn.com/combiner/i?img=/i/headshots/nba/players/full/3134903.png&w=96&h=70&cb=1
garytrentjr-SG,Gary Trent Jr,SG,TOR,https://a.espncdn.com/combiner/i?img=/i/headshots/nba/players/full/4277843.png&w=96&h=70&cb=1
giannisantetokounmpo-PF,Giannis Antetokounmpo,PF,MIL,https://a.espncdn.com/combiner/i?img=/i/headshots/nba/players/full/3032977.png&w=96&h=70&cb=1
gogabitadze-C,Goga Bitadze,C,ORL,https://a.espncdn.com/combiner/i?img=/i/headshots/nba/players/full/4348700.png&w=96&h=70&cb=1
gordonhayward-SF,Gordon Hayward,SF,CHA,https://a.espncdn.com/combiner/i?img=/i/headshots/nba/players/full/4249.png&w=96&h=70&cb=1
gradeydick-SG,Gradey Dick,SG,TOR,https://a.espncdn.com/combiner/i?img=/i/headshots/nba/players/full/5106258.png&w=96&h=70&cb=1
grantwilliams-PF,Grant Williams,PF,DAL,https://a.espncdn.com/combiner/i?img=/i/headshots/nba/players/full/4066218.png&w=96&h=70&cb=1
graysonallen-SG,Grayson Allen,SG,PHX,https://a.espncdn.com/combiner/i?img=/i/headshots/nba/players/full/3135045.png&w=96&h=70&cb=1
harrisonbarnes-SF,Harrison Barnes,SF,SAC,https://a.espncdn.com/combiner/i?img=/i/headshots/nba/players/full/6578.png&w=96&h=70&cb=1
haywoodhighsmith-SF,Haywood Highsmith,SF,MIA,https://a.espncdn.com/combiner/i?img=/i/headshots/nba/players/full/4291678.png&w=96&h=70&cb=1
herbertjones-PF,Herbert Jones,PF,NO,https://a.espncdn.com/combiner/i?img=/i/headshots/nba/players/full/4277813.png&w=96&h=70&cb=1
immanuelquickley-PG,Immanuel Quickley,PG,NY,https://a.espncdn.com/combiner/i?img=/i/headshots/nba/players/full/4395724.png&w=96&h=70&cb=1
isaacokoro-SF,Isaac Okoro,SF,CLE,https://a.espncdn.com/combiner/i?img=/i/headshots/nba/players/full/4432822.png&w=96&h=70&cb=1
isaiahhartenstein-C,Isaiah Hartenstein,C,NY,https://a.espncdn.com/combiner/i?img=/i/headshots/nba/players/full/4222252.png&w=96&h=70&cb=1
isaiahjackson-PF,Isaiah Jackson,PF,IND,https://a.espncdn.com/combiner/i?img=/i/headshots/nba/players/full/4432170.png&w=96&h=70&cb=1
isaiahjoe-SG,Isaiah Joe,SG,OKC,https://a.espncdn.com/combiner/i?img=/i/headshots/nba/players/full/4395702.png&w=96&h=70&cb=1
isaiahstewart-C,Isaiah Stewart,C,DET,https://a.espncdn.com/combiner/i?img=/i/headshots/nba/players/full/4432810.png&w=96&h=70&cb=1
ivicazubac-C,Ivica Zubac,C,LAC,https://a.espncdn.com/combiner/i?img=/i/headshots/nba/players/full/4017837.png&w=96&h=70&cb=1
jabarismithjr-PF,Jabari Smith Jr,PF,HOU,https://a.espncdn.com/combiner/i?img=/i/headshots/nba/players/full/4871144.png&w=96&h=70&cb=1
jadenivey-PG,Jaden Ivey,PG,DET,https://a.espncdn.com/combiner/i?img=/i/headshots/nba/players/full/4433218.png&w=96&h=70&cb=1
jadenmcdaniels-SF,Jaden McDaniels,SF,MIN,https://a.espncdn.com/combiner/i?img=/i/headshots/nba/players/full/4431671.png&w=96&h=70&cb=1
jaecrowder-PF,Jae Crowder,PF,MIL,https://a.espncdn.com/combiner/i?img=/i/headshots/nba/players/full/6581.png&w=96&h=70&cb=1
jaimejaquezjr-SF,Jaime Jaquez Jr,SF,MIA,https://a.espncdn.com/combiner/i?img=/i/headshots/nba/players/full/4432848.png&w=96&h=70&cb=1
jakobpoeltl-C,Jakob Poeltl,C,TOR,https://a.espncdn.com/combiner/i?img=/i/headshots/nba/players/full/3913176.png&w=96&h=70&cb=1
jalenbrunson-PG,Jalen Brunson,PG,NY,https://a.espncdn.com/combiner/i?img=/i/headshots/nba/players/full/3934672.png&w=96&h=70&cb=1
jalenduren-C,Jalen Duren,C,DET,https://a.espncdn.com/combiner/i?img=/i/headshots/nba/players/full/4433621.png&w=96&h=70&cb=1
jalengreen-SG,Jalen Green,SG,HOU,https://a.espncdn.com/combiner/i?img=/i/headshots/nba/players/full/4395628.png&w=96&h=70&cb=1
jalenjohnson-SF,Jalen Johnson,SF,ATL,https://a.espncdn.com/combiner/i?img=/i/headshots/nba/players/full/4701230.png&w=96&h=70&cb=1
jalensmith-PF,Jalen Smith,PF,IND,https://a.espncdn.com/combiner/i?img=/i/headshots/nba/players/full/4397189.png&w=96&h=70&cb=1
jalensuggs-PG,Jalen Suggs,PG,ORL,https://a.espncdn.com/combiner/i?img=/i/headshots/nba/players/full/4432165.png&w=96&h=70&cb=1
jalenwilliams-SG,Jalen Williams,SG,OKC,https://a.espncdn.com/combiner/i?img=/i/headshots/nba/players/full/4066259.png&w=96&h=70&cb=1
jamalmurray-PG,Jamal Murray,PG,DEN,https://a.espncdn.com/combiner/i?img=/i/headshots/nba/players/full/3936299.png&w=96&h=70&cb=1
jamesharden-SG,James Harden,SG,LAC,https://a.espncdn.com/combiner/i?img=/i/headshots/nba/players/full/3992.png&w=96&h=70&cb=1
jameswiseman-C,James Wiseman,C,DET,https://a.espncdn.com/combiner/i?img=/i/headshots/nba/players/full/4432808.png&w=96&h=70&cb=1
jamorant-PG,Ja Morant,PG,MEM,https://a.espncdn.com/combiner/i?img=/i/headshots/nba/players/full/4279888.png&w=96&h=70&cb=1
jaracewalker-PF,Jarace Walker,PF,IND,https://a.espncdn.com/combiner/i?img=/i/headshots/nba/players/full/5106060.png&w=96&h=70&cb=1
jarenjacksonjr-PF,Jaren Jackson Jr,PF,MEM,https://a.espncdn.com/combiner/i?img=/i/headshots/nba/players/full/4277961.png&w=96&h=70&cb=1
jarredvanderbilt-PF,Jarred Vanderbilt,PF,LAL,https://a.espncdn.com/combiner/i?img=/i/headshots/nba/players/full/4278077.png&w=96&h=70&cb=1
jarrettallen-C,Jarrett Allen,C,CLE,https://a.espncdn.com/combiner/i?img=/i/headshots/nba/players/full/3917376.png&w=96&h=70&cb=1
jaylenbrown-SG,Jaylen Brown,SG,BOS,https://a.espncdn.com/combiner/i?img=/i/headshots/nba/players/full/3917376.png&w=96&h=70&cb=1
jaysontatum-SF,Jayson Tatum,SF,BOS,https://a.espncdn.com/combiner/i?img=/i/headshots/nba/players/full/4065648.png&w=96&h=70&cb=1
jeramigrant-PF,Jerami Grant,PF,POR,https://a.espncdn.com/combiner/i?img=/i/headshots/nba/players/full/6442.png&w=96&h=70&cb=1
jeremysochan-PF,Jeremy Sochan,PF,SA,https://a.espncdn.com/combiner/i?img=/i/headshots/nba/players/full/4610139.png&w=96&h=70&cb=1
jimmybutler-SF,Jimmy Butler,SF,MIA,https://a.espncdn.com/combiner/i?img=/i/headshots/nba/players/full/6430.png&w=96&h=70&cb=1
joelembiid-C,Joel Embiid,C,PHI,https://a.espncdn.com/combiner/i?img=/i/headshots/nba/players/full/3059318.png&w=96&h=70&cb=1
johncollins-PF,John Collins,PF,UTAH,https://a.espncdn.com/combiner/i?img=/i/headshots/nba/players/full/3936299.png&w=96&h=70&cb=1
johnkonchar-SG,John Konchar,SG,MEM,https://a.espncdn.com/combiner/i?img=/i/headshots/nba/players/full/3134932.png&w=96&h=70&cb=1
johnwall-PG,John Wall,PG,HOU,https://a.espncdn.com/combiner/i?img=/i/headshots/nba/players/full/4237.png&w=96&h=70&cb=1
jonasvalanciunas-C,Jonas Valanciunas,C,NO,https://a.espncdn.com/combiner/i?img=/i/headshots/nba/players/full/4277905.png&w=96&h=70&cb=1
jonathanisaac-PF,Jonathan Isaac,PF,ORL,https://a.espncdn.com/combiner/i?img=/i/headshots/nba/players/full/4065654.png&w=96&h=70&cb=1
jonathankuminga-PF,Jonathan Kuminga,PF,GS,https://a.espncdn.com/combiner/i?img=/i/headshots/nba/players/full/4433247.png&w=96&h=70&cb=1
jordanclarkson-SG,Jordan Clarkson,SG,UTAH,https://a.espncdn.com/combiner/i?img=/i/headshots/nba/players/full/2528426.png&w=96&h=70&cb=1
jordangoodwin-SG,Jordan Goodwin,SG,PHX,https://a.espncdn.com/combiner/i?img=/i/headshots/nba/players/full/4278402.png&w=96&h=70&cb=1
jordanhawkins-SG,Jordan Hawkins,SG,NO,https://a.espncdn.com/combiner/i?img=/i/headshots/nba/players/full/4683750.png&w=96&h=70&cb=1
jordanpoole-SG,Jordan Poole,SG,WSH,https://a.espncdn.com/combiner/i?img=/i/headshots/nba/players/full/1966.png&w=96&h=70&cb=1
josealvarado-PG,Jose Alvarado,PG,NO,https://a.espncdn.com/combiner/i?img=/i/headshots/nba/players/full/4277869.png&w=96&h=70&cb=1
joshgiddey-PG,Josh Giddey,PG,OKC,https://a.espncdn.com/combiner/i?img=/i/headshots/nba/players/full/3147657.png&w=96&h=70&cb=1
joshgreen-SG,Josh Green,SG,DAL,https://a.espncdn.com/combiner/i?img=/i/headshots/nba/players/full/4432811.png&w=96&h=70&cb=1
joshhart-SG,Josh Hart,SG,NY,https://a.espncdn.com/combiner/i?img=/i/headshots/nba/players/full/3062679.png&w=96&h=70&cb=1
joshokogie-SG,Josh Okogie,SG,PHX,https://a.espncdn.com/combiner/i?img=/i/headshots/nba/players/full/4065663.png&w=96&h=70&cb=1
joshrichardson-SG,Josh Richardson,SG,MIA,https://a.espncdn.com/combiner/i?img=/i/headshots/nba/players/full/2581190.png&w=96&h=70&cb=1
jrueholiday-PG,Jrue Holiday,PG,BOS,https://a.espncdn.com/combiner/i?img=/i/headshots/nba/players/full/3032977.png&w=96&h=70&cb=1
juliusrandle-PF,Julius Randle,PF,NY,https://a.espncdn.com/combiner/i?img=/i/headshots/nba/players/full/3064514.png&w=96&h=70&cb=1
jusufnurkic-C,Jusuf Nurkic,C,PHX,https://a.espncdn.com/combiner/i?img=/i/headshots/nba/players/full/4066336.png&w=96&h=70&cb=1
karlanthonytowns-C,KarlAnthony Towns,C,MIN,https://a.espncdn.com/combiner/i?img=/i/headshots/nba/players/full/3136195.png&w=96&h=70&cb=1
kawhileonard-SF,Kawhi Leonard,SF,LAC,https://a.espncdn.com/combiner/i?img=/i/headshots/nba/players/full/6450.png&w=96&h=70&cb=1
keeganmurray-PF,Keegan Murray,PF,SAC,https://a.espncdn.com/combiner/i?img=/i/headshots/nba/players/full/4433255.png&w=96&h=70&cb=1
keldonjohnson-SF,Keldon Johnson,SF,SA,https://a.espncdn.com/combiner/i?img=/i/headshots/nba/players/full/4251.png&w=96&h=70&cb=1
kellyolynyk-C,Kelly Olynyk,C,UTAH,https://a.espncdn.com/combiner/i?img=/i/headshots/nba/players/full/2489663.png&w=96&h=70&cb=1
kellyoubrejr-PF,Kelly Oubre Jr,PF,PHI,https://a.espncdn.com/combiner/i?img=/i/headshots/nba/players/full/3133603.png&w=96&h=70&cb=1
kembawalker-PG,Kemba Walker,PG,DAL,https://a.espncdn.com/combiner/i?img=/i/headshots/nba/players/full/6479.png&w=96&h=70&cb=1
kentaviouscaldwellpope-SG,Kentavious CaldwellPope,SG,DEN,https://a.espncdn.com/combiner/i?img=/i/headshots/nba/players/full/2581018.png&w=96&h=70&cb=1
kenyonmartinjr-SF,Kenyon Martin Jr,SF,PHI,https://a.espncdn.com/combiner/i?img=/i/headshots/nba/players/full/4431828.png&w=96&h=70&cb=1
kevindurant-SF,Kevin Durant,SF,PHX,https://a.espncdn.com/combiner/i?img=/i/headshots/nba/players/full/3202.png&w=96&h=70&cb=1
kevinhuerter-SG,Kevin Huerter,SG,SAC,https://a.espncdn.com/combiner/i?img=/i/headshots/nba/players/full/4066372.png&w=96&h=70&cb=1
kevinknoxii-SF,Kevin Knox II,SF,DET,https://a.espncdn.com/combiner/i?img=/i/headshots/nba/players/full/4278075.png&w=96&h=70&cb=1
kevinlove-PF,Kevin Love,PF,MIA,https://a.espncdn.com/combiner/i?img=/i/headshots/nba/players/full/3449.png&w=96&h=70&cb=1
kevinporterjr-SG,Kevin Porter Jr,SG,HOU,https://a.espncdn.com/combiner/i?img=/i/headshots/nba/players/full/4397140.png&w=96&h=70&cb=1
kevonlooney-C,Kevon Looney,C,GS,https://a.espncdn.com/combiner/i?img=/i/headshots/nba/players/full/3155535.png&w=96&h=70&cb=1
keyontegeorge-SG,Keyonte George,SG,UTAH,https://a.espncdn.com/combiner/i?img=/i/headshots/nba/players/full/4433627.png&w=96&h=70&cb=1
khrismiddleton-SF,Khris Middleton,SF,MIL,https://a.espncdn.com/combiner/i?img=/i/headshots/nba/players/full/3064514.png&w=96&h=70&cb=1
killianhayes-PG,Killian Hayes,PG,DET,https://a.espncdn.com/combiner/i?img=/i/headshots/nba/players/full/4683024.png&w=96&h=70&cb=1
kjmartin-SF,KJ Martin,SF,PHI,https://a.espncdn.com/combiner/i?img=/i/headshots/nba/players/full/4431828.png&w=96&h=70&cb=1
klaythompson-SG,Klay Thompson,SG,GS,https://a.espncdn.com/combiner/i?img=/i/headshots/nba/players/full/4433134.png&w=96&h=70&cb=1
krisdunn-PG,Kris Dunn,PG,UTAH,https://a.espncdn.com/combiner/i?img=/i/headshots/nba/players/full/2991139.png&w=96&h=70&cb=1
kristapsporzingis-C,Kristaps Porzingis,C,BOS,https://a.espncdn.com/combiner/i?img=/i/headshots/nba/players/full/3102531.png&w=96&h=70&cb=1
kyleanderson-SF,Kyle Anderson,SF,MIN,https://a.espncdn.com/combiner/i?img=/i/headshots/nba/players/full/2993874.png&w=96&h=70&cb=1
kylekuzma-PF,Kyle Kuzma,PF,WSH,https://a.espncdn.com/combiner/i?img=/i/headshots/nba/players/full/3945274.png&w=96&h=70&cb=1
kylelowry-PG,Kyle Lowry,PG,MIA,https://a.espncdn.com/combiner/i?img=/i/headshots/nba/players/full/3012.png&w=96&h=70&cb=1
kyrieirving-PG,Kyrie Irving,PG,DAL,https://a.espncdn.com/combiner/i?img=/i/headshots/nba/players/full/6442.png&w=96&h=70&cb=1
lameloball-PG,LaMelo Ball,PG,CHA,https://a.espncdn.com/combiner/i?img=/i/headshots/nba/players/full/4432816.png&w=96&h=70&cb=1
larrynancejr-PF,Larry Nance Jr,PF,NO,https://a.espncdn.com/combiner/i?img=/i/headshots/nba/players/full/2580365.png&w=96&h=70&cb=1
laurimarkkanen-PF,Lauri Markkanen,PF,UTAH,https://a.espncdn.com/combiner/i?img=/i/headshots/nba/players/full/4066336.png&w=96&h=70&cb=1
lebronjames-SF,LeBron James,SF,LAL,https://a.espncdn.com/combiner/i?img=/i/headshots/nba/players/full/1966.png&w=96&h=70&cb=1
lonniewalkeriv-SF,Lonnie Walker IV,SF,BKN,https://a.espncdn.com/combiner/i?img=/i/headshots/nba/players/full/4277890.png&w=96&h=70&cb=1
lonzoball-PG,Lonzo Ball,PG,CHI,https://a.espncdn.com/combiner/i?img=/i/headshots/nba/players/full/4066421.png&w=96&h=70&cb=1
luguentzdort-SG,Luguentz Dort,SG,OKC,https://a.espncdn.com/combiner/i?img=/i/headshots/nba/players/full/4397020.png&w=96&h=70&cb=1
lukadoncic-PG,Luka Doncic,PG,DAL,https://a.espncdn.com/combiner/i?img=/i/headshots/nba/players/full/3945274.png&w=96&h=70&cb=1
lukekennard-SG,Luke Kennard,SG,MEM,https://a.espncdn.com/combiner/i?img=/i/headshots/nba/players/full/3913174.png&w=96&h=70&cb=1
malakibranham-SG,Malaki Branham,SG,SA,https://a.espncdn.com/combiner/i?img=/i/headshots/nba/players/full/4565201.png&w=96&h=70&cb=1
malcolmbrogdon-PG,Malcolm Brogdon,PG,POR,https://a.espncdn.com/combiner/i?img=/i/headshots/nba/players/full/2566769.png&w=96&h=70&cb=1
malikbeasley-SG,Malik Beasley,SG,MIL,https://a.espncdn.com/combiner/i?img=/i/headshots/nba/players/full/3907822.png&w=96&h=70&cb=1
malikmonk-SG,Malik Monk,SG,SAC,https://a.espncdn.com/combiner/i?img=/i/headshots/nba/players/full/4066262.png&w=96&h=70&cb=1
marcussasser-PG,Marcus Sasser,PG,DET,https://a.espncdn.com/combiner/i?img=/i/headshots/nba/players/full/4432107.png&w=96&h=70&cb=1
marcussmart-SG,Marcus Smart,SG,MEM,https://a.espncdn.com/combiner/i?img=/i/headshots/nba/players/full/2990992.png&w=96&h=70&cb=1
markellefultz-PG,Markelle Fultz,PG,ORL,https://a.espncdn.com/combiner/i?img=/i/headshots/nba/players/full/4066636.png&w=96&h=70&cb=1
markwilliams-C,Mark Williams,C,CHA,https://a.espncdn.com/combiner/i?img=/i/headshots/nba/players/full/4701232.png&w=96&h=70&cb=1
marvinbagleyiii-PF,Marvin Bagley III,PF,DET,https://a.espncdn.com/combiner/i?img=/i/headshots/nba/players/full/4277848.png&w=96&h=70&cb=1
masonplumlee-C,Mason Plumlee,C,LAC,https://a.espncdn.com/combiner/i?img=/i/headshots/nba/players/full/2488653.png&w=96&h=70&cb=1
matissethybulle-SF,Matisse Thybulle,SF,POR,https://a.espncdn.com/combiner/i?img=/i/headshots/nba/players/full/3907498.png&w=96&h=70&cb=1
maxstrus-SG,Max Strus,SG,CLE,https://a.espncdn.com/combiner/i?img=/i/headshots/nba/players/full/4065778.png&w=96&h=70&cb=1
michaelporterjr-SF,Michael Porter Jr,SF,DEN,https://a.espncdn.com/combiner/i?img=/i/headshots/nba/players/full/3934672.png&w=96&h=70&cb=1
mikalbridges-SF,Mikal Bridges,SF,BKN,https://a.espncdn.com/combiner/i?img=/i/headshots/nba/players/full/3147657.png&w=96&h=70&cb=1
mikeconley-PG,Mike Conley,PG,MIN,https://a.espncdn.com/combiner/i?img=/i/headshots/nba/players/full/3195.png&w=96&h=70&cb=1
milesbridges-PF,Miles Bridges,PF,CHA,https://a.espncdn.com/combiner/i?img=/i/headshots/nba/players/full/4277961.png&w=96&h=70&cb=1
mitchellrobinson-C,Mitchell Robinson,C,NY,https://a.espncdn.com/combiner/i?img=/i/headshots/nba/players/full/4351852.png&w=96&h=70&cb=1
mobamba-C,Mo Bamba,C,PHI,https://a.espncdn.com/combiner/i?img=/i/headshots/nba/players/full/4277919.png&w=96&h=70&cb=1
montemorris-PG,Monte Morris,PG,DET,https://a.espncdn.com/combiner/i?img=/i/headshots/nba/players/full/3059310.png&w=96&h=70&cb=1
moritzwagner-C,Moritz Wagner,C,ORL,https://a.espncdn.com/combiner/i?img=/i/headshots/nba/players/full/3150844.png&w=96&h=70&cb=1
mosesmoody-SG,Moses Moody,SG,GS,https://a.espncdn.com/combiner/i?img=/i/headshots/nba/players/full/4432171.png&w=96&h=70&cb=1
mylesturner-C,Myles Turner,C,IND,https://a.espncdn.com/combiner/i?img=/i/headshots/nba/players/full/4396993.png&w=96&h=70&cb=1
najimarshall-SF,Naji Marshall,SF,NO,https://a.espncdn.com/combiner/i?img=/i/headshots/nba/players/full/4278594.png&w=96&h=70&cb=1
nazreid-C,Naz Reid,C,MIN,https://a.espncdn.com/combiner/i?img=/i/headshots/nba/players/full/4396971.png&w=96&h=70&cb=1
nicclaxton-C,Nic Claxton,C,BKN,https://a.espncdn.com/combiner/i?img=/i/headshots/nba/players/full/3978.png&w=96&h=70&cb=1
nickrichards-C,Nick Richards,C,CHA,https://a.espncdn.com/combiner/i?img=/i/headshots/nba/players/full/4278076.png&w=96&h=70&cb=1
nicolasbatum-SF,Nicolas Batum,SF,PHI,https://a.espncdn.com/combiner/i?img=/i/headshots/nba/players/full/3416.png&w=96&h=70&cb=1
nikolajokic-C,Nikola Jokic,C,DEN,https://a.espncdn.com/combiner/i?img=/i/headshots/nba/players/full/3112335.png&w=96&h=70&cb=1
nikolavucevic-C,Nikola Vucevic,C,CHI,https://a.espncdn.com/combiner/i?img=/i/headshots/nba/players/full/6478.png&w=96&h=70&cb=1
normanpowell-SG,Norman Powell,SG,LAC,https://a.espncdn.com/combiner/i?img=/i/headshots/nba/players/full/2595516.png&w=96&h=70&cb=1
obitoppin-PF,Obi Toppin,PF,IND,https://a.espncdn.com/combiner/i?img=/i/headshots/nba/players/full/4278355.png&w=96&h=70&cb=1
oganunoby-SF,OG Anunoby,SF,TOR,https://a.espncdn.com/combiner/i?img=/i/headshots/nba/players/full/3102531.png&w=96&h=70&cb=1
onyekaokongwu-C,Onyeka Okongwu,C,ATL,https://a.espncdn.com/combiner/i?img=/i/headshots/nba/players/full/4431680.png&w=96&h=70&cb=1
orlandorobinson-C,Orlando Robinson,C,MIA,https://a.espncdn.com/combiner/i?img=/i/headshots/nba/players/full/4593049.png&w=96&h=70&cb=1
paolobanchero-PF,Paolo Banchero,PF,ORL,https://a.espncdn.com/combiner/i?img=/i/headshots/nba/players/full/4432573.png&w=96&h=70&cb=1
pascalsiakam-PF,Pascal Siakam,PF,TOR,https://a.espncdn.com/combiner/i?img=/i/headshots/nba/players/full/3149673.png&w=96&h=70&cb=1
patrickbeverley-PG,Patrick Beverley,PG,PHI,https://a.espncdn.com/combiner/i?img=/i/headshots/nba/players/full/3964.png&w=96&h=70&cb=1
patrickwilliams-PF,Patrick Williams,PF,CHI,https://a.espncdn.com/combiner/i?img=/i/headshots/nba/players/full/4431687.png&w=96&h=70&cb=1
paulgeorge-SF,Paul George,SF,LAC,https://a.espncdn.com/combiner/i?img=/i/headshots/nba/players/full/4251.png&w=96&h=70&cb=1
paulreed-PF,Paul Reed,PF,PHI,https://a.espncdn.com/combiner/i?img=/i/headshots/nba/players/full/4278562.png&w=96&h=70&cb=1
paytonpritchard-PG,Payton Pritchard,PG,BOS,https://a.espncdn.com/combiner/i?img=/i/headshots/nba/players/full/4066354.png&w=96&h=70&cb=1
pjwashington-PF,PJ Washington,PF,CHA,https://a.espncdn.com/combiner/i?img=/i/headshots/nba/players/full/4278078.png&w=96&h=70&cb=1
preciousachiuwa-PF,Precious Achiuwa,PF,TOR,https://a.espncdn.com/combiner/i?img=/i/headshots/nba/players/full/4431679.png&w=96&h=70&cb=1
quentingrimes-SG,Quentin Grimes,SG,NY,https://a.espncdn.com/combiner/i?img=/i/headshots/nba/players/full/4397014.png&w=96&h=70&cb=1
reggiejackson-PG,Reggie Jackson,PG,DEN,https://a.espncdn.com/combiner/i?img=/i/headshots/nba/players/full/6443.png&w=96&h=70&cb=1
rjbarrett-SF,RJ Barrett,SF,NY,https://a.espncdn.com/combiner/i?img=/i/headshots/nba/players/full/4395625.png&w=96&h=70&cb=1
robertcovington-PF,Robert Covington,PF,PHI,https://a.espncdn.com/combiner/i?img=/i/headshots/nba/players/full/2490620.png&w=96&h=70&cb=1
robertwilliamsiii-C,Robert Williams III,C,POR,https://a.espncdn.com/combiner/i?img=/i/headshots/nba/players/full/4066211.png&w=96&h=70&cb=1
royceoneale-SF,Royce ONeale,SF,BKN,https://a.espncdn.com/combiner/i?img=/i/headshots/nba/players/full/2583632.png&w=96&h=70&cb=1
rudygobert-C,Rudy Gobert,C,MIN,https://a.espncdn.com/combiner/i?img=/i/headshots/nba/players/full/6583.png&w=96&h=70&cb=1
ruihachimura-PF,Rui Hachimura,PF,LAL,https://a.espncdn.com/combiner/i?img=/i/headshots/nba/players/full/4066648.png&w=96&h=70&cb=1
russellwestbrook-PG,Russell Westbrook,PG,LAC,https://a.espncdn.com/combiner/i?img=/i/headshots/nba/players/full/6450.png&w=96&h=70&cb=1
saddiqbey-SF,Saddiq Bey,SF,ATL,https://a.espncdn.com/combiner/i?img=/i/headshots/nba/players/full/4397136.png&w=96&h=70&cb=1
samhauser-SF,Sam Hauser,SF,BOS,https://a.espncdn.com/combiner/i?img=/i/headshots/nba/players/full/4065804.png&w=96&h=70&cb=1
santialdama-PF,Santi Aldama,PF,MEM,https://a.espncdn.com/combiner/i?img=/i/headshots/nba/players/full/4593125.png&w=96&h=70&cb=1
sashavezenkov-PF,Sasha Vezenkov,PF,SAC,https://a.espncdn.com/combiner/i?img=/i/headshots/nba/players/full/3893014.png&w=96&h=70&cb=1
scoothenderson-PG,Scoot Henderson,PG,POR,https://a.espncdn.com/combiner/i?img=/i/headshots/nba/players/full/4683678.png&w=96&h=70&cb=1
scottiebarnes-PF,Scottie Barnes,PF,TOR,https://a.espncdn.com/combiner/i?img=/i/headshots/nba/players/full/4433134.png&w=96&h=70&cb=1
sethcurry-SG,Seth Curry,SG,DAL,https://a.espncdn.com/combiner/i?img=/i/headshots/nba/players/full/2326307.png&w=96&h=70&cb=1
shaedonsharpe-SG,Shaedon Sharpe,SG,POR,https://a.espncdn.com/combiner/i?img=/i/headshots/nba/players/full/4914336.png&w=96&h=70&cb=1
shaigilgeousalexander-SG,Shai GilgeousAlexander,SG,OKC,https://a.espncdn.com/combiner/i?img=/i/headshots/nba/players/full/4278073.png&w=96&h=70&cb=1
shakemilton-PG,Shake Milton,PG,MIN,https://a.espncdn.com/combiner/i?img=/i/headshots/nba/players/full/3915195.png&w=96&h=70&cb=1
simonefontecchio-SF,Simone Fontecchio,SF,UTAH,https://a.espncdn.com/combiner/i?img=/i/headshots/nba/players/full/3899664.png&w=96&h=70&cb=1
skylarmays-SG,Skylar Mays,SG,POR,https://a.espncdn.com/combiner/i?img=/i/headshots/nba/players/full/4066269.png&w=96&h=70&cb=1
spencerdinwiddie-SG,Spencer Dinwiddie,SG,BKN,https://a.espncdn.com/combiner/i?img=/i/headshots/nba/players/full/3155942.png&w=96&h=70&cb=1
stephencurry-PG,Stephen Curry,PG,GS,https://a.espncdn.com/combiner/i?img=/i/headshots/nba/players/full/3975.png&w=96&h=70&cb=1
stevenadams-C,Steven Adams,C,MEM,https://a.espncdn.com/combiner/i?img=/i/headshots/nba/players/full/2991235.png&w=96&h=70&cb=1
talenhortontucker-SG,Talen HortonTucker,SG,UTAH,https://a.espncdn.com/combiner/i?img=/i/headshots/nba/players/full/4396991.png&w=96&h=70&cb=1
tarieason-SF,Tari Eason,SF,HOU,https://a.espncdn.com/combiner/i?img=/i/headshots/nba/players/full/4433192.png&w=96&h=70&cb=1
taureanprince-SF,Taurean Prince,SF,LAL,https://a.espncdn.com/combiner/i?img=/i/headshots/nba/players/full/2990962.png&w=96&h=70&cb=1
taylorhendricks-PF,Taylor Hendricks,PF,UTAH,https://a.espncdn.com/combiner/i?img=/i/headshots/nba/players/full/4684806.png&w=96&h=70&cb=1
terancemann-SF,Terance Mann,SF,LAC,https://a.espncdn.com/combiner/i?img=/i/headshots/nba/players/full/3907823.png&w=96&h=70&cb=1
terryrozier-SG,Terry Rozier,SG,CHA,https://a.espncdn.com/combiner/i?img=/i/headshots/nba/players/full/3908809.png&w=96&h=70&cb=1
thomasbryant-C,Thomas Bryant,C,MIA,https://a.espncdn.com/combiner/i?img=/i/headshots/nba/players/full/3934723.png&w=96&h=70&cb=1
timhardawayjr-SG,Tim Hardaway Jr,SG,DAL,https://a.espncdn.com/combiner/i?img=/i/headshots/nba/players/full/2528210.png&w=96&h=70&cb=1
tjmcconnell-PG,TJ McConnell,PG,IND,https://a.espncdn.com/combiner/i?img=/i/headshots/nba/players/full/2530530.png&w=96&h=70&cb=1
tobiasharris-SF,Tobias Harris,SF,PHI,https://a.espncdn.com/combiner/i?img=/i/headshots/nba/players/full/4431678.png&w=96&h=70&cb=1
torreycraig-SF,Torrey Craig,SF,CHI,https://a.espncdn.com/combiner/i?img=/i/headshots/nba/players/full/2528693.png&w=96&h=70&cb=1
toumanicamara-PF,Toumani Camara,PF,POR,https://a.espncdn.com/combiner/i?img=/i/headshots/nba/players/full/4431736.png&w=96&h=70&cb=1
traeyoung-PG,Trae Young,PG,ATL,https://a.espncdn.com/combiner/i?img=/i/headshots/nba/players/full/4277905.png&w=96&h=70&cb=1
trejones-PG,Tre Jones,PG,SA,https://a.espncdn.com/combiner/i?img=/i/headshots/nba/players/full/4395626.png&w=96&h=70&cb=1
treymurphyiii-SG,Trey Murphy III,SG,NO,https://a.espncdn.com/combiner/i?img=/i/headshots/nba/players/full/4397688.png&w=96&h=70&cb=1
tylerherro-SG,Tyler Herro,SG,MIA,https://a.espncdn.com/combiner/i?img=/i/headshots/nba/players/full/3059318.png&w=96&h=70&cb=1
tyresehaliburton-PG,Tyrese Haliburton,PG,IND,https://a.espncdn.com/combiner/i?img=/i/headshots/nba/players/full/4396993.png&w=96&h=70&cb=1
tyresemaxey-SG,Tyrese Maxey,SG,PHI,https://a.espncdn.com/combiner/i?img=/i/headshots/nba/players/full/4431678.png&w=96&h=70&cb=1
tyusjones-PG,Tyus Jones,PG,WSH,https://a.espncdn.com/combiner/i?img=/i/headshots/nba/players/full/3136195.png&w=96&h=70&cb=1
victoroladipo-SG,Victor Oladipo,SG,HOU,https://a.espncdn.com/combiner/i?img=/i/headshots/nba/players/full/2527963.png&w=96&h=70&cb=1
victorwembanyama-C,Victor Wembanyama,C,SA,https://a.espncdn.com/combiner/i?img=/i/headshots/nba/players/full/5104157.png&w=96&h=70&cb=1
walkerkessler-C,Walker Kessler,C,UTAH,https://a.espncdn.com/combiner/i?img=/i/headshots/nba/players/full/4432166.png&w=96&h=70&cb=1
wendellcarterjr-C,Wendell Carter Jr,C,ORL,https://a.espncdn.com/combiner/i?img=/i/headshots/nba/players/full/4277847.png&w=96&h=70&cb=1
xaviertillman-PF,Xavier Tillman,PF,MEM,https://a.espncdn.com/combiner/i?img=/i/headshots/nba/players/full/4277964.png&w=96&h=70&cb=1
zachcollins-C,Zach Collins,C,SA,https://a.espncdn.com/combiner/i?img=/i/headshots/nba/players/full/4066650.png&w=96&h=70&cb=1
zachlavine-SG,Zach LaVine,SG,CHI,https://a.espncdn.com/combiner/i?img=/i/headshots/nba/players/full/4065648.png&w=96&h=70&cb=1
ziairewilliams-SG,Ziaire Williams,SG,MEM,https://a.espncdn.com/combiner/i?img=/i/headshots/nba/players/full/4433137.png&w=96&h=70&cb=1
zionwilliamson-PF,Zion Williamson,PF,NO,https://a.espncdn.com/combiner/i?img=/i/headshots/nba/players/full/4395628.png&w=96&h=70&cb=1
