week,id,injury,opp,proj,prev_score,roster,roster_change,total_pts,avg_pts
0,aaronashby-SP,IL60,@COL,,,1.6,-0.2,209.0,6.1
0,aaroncivale-SP,IL15,@NYY,,,9.4,-0.7,263.0,10.1
0,aaronjudge-OF,IL10,CLE,,,99.9,0.0,470.0,3.2
0,aaronnola-SP,,@LAD,,,99.7,0.0,478.0,14.9
0,adalbertomondesi-SS,IL60,TOR,,,4.0,0.0,176.0,1.6
0,adamduvall-OF,IL10,TOR,,,54.6,-3.6,266.0,1.9
0,adamfrazier-2B,,@KC,,,16.3,-3.7,286.0,2.1
0,adamottavino-RP,,@DET,,,9.6,-1.2,181.0,2.3
0,adamwainwright-SP,IL15,LAA,,,15.2,0.0,244.0,10.2
0,adbertalzolay-RP,,@WSH,,,1.6,-0.1,79.0,3.8
0,adleyrutschman-C,,@KC,,,99.6,-0.1,326.0,2.8
0,adolisgarcia-OF,,ARI,,,89.1,6.2,325.0,2.1
0,ajminter-RP,,@MIA,,,23.2,-15.9,195.0,2.7
0,ajpuk-RP,,ATL,,,22.0,8.6,106.0,1.7
0,alecbohm-3B,,@LAD,,,80.3,-0.9,297.0,1.9
0,alejandrokirk-C,,@BOS,,,78.5,-3.2,307.0,2.3
0,alekmanoah-SP,,@BOS,,,94.6,-0.2,424.0,13.7
0,alexbregman-3B,,SF,,,97.4,-0.1,438.0,3.0
0,alexcobb-SP,,@HOU,,,50.7,6.8,285.0,11.0
0,alexisdiaz-RP,,@SD,,,39.0,0.2,259.0,3.8
0,alexlange-RP,,NYM,,,8.8,1.5,191.0,2.9
0,alexverdugo-OF,,TOR,,,90.1,1.9,327.0,2.3
0,alexwood-SP,IL15,@HOU,,,2.8,-0.3,217.0,9.9
0,amedrosario-SS,,@NYY,,,55.7,-2.4,330.0,2.1
0,andresgimenez-2B,,@NYY,,,76.7,-6.8,325.0,2.1
0,andresmunoz-RP,IL15,@OAK,,,53.2,-1.1,208.0,3.3
0,andrewbenintendi-OF,DTD,MIN,,,19.3,-3.0,289.0,2.2
0,andrewchafin-RP,,@TEX,,,18.2,0.1,149.0,2.2
0,andrewheaney-SP,,ARI,,,31.8,-2.8,263.0,10.1
0,andrewmccutchen-OF,,@TB,,,32.3,3.1,292.0,2.3
0,andrewpainter-SP,DTD,@LAD,,,3.2,-0.2,98.0,9.8
0,andrewvaughn-OF,,MIN,,,72.8,-3.4,311.0,2.1
0,anthonydesclafani-SP,,@HOU,,,58.1,-1.1,189.0,6.1
0,anthonyrendon-3B,,@STL,,,39.2,-1.3,278.0,2.5
0,anthonyrizzo-1B,,CLE,,,92.0,-0.7,361.0,2.6
0,anthonysantander-OF,,@KC,,,67.0,-4.2,391.0,2.5
0,anthonyvolpe-SS,,CLE,,,46.3,-0.7,257.0,3.0
0,aroldischapman-RP,,BAL,,,21.7,-5.9,105.0,1.7
0,austinhays-OF,,@KC,,,35.0,-10.7,320.0,2.1
0,austinmeadows-OF,IL60,NYM,,,6.7,-0.8,282.0,2.5
0,austinriley-3B,,@MIA,,,97.7,-0.6,412.0,2.6
0,baileyfalter-SP,,@LAD,,,1.7,0.4,207.0,4.6
0,baileyober-SP,,@CHW,,,6.1,1.2,175.0,3.3
0,blakesnell-SP,,CIN,,,77.9,-2.3,356.0,12.7
0,bobbywittjr-SS,,BAL,,,96.7,-0.7,405.0,2.8
0,bobichette-SS,,@BOS,,,99.5,-0.1,422.0,2.7
0,bradboxberger-RP,,@WSH,,,3.7,0.1,179.0,2.5
0,bradkeller-SP,,BAL,,,6.8,-6.3,192.0,7.1
0,bradysinger-SP,,BAL,,,58.8,-4.3,350.0,11.3
0,brandoncrawford-SS,IL10,@HOU,,,2.9,-0.4,251.0,1.9
0,brandondrury-3B,,@STL,,,34.9,12.0,272.0,2.0
0,brandonlowe-2B,,PIT,,,85.0,-4.9,340.0,2.4
0,brandonmarsh-OF,,@LAD,,,42.6,7.8,166.0,1.2
0,brandonnimmo-OF,,@DET,,,92.9,0.7,366.0,2.5
0,brandonpfaadt-SP,,@TEX,,,6.5,1.6,54.0,2.6
0,brandonwoodruff-SP,IL15,@COL,,,95.8,-0.8,451.0,14.5
0,braxtongarrett-SP,,ATL,,,2.6,0.3,155.0,6.5
0,brayanbello-SP,,TOR,,,2.0,-2.0,167.0,8.4
0,brendandonovan-2B,,LAA,,,30.5,-8.7,236.0,2.2
0,brendanrodgers-2B,IL60,MIL,,,11.5,-0.4,56.0,2.2
0,brentrooker-OF,,SEA,,,47.7,41.4,47.0,1.7
0,brettbaty-3B,,@DET,,,14.7,0.1,251.0,2.4
0,briananderson-3B,,@COL,,,41.8,-2.6,164.0,1.6
0,briceturang-SS,,@COL,,,4.8,-4.1,75.0,2.2
0,brooksraley-RP,IL15,@DET,,,4.0,-1.7,134.0,2.1
0,brusdargraterol-RP,,PHI,,,4.3,0.9,152.0,2.9
0,bryanabreu-RP,,SF,,,15.5,8.8,105.0,2.0
0,bryanbaker-RP,,@KC,,,2.3,1.8,124.0,1.9
0,bryandelacruz-OF,,ATL,,,3.1,-1.4,179.0,1.6
0,bryanreynolds-OF,,@TB,,,98.7,0.4,367.0,2.4
0,bryceelder-SP,,@MIA,,,55.3,3.6,72.0,1.6
0,bryceharper-DH,IL10,@LAD,,,92.5,2.2,184.0,3.3
0,brycemiller-SP,,@OAK,,,4.8,4.6,0.0,0.0
0,brysewilson-SP,,@COL,,,2.0,0.6,46.0,2.4
0,brysonstott-SS,,@LAD,,,34.2,-0.2,250.0,1.9
0,byronbuxton-OF,,@CHW,,,72.3,2.9,264.0,2.6
0,calebthielbar-RP,,@CHW,,,1.6,0.5,121.0,2.2
0,calquantrill-SP,,@NYY,,,13.7,-5.6,300.0,9.4
0,calraleigh-C,,@OAK,,,26.8,-2.1,202.0,1.7
0,camilodoval-RP,,@HOU,,,62.7,-1.8,307.0,4.0
0,carloscarrasco-SP,IL15,@DET,,,5.2,-0.5,270.0,9.6
0,carloscorrea-SS,,@CHW,,,85.9,-3.2,363.0,2.6
0,carlosestevez-RP,,@STL,,,19.9,15.8,175.0,2.7
0,carlosrodon-SP,IL15,CLE,,,93.3,-0.2,389.0,16.2
0,carlossantana-1B,,@TB,,,20.8,2.2,304.0,2.2
0,cedricmullins-OF,,@KC,,,97.7,0.4,384.0,2.4
0,charlieblackmon-OF,,MIL,,,22.4,-2.2,298.0,2.2
0,charliemorton-SP,,@MIA,,,89.1,3.2,334.0,10.8
0,chasmccormick-OF,IL10,SF,,,5.4,-0.4,202.0,1.6
0,chrisbassitt-SP,,@BOS,,,79.4,-2.0,348.0,11.6
0,chrissale-SP,,TOR,,,65.4,-7.8,304.0,11.7
0,christaylor-OF,,PHI,,,4.2,0.1,202.0,1.6
0,christianbethancourt-C,,PIT,,,10.1,1.0,146.0,1.5
0,christianvazquez-C,,@CHW,,,4.1,-0.9,187.0,1.6
0,christianwalker-1B,,@TEX,,,70.7,-1.3,354.0,2.3
0,christianyelich-OF,,@COL,,,76.0,-3.4,324.0,2.1
0,cjabrams-SS,,CHC,,,11.6,-0.6,316.0,2.1
0,cjcron-1B,,MIL,,,72.5,-6.1,349.0,2.3
0,clarkeschmidt-RP,,CLE,,,2.4,-0.3,137.0,4.4
0,clayholmes-RP,,CLE,,,59.3,-9.1,284.0,4.2
0,claytonkershaw-SP,,PHI,,,97.7,1.0,297.0,14.1
0,codybellinger-OF,,@WSH,,,87.0,9.5,271.0,1.8
0,coleirvin-SP,,@KC,,,1.6,-0.3,271.0,8.7
0,colinholderman-RP,,@TB,,,4.2,0.6,57.0,1.5
0,colinrea-SP,,@COL,,,1.1,-2.6,55.0,3.4
0,collinmchugh-RP,,@MIA,,,1.3,-0.2,150.0,3.8
0,connorjoe-OF,,@TB,,,16.0,2.6,127.0,1.7
0,corbinburnes-SP,,@COL,,,99.8,0.0,527.0,16.5
0,corbincarroll-OF,DTD,@TEX,,,89.9,0.9,340.0,2.8
0,coreykluber-SP,,TOR,,,7.7,-0.2,277.0,9.2
0,coreyseager-SS,IL10,ARI,,,96.7,-0.4,444.0,2.9
0,craigkimbrel-RP,,@LAD,,,17.7,1.4,240.0,3.5
0,cristianjavier-SP,,SF,,,97.2,0.1,402.0,13.4
0,danedunning-SP,,ARI,,,2.4,-0.7,118.0,5.1
0,danielbard-RP,,MIL,,,26.3,-4.6,225.0,4.5
0,danielhudson-RP,IL60,PHI,,,3.6,-0.5,188.0,3.2
0,dannyjansen-C,,@BOS,,,15.4,0.2,261.0,2.1
0,dansbyswanson-SS,,@WSH,,,91.9,-1.6,357.0,2.3
0,daultonvarsho-C,,@BOS,,,88.0,-6.0,335.0,2.3
0,davidbednar-RP,,@TB,,,88.2,3.9,241.0,4.2
0,davidpeterson-SP,,@DET,,,5.3,-2.7,219.0,8.4
0,davidrobertson-RP,,@DET,,,70.5,-2.3,260.0,4.3
0,deankremer-SP,,@KC,,,1.3,-0.4,170.0,7.1
0,devinwilliams-RP,,@COL,,,95.2,-0.3,364.0,5.4
0,djlemahieu-3B,,CLE,,,70.9,-0.7,302.0,2.5
0,domingogerman-SP,,CLE,,,12.6,3.2,235.0,9.8
0,drewrasmussen-SP,,PIT,,,88.9,-3.1,316.0,11.3
0,drewsmith-RP,,@DET,,,1.6,-0.2,79.0,2.0
0,drewsmyly-SP,,@WSH,,,28.6,20.9,154.0,7.0
0,dreyjameson-SP,,@TEX,,,2.9,-6.3,111.0,5.8
0,dustinmay-SP,,PHI,,,80.5,-0.7,266.0,11.1
0,dylancarlson-OF,,LAA,,,3.9,-0.5,297.0,2.0
0,dylancease-SP,,MIN,,,98.5,-1.1,450.0,14.1
0,dylanfloro-RP,,ATL,,,7.7,-1.1,214.0,3.6
0,dylanlee-RP,,@MIA,,,3.4,-1.4,118.0,2.2
0,eddierosario-OF,,@MIA,,,2.3,1.0,210.0,1.9
0,eduardorodriguez-SP,,NYM,,,52.4,29.7,250.0,9.6
0,edwardcabrera-SP,,ATL,,,11.8,-1.4,194.0,8.1
0,edwindiaz-RP,IL60,@DET,,,19.7,-0.9,0.0,0.0
0,eliasdiaz-C,,MIL,,,27.0,-11.9,173.0,1.7
0,elimorgan-RP,,@NYY,,,3.0,-0.6,101.0,1.4
0,ellydelacruz-SS,,@SD,,,2.3,-0.1,18.0,3.0
0,eloyjimenez-OF,DTD,MIN,,,67.2,-5.9,315.0,2.3
0,elvisandrus-SS,,MIN,,,2.4,-0.4,271.0,2.0
0,emmanuelclase-RP,,@NYY,,,97.8,-0.2,381.0,5.1
0,enriquehernandez-OF,,TOR,,,11.9,-0.4,280.0,2.1
0,ericlauer-SP,,@COL,,,7.4,-3.6,273.0,9.8
0,erikswanson-RP,,@BOS,,,11.4,5.1,129.0,2.2
0,esteuryruiz-OF,,SEA,,,11.2,0.4,219.0,2.6
0,eugeniosuarez-3B,,@OAK,,,29.8,-4.0,297.0,2.0
0,euryperez-SP,,ATL,,,1.2,0.0,29.0,2.1
0,evanphillips-RP,,PHI,,,20.7,-2.0,229.0,4.5
0,ezequieltovar-SS,,MIL,,,7.7,-1.2,297.0,2.8
0,felixbautista-RP,,@KC,,,92.5,0.5,313.0,4.7
0,fernandotatisjr-SS,,CIN,,,99.2,0.1,377.0,2.9
0,frambervaldez-SP,,SF,,,98.9,0.0,407.0,12.7
0,franciscoalvarez-DH,,@DET,,,3.5,-0.1,144.0,2.4
0,franciscolindor-SS,,@DET,,,98.9,-0.3,423.0,2.7
0,frankiemontas-SP,IL60,CLE,,,3.5,0.0,40.0,10.0
0,freddiefreeman-1B,,PHI,,,99.9,0.0,502.0,3.2
0,freddyperalta-SP,,@COL,,,86.8,1.3,292.0,11.7
0,gabrielmoreno-C,,@TEX,,,9.2,-0.6,269.0,2.6
0,garrettcooper-1B,DTD,ATL,,,6.0,-4.2,214.0,1.7
0,garrettmitchell-OF,IL60,@COL,,,4.4,-2.9,162.0,1.9
0,garrettwhitlock-RP,IL15,TOR,,,10.3,-4.8,280.0,11.7
0,gavinstone-SP,,PHI,,,5.3,4.1,90.0,2.9
0,georgekirby-SP,,@OAK,,,87.6,2.3,303.0,10.8
0,georgespringer-OF,DTD,@BOS,,,94.7,-2.4,399.0,3.0
0,geraldoperdomo-SS,,@TEX,,,9.9,1.8,37.0,1.5
0,germanmarquez-SP,IL15,MIL,,,8.0,-2.6,294.0,9.5
0,gerritcole-SP,,CLE,,,99.9,0.0,547.0,17.1
0,giancarlostanton-OF,IL10,CLE,,,68.9,-2.9,257.0,2.2
0,giourshela-3B,,@STL,,,5.8,-0.5,268.0,2.0
0,giovannygallegos-RP,,LAA,,,9.9,-0.8,199.0,3.3
0,gleybertorres-2B,,CLE,,,89.1,-0.9,322.0,2.2
0,grahamashcraft-SP,,@SD,,,42.3,-2.8,161.0,3.4
0,graysonrodriguez-SP,,@KC,,,25.7,0.8,207.0,8.6
0,gregorysoto-RP,,@LAD,,,3.2,0.8,119.0,1.9
0,griffincanning-SP,,@STL,,,1.9,0.4,68.0,4.5
0,gunnarhenderson-3B,,@KC,,,61.0,-5.2,342.0,2.6
0,haroldramirez-1B,,PIT,,,31.6,5.7,219.0,1.8
0,harrisonbader-OF,,CLE,,,10.1,-0.1,268.0,2.0
0,haseongkim-SS,,CIN,,,9.7,-1.7,260.0,1.9
0,haydenwesneski-SP,,@WSH,,,6.8,2.1,199.0,4.6
0,hectorneris-RP,,SF,,,2.2,0.0,144.0,2.2
0,hunterbrown-SP,,SF,,,72.9,20.3,245.0,10.2
0,huntergreene-SP,,@SD,,,86.7,0.5,300.0,10.7
0,hunterrenfroe-OF,,@STL,,,83.4,1.9,316.0,2.3
0,ianhapp-OF,,@WSH,,,69.7,-2.0,304.0,2.0
0,isaacparedes-3B,,PIT,,,29.3,4.1,274.0,2.2
0,jackflaherty-SP,,LAA,,,33.1,-5.5,263.0,11.0
0,jacksuwinski-OF,,@TB,,,19.3,14.5,148.0,1.8
0,jacobdegrom-SP,IL15,ARI,,,99.6,0.0,376.0,17.9
0,jakeburger-3B,,MIN,,,3.9,0.6,85.0,1.7
0,jakecronenworth-2B,,CIN,,,86.9,-2.1,405.0,2.6
0,jakemccarthy-OF,,@TEX,,,17.3,-5.5,302.0,2.2
0,jameskarinchak-RP,,@NYY,,,3.8,-1.2,132.0,2.1
0,jamesontaillon-SP,IL15,@WSH,,,18.6,-1.7,301.0,9.7
0,jamesoutman-OF,,PHI,,,70.7,7.8,59.0,2.7
0,jaredwalsh-1B,IL10,@STL,,,3.7,-0.2,203.0,1.8
0,jarredkelenic-OF,,@OAK,,,59.7,11.6,192.0,1.9
0,jarrenduran-OF,,TOR,,,12.4,9.5,61.0,2.1
0,jasonadam-RP,,PIT,,,11.9,-2.3,209.0,3.2
0,javierbaez-SS,,NYM,,,15.9,-1.3,282.0,1.9
0,jazzchisholmjr-2B,,ATL,,,83.7,0.6,310.0,2.2
0,jddavis-3B,,@HOU,,,7.8,-0.8,190.0,1.4
0,jdmartinez-DH,IL10,PHI,,,63.3,-3.8,319.0,2.2
0,jeansegura-2B,,ATL,,,9.1,-1.1,291.0,2.2
0,jeffmcneil-2B,,@DET,,,87.3,2.2,339.0,2.3
0,jeffreysprings-SP,IL60,PIT,,,45.9,-9.5,296.0,11.0
0,jeimercandelario-3B,,CHC,,,4.6,-0.3,291.0,2.0
0,jeremypena-SS,,SF,,,67.4,2.8,290.0,1.9
0,jessechavez-RP,,@MIA,,,5.6,-3.3,113.0,2.0
0,jessewinker-OF,,@COL,,,13.2,-4.0,321.0,2.4
0,jesusluzardo-SP,,ATL,,,78.7,-6.7,314.0,12.1
0,jhoanduran-RP,,@CHW,,,46.6,-2.2,187.0,2.8
0,jhonybrito-SP,,CLE,,,3.7,-3.6,51.0,2.0
0,jihwanbae-OF,,@TB,,,6.5,3.6,78.0,2.8
0,jocpederson-OF,,@HOU,,,7.7,-0.7,240.0,1.8
0,joemusgrove-SP,,CIN,,,88.1,-3.0,372.0,13.3
0,joeryan-SP,,@CHW,,,94.8,2.2,307.0,10.2
0,joeygallo-OF,,@CHW,,,16.2,5.2,208.0,1.6
0,joeylucchesi-SP,,@DET,,,9.9,6.5,97.0,4.2
0,joeymeneses-1B,,CHC,,,18.7,-0.5,257.0,2.2
0,joeyvotto-1B,IL10,@SD,,,3.1,-0.3,240.0,2.0
0,johanoviedo-RP,,@TB,,,29.7,-9.3,81.0,3.4
0,johnnycueto-SP,IL15,ATL,,,1.4,-0.1,215.0,8.3
0,johnschreiber-RP,,TOR,,,4.1,-1.0,146.0,2.4
0,jonahheim-C,,ARI,,,67.7,18.3,186.0,1.7
0,jonathanindia-2B,,@SD,,,70.6,0.3,313.0,2.1
0,jonberti-2B,,ATL,,,5.2,-0.6,140.0,1.6
0,jongray-SP,,ARI,,,55.2,-2.6,284.0,10.5
0,jordanlyles-SP,,BAL,,,1.3,-1.4,222.0,6.9
0,jordanmontgomery-SP,,LAA,,,80.4,-1.7,357.0,11.2
0,jordanromano-RP,,@BOS,,,93.6,-0.2,340.0,5.4
0,jordanwalker-3B,,LAA,,,30.7,-22.7,218.0,2.9
0,jorgelopez-RP,,@CHW,,,28.5,-2.6,181.0,3.9
0,jorgemateo-SS,,@KC,,,73.8,11.0,187.0,1.4
0,jorgepolanco-2B,,@CHW,,,62.3,6.1,271.0,2.6
0,jorgesoler-OF,,ATL,,,9.6,-3.1,196.0,1.9
0,joseabreu-1B,,SF,,,76.5,-6.7,365.0,2.5
0,josealtuve-2B,IL10,SF,,,94.7,0.0,319.0,3.2
0,josealvarado-RP,,@LAD,,,59.6,25.0,104.0,1.7
0,joseberrios-SP,,@BOS,,,70.9,7.4,321.0,10.7
0,joseleclerc-RP,,ARI,,,9.5,-3.6,198.0,3.7
0,josemiranda-1B,,@CHW,,,57.0,0.5,331.0,2.4
0,josequijada-RP,IL15,@STL,,,5.7,-8.8,74.0,1.6
0,josequintana-SP,IL60,@DET,,,1.3,0.0,141.0,9.4
0,joseramirez-3B,,@NYY,,,99.9,0.0,562.0,3.5
0,josesiri-OF,,PIT,,,2.6,-2.0,161.0,1.3
0,josetrevino-C,,CLE,,,3.2,-0.2,143.0,1.4
0,joseurquidy-SP,IL15,SF,,,13.8,-7.5,284.0,10.1
0,joshbell-1B,,@NYY,,,69.5,-1.7,374.0,2.4
0,joshdonaldson-3B,IL10,CLE,,,3.8,-0.3,192.0,2.0
0,joshfleming-RP,,PIT,,,1.3,0.9,96.0,5.6
0,joshhader-RP,,CIN,,,98.4,0.3,325.0,5.8
0,joshjung-3B,,ARI,,,22.7,2.7,258.0,2.3
0,joshlowe-OF,,PIT,,,48.0,0.7,93.0,2.1
0,joshnaylor-1B,,@NYY,,,43.4,-1.1,278.0,2.1
0,joshrojas-3B,,@TEX,,,18.9,-4.1,289.0,2.0
0,joshwinckowski-SP,,TOR,,,1.7,0.4,59.0,1.7
0,josiahgray-SP,,CHC,,,11.7,8.2,217.0,7.2
0,jpcrawford-SS,,@OAK,,,7.0,0.0,289.0,2.0
0,jtrealmuto-C,,@LAD,,,97.2,-0.4,333.0,2.4
0,juansoto-OF,,CIN,,,99.8,0.0,496.0,3.4
0,juliorodriguez-OF,DTD,@OAK,,,99.1,-0.5,415.0,2.7
0,juliourias-SP,,PHI,,,98.1,-1.2,427.0,13.3
0,juricksonprofar-OF,,MIL,,,11.2,-1.0,278.0,2.5
0,justinsteele-SP,,@WSH,,,86.3,7.9,265.0,9.1
0,justinturner-3B,,TOR,,,53.0,0.8,322.0,2.5
0,justinverlander-SP,IL15,@DET,,,99.3,0.0,388.0,14.9
0,kebryanhayes-3B,,@TB,,,21.4,2.3,276.0,1.9
0,keeganthompson-SP,,@WSH,,,1.4,0.0,113.0,2.4
0,keibertruiz-C,,CHC,,,55.8,-0.2,288.0,2.4
0,kendallgraveman-RP,,MIN,,,9.2,-1.9,186.0,3.0
0,kenleyjansen-RP,,TOR,,,85.6,-1.9,296.0,4.4
0,kentamaeda-SP,IL15,@CHW,,,3.2,-3.2,259.0,10.8
0,ketelmarte-2B,,@TEX,,,73.4,-1.5,318.0,2.4
0,kevingausman-SP,,@BOS,,,99.5,0.3,462.0,14.9
0,kodaisenga-SP,,@DET,,,75.9,-6.6,251.0,10.5
0,koltenwong-2B,,@OAK,,,3.3,-0.4,263.0,2.1
0,krisbryant-OF,,MIL,,,83.0,-1.8,349.0,2.6
0,krisbubic-SP,IL15,BAL,,,1.1,-0.7,81.0,4.3
0,kuttercrawford-SP,,TOR,,,1.1,0.3,84.0,2.2
0,kylebradish-SP,,@KC,,,3.3,-0.7,180.0,9.0
0,kylefinnegan-RP,,CHC,,,7.2,0.7,223.0,3.1
0,kylefreeland-SP,,MIL,,,16.6,-7.8,221.0,6.9
0,kylegibson-SP,,@KC,,,26.5,2.9,218.0,7.0
0,kyleschwarber-OF,,@LAD,,,96.7,-1.1,397.0,2.7
0,kyletucker-OF,,SF,,,99.8,0.0,458.0,3.2
0,kylewright-SP,,@MIA,,,69.9,-3.7,333.0,11.9
0,lamontewadejr-OF,,@HOU,,,5.5,4.5,187.0,1.8
0,lancelynn-SP,,MIN,,,72.0,-6.5,331.0,12.3
0,lancemccullersjr-SP,IL15,SF,,,50.1,0.1,263.0,11.4
0,lanethomas-OF,,CHC,,,3.6,-1.0,251.0,1.7
0,larsnootbaar-OF,,LAA,,,21.2,-2.0,309.0,2.1
0,liamhendriks-RP,IL15,MIN,,,18.7,1.3,90.0,4.5
0,loganallen-SP,,@NYY,,,15.9,10.6,32.0,2.3
0,logangilbert-SP,,@OAK,,,93.3,-1.2,369.0,11.5
0,loganohoppe-C,IL60,@STL,,,13.7,-11.4,160.0,2.7
0,loganwebb-SP,,@HOU,,,94.9,0.1,415.0,13.0
0,lourdesgurrieljr-OF,,@TEX,,,9.3,-0.5,272.0,2.2
0,lucasgiolito-SP,,MIN,,,84.7,-2.2,353.0,11.4
0,luisarraez-1B,,ATL,,,97.4,-0.1,361.0,2.5
0,luiscastillo-SP,,@OAK,,,99.5,0.0,414.0,13.4
0,luisgarcia-SP,DTD,SF,,,82.2,5.2,368.0,12.3
0,luisgarcia-SS,,CHC,,,4.7,-0.2,276.0,2.2
0,luisrobertjr-OF,DTD,MIN,,,84.0,-9.5,352.0,2.6
0,luisseverino-SP,IL15,CLE,,,71.0,-0.4,343.0,12.7
0,luisurias-3B,IL60,@COL,,,12.1,-1.2,272.0,1.9
0,mackenziegore-SP,,CHC,,,27.2,9.4,122.0,5.1
0,mannymachado-3B,,CIN,,,99.8,0.0,471.0,3.1
0,manuelmargot-OF,,PIT,,,3.7,-0.5,266.0,2.0
0,marcogonzales-SP,,@OAK,,,5.5,1.9,249.0,8.0
0,marcussemien-2B,,ARI,,,99.5,0.1,420.0,2.7
0,marcusstroman-SP,,@WSH,,,88.4,-0.5,277.0,9.9
0,markcanha-OF,,@DET,,,7.6,-0.8,313.0,2.3
0,markleiterjr-RP,,@WSH,,,1.4,0.1,84.0,1.8
0,martinperez-SP,,ARI,,,36.2,4.5,295.0,9.2
0,masatakayoshida-OF,,TOR,,,87.9,9.6,361.0,2.4
0,masonmiller-SP,,SEA,,,8.2,-1.9,0.0,0.0
0,masonthompson-RP,,CHC,,,2.4,1.6,29.0,1.1
0,mattbrash-RP,,@OAK,,,1.8,0.0,94.0,1.7
0,mattchapman-3B,,@BOS,,,95.2,0.8,318.0,2.1
0,matthewboyd-RP,,NYM,,,4.9,-0.7,221.0,8.5
0,mattmoore-RP,,@STL,,,2.1,1.7,122.0,2.5
0,mattolson-1B,,@MIA,,,99.4,0.0,462.0,2.9
0,mattstrahm-RP,,@LAD,,,18.3,9.1,83.0,1.8
0,mauriciodubon-OF,,SF,,,23.4,7.0,142.0,1.6
0,maxfried-SP,,@MIA,,,98.1,0.5,384.0,13.7
0,maxkepler-OF,,@CHW,,,3.4,0.3,259.0,2.2
0,maxmuncy-3B,,PHI,,,94.8,1.8,328.0,2.4
0,maxscherzer-SP,,@DET,,,99.8,0.0,441.0,15.8
0,merrillkelly-SP,,@TEX,,,66.7,-2.4,334.0,10.4
0,michaelbrantley-OF,IL10,SF,,,12.0,0.1,283.0,2.5
0,michaelconforto-OF,,@HOU,,,8.4,-2.2,265.0,2.1
0,michaelfulmer-RP,,@WSH,,,1.5,-0.9,145.0,2.5
0,michaelharrisii-OF,,@MIA,,,89.2,-1.3,370.0,2.7
0,michaelking-RP,,CLE,,,4.1,0.5,111.0,4.8
0,michaelkopech-SP,,MIN,,,16.8,-2.6,264.0,9.4
0,michaelsoroka-SP,,@MIA,,,4.5,-0.3,140.0,7.0
0,michaelwacha-SP,,CIN,,,8.6,-0.9,229.0,8.8
0,miguelvargas-1B,,PHI,,,17.3,-1.3,268.0,2.9
0,mikeclevinger-SP,,MIN,,,9.6,-5.2,192.0,7.4
0,miketrout-OF,,@STL,,,99.8,0.0,424.0,3.1
0,mikeyastrzemski-OF,IL10,@HOU,,,12.9,0.9,287.0,1.9
0,mikezunino-C,,@NYY,,,3.8,-1.6,189.0,1.7
0,milesmikolas-SP,,LAA,,,23.0,-1.8,307.0,9.6
0,mitchhaniger-OF,,@HOU,,,17.6,1.8,273.0,2.5
0,mitchkeller-SP,,@TB,,,38.1,10.9,224.0,7.2
0,mjmelendez-C,,BAL,,,59.1,-7.9,329.0,2.2
0,mookiebetts-OF,,PHI,,,99.9,0.0,478.0,3.3
0,mylesstraw-OF,,@NYY,,,12.0,-7.3,230.0,1.7
0,nathaneovaldi-SP,,ARI,,,58.1,1.4,302.0,11.2
0,nathaniellowe-1B,,ARI,,,84.1,0.2,329.0,2.1
0,nelsoncruz-DH,,CIN,,,3.7,-0.2,196.0,2.0
0,nestorcortes-SP,,CLE,,,95.8,-1.2,361.0,12.4
0,nickanderson-RP,,@MIA,,,1.2,-0.1,71.0,1.4
0,nickcastellanos-OF,,@LAD,,,85.9,6.0,304.0,2.2
0,nicklodolo-SP,,@SD,,,83.2,-7.0,319.0,10.6
0,nickmartinez-RP,,CIN,,,8.9,0.7,223.0,8.6
0,nickpivetta-SP,,TOR,,,9.3,-1.6,292.0,9.4
0,nicksenzel-OF,,@SD,,,6.0,5.6,216.0,1.5
0,nicohoerner-SS,,@WSH,,,92.0,5.6,324.0,2.3
0,noahsyndergaard-SP,,PHI,,,15.3,-5.8,224.0,9.0
0,nolanarenado-3B,,LAA,,,97.9,-1.2,434.0,2.9
0,nolangorman-2B,,LAA,,,45.0,-1.7,71.0,1.8
0,oneilcruz-SS,IL60,@TB,,,59.0,-2.6,342.0,2.5
0,orlandoarcia-2B,IL10,@MIA,,,21.8,-0.9,134.0,1.8
0,oscarcolas-OF,,MIN,,,4.3,-2.6,207.0,2.5
0,oscargonzalez-OF,,@NYY,,,7.9,-1.2,275.0,2.1
0,oswaldocabrera-OF,,CLE,,,3.9,-0.9,169.0,2.2
0,oswaldperaza-SS,,CLE,,,2.3,-0.7,175.0,2.1
0,ozziealbies-2B,,@MIA,,,98.6,0.6,380.0,2.7
0,pablolopez-SP,,@CHW,,,96.2,-0.8,359.0,11.6
0,patricksandoval-SP,,@STL,,,47.8,-1.7,309.0,11.0
0,patrickwisdom-3B,,@WSH,,,55.0,1.7,177.0,1.6
0,pauldejong-SS,,LAA,,,2.4,1.9,67.0,1.6
0,paulgoldschmidt-1B,,LAA,,,99.6,0.1,451.0,2.9
0,paulsewald-RP,,@OAK,,,68.3,6.8,253.0,4.0
0,petealonso-1B,,@DET,,,99.8,0.0,464.0,3.0
0,petefairbanks-RP,DTD,PIT,,,26.4,-2.8,225.0,4.4
0,peterstrzelecki-RP,,@COL,,,4.1,3.0,78.0,2.0
0,piercejohnson-RP,,MIL,,,4.7,-3.1,122.0,2.0
0,rafaeldevers-3B,,TOR,,,99.6,0.0,444.0,2.9
0,rafaelmontero-RP,,SF,,,5.5,-1.2,175.0,2.9
0,raiseliglesias-RP,IL15,@MIA,,,77.5,0.5,317.0,5.7
0,ramonlaureano-OF,,SEA,,,4.0,-0.5,253.0,1.8
0,randalgrichuk-OF,,MIL,,,2.8,0.1,259.0,1.9
0,randyarozarena-OF,,PIT,,,98.4,0.7,349.0,2.3
0,rangersuarez-SP,IL15,@LAD,,,24.4,-0.3,279.0,10.0
0,reiddetmers-SP,,@STL,,,35.9,-8.6,245.0,9.4
0,reynaldolopez-RP,DTD,MIN,,,3.2,-2.1,192.0,5.5
0,rhyshoskins-1B,IL60,@LAD,,,22.2,-1.0,0.0,0.0
0,richhill-SP,,@TB,,,4.3,2.9,170.0,7.1
0,rileygreene-OF,,NYM,,,14.2,-3.4,266.0,2.1
0,roansycontreras-SP,,@TB,,,11.3,5.2,208.0,7.4
0,robbieray-SP,IL15,@OAK,,,65.6,-24.9,409.0,12.8
0,rodolfocastro-2B,,@TB,,,5.1,2.4,200.0,1.8
0,ronaldacunajr-OF,DTD,@MIA,,,99.9,0.0,411.0,2.9
0,ronmarinaccio-RP,,CLE,,,2.4,-0.8,101.0,2.4
0,rossstripling-SP,,@HOU,,,6.6,-1.4,252.0,8.7
0,rowdytellez-1B,,@COL,,,71.3,2.3,342.0,2.3
0,ryanfeltner-SP,,MIL,,,1.4,1.2,119.0,2.2
0,ryanhelsley-RP,,LAA,,,73.1,-8.5,276.0,4.4
0,ryanmcmahon-3B,,MIL,,,12.5,-1.4,268.0,1.8
0,ryanmountcastle-1B,,@KC,,,76.0,-3.0,324.0,2.1
0,ryanpressly-RP,,SF,,,75.0,-0.7,323.0,5.9
0,rynenelson-SP,,@TEX,,,2.0,-1.0,170.0,8.1
0,salvadorperez-C,,BAL,,,86.5,-1.6,270.0,2.3
0,sandyalcantara-SP,,ATL,,,99.8,0.0,434.0,13.6
0,scottbarlow-RP,,BAL,,,41.0,-1.3,274.0,3.7
0,seanmanaea-SP,,@HOU,,,22.4,-5.8,331.0,10.7
0,seanmurphy-C,,@MIA,,,94.7,1.3,278.0,2.0
0,seiyasuzuki-OF,,@WSH,,,54.4,-3.5,294.0,2.1
0,seranthonydominguez-RP,,@LAD,,,3.9,-0.4,157.0,2.8
0,sethbrown-1B,IL10,SEA,,,7.2,-0.7,278.0,1.9
0,sethlugo-RP,,CIN,,,28.3,-9.8,127.0,2.5
0,shanebaz-SP,IL60,PIT,,,1.1,0.0,0.0,0.0
0,shanebieber-SP,,@NYY,,,99.8,0.0,443.0,13.8
0,shanemcclanahan-SP,,PIT,,,99.7,0.0,444.0,14.8
0,shealangeliers-DH,,SEA,,,11.5,4.4,177.0,1.8
0,shoheiohtani-DH,,@STL,,,99.9,0.0,867.0,31.0
0,sonnygray-SP,,@CHW,,,90.1,7.3,282.0,10.8
0,spencersteer-3B,,@SD,,,3.6,-1.3,244.0,2.1
0,spencerstrider-SP,,@MIA,,,99.8,0.1,407.0,14.5
0,spencertorkelson-1B,,NYM,,,8.0,-1.5,284.0,2.1
0,spencerturnbull-SP,,NYM,,,1.1,0.0,198.0,9.4
0,starlingmarte-OF,,@DET,,,76.0,-4.9,325.0,2.7
0,stevenkwan-OF,,@NYY,,,93.2,-0.9,405.0,2.7
0,stevenmatz-SP,,LAA,,,1.9,-0.2,184.0,8.4
0,stevenwilson-RP,,CIN,,,3.0,-3.2,78.0,1.5
0,taijuanwalker-SP,,@LAD,,,8.6,-2.2,262.0,8.7
0,tajbradley-SP,,PIT,,,20.9,-18.6,24.0,8.0
0,tannerbibee-SP,,@NYY,,,14.8,13.9,37.0,2.5
0,tannerhouck-RP,,TOR,,,7.8,-0.4,166.0,4.4
0,tarikskubal-SP,IL60,NYM,,,2.3,0.2,186.0,10.3
0,taylorrogers-RP,,@HOU,,,1.4,-0.2,149.0,2.3
0,taylorwalls-SS,,PIT,,,25.7,-1.2,122.0,1.3
0,taylorward-OF,,@STL,,,72.0,-6.2,323.0,2.2
0,teoscarhernandez-OF,,@OAK,,,66.8,-3.8,325.0,2.3
0,thairoestrada-2B,,@HOU,,,67.6,6.7,310.0,2.1
0,timanderson-SS,IL10,MIN,,,70.8,-1.2,299.0,2.4
0,tjfriedl-OF,,@SD,,,3.6,-0.6,244.0,2.0
0,tommyedman-2B,,LAA,,,85.9,1.2,362.0,2.3
0,tonygonsolin-SP,,PHI,,,63.7,2.4,287.0,11.0
0,tonykemp-2B,,SEA,,,3.2,-0.5,279.0,1.9
0,travisdarnaud-C,IL7,@MIA,,,20.6,-2.1,192.0,2.1
0,traycethompson-OF,,PHI,,,3.9,-1.9,197.0,1.7
0,treaturner-SS,,@LAD,,,99.8,0.0,468.0,3.0
0,trentgrisham-OF,,CIN,,,4.9,-1.3,253.0,1.7
0,trevorlarnach-OF,,@CHW,,,3.3,0.0,35.0,1.1
0,trevorrogers-SP,IL15,ATL,,,5.4,-0.8,242.0,9.3
0,trevorstephan-RP,,@NYY,,,2.2,-0.1,121.0,2.8
0,trevorstory-2B,IL60,TOR,,,6.3,0.2,132.0,2.2
0,trevorwilliams-RP,,CHC,,,1.5,0.3,161.0,5.8
0,treymancini-1B,,@WSH,,,9.6,0.5,228.0,1.9
0,tristoncasas-1B,,TOR,,,31.7,-2.9,355.0,2.5
0,tristonmckenzie-SP,IL60,@NYY,,,74.0,-0.4,263.0,12.5
0,tyfrance-1B,DTD,@OAK,,,82.9,-7.7,361.0,2.5
0,tyleranderson-SP,,@STL,,,34.6,-5.5,287.0,10.3
0,tylerglasnow-SP,IL15,PIT,,,82.9,0.8,294.0,14.7
0,tylermahle-SP,O,@CHW,,,60.1,-6.2,312.0,10.4
0,tyleroneill-OF,,LAA,,,27.8,-4.8,297.0,2.1
0,tylerrogers-RP,,@HOU,,,2.2,-0.2,114.0,1.6
0,tylerstephenson-C,,@SD,,,52.4,-3.2,282.0,2.0
0,tylerwells-SP,,@KC,,,23.5,17.8,179.0,3.7
0,tylormegill-SP,,@DET,,,14.2,-8.2,181.0,3.9
0,vaughngrissom-2B,,@MIA,,,31.3,-2.7,292.0,2.7
0,vincevelasquez-RP,,@TB,,,23.4,17.0,70.0,1.9
0,vinniepasquantino-1B,,BAL,,,88.6,0.8,413.0,2.9
0,vladimirguerrerojr-1B,,@BOS,,,99.9,0.0,490.0,3.1
0,wademiley-SP,,@COL,,,24.1,3.0,191.0,3.9
0,walkerbuehler-SP,IL60,PHI,,,3.6,0.1,0.0,0.0
0,wanderfranco-SS,,PIT,,,99.1,0.1,401.0,2.9
0,whitmerrifield-2B,,@BOS,,,30.9,2.4,291.0,2.2
0,williamcontreras-C,,@COL,,,42.1,-0.9,230.0,1.8
0,willsmith-C,,PHI,,,98.7,0.0,369.0,2.6
0,willsmith-RP,,ARI,,,5.6,2.0,123.0,2.2
0,willsoncontreras-C,,LAA,,,85.8,-0.8,258.0,2.2
0,willyadames-SS,,@COL,,,87.4,-2.7,325.0,2.1
0,wilmerflores-2B,,@HOU,,,19.7,-1.5,262.0,2.3
0,wilmyers-OF,O,@SD,,,5.6,-2.3,285.0,1.9
0,xanderbogaerts-SS,,CIN,,,98.6,0.1,364.0,2.5
0,yandydiaz-3B,DTD,PIT,,,90.9,2.3,353.0,2.5
0,yangomes-C,DTD,@WSH,,,9.6,8.0,115.0,1.6
0,yasmanigrandal-C,,MIN,,,9.2,-2.6,173.0,2.0
0,yenniercano-RP,,@KC,,,8.2,7.9,27.0,1.2
0,yimigarcia-RP,,@BOS,,,1.3,-0.3,113.0,1.7
0,yoanmoncada-3B,IL10,MIN,,,12.8,-1.6,247.0,1.8
0,yordanalvarez-OF,,SF,,,99.8,0.0,469.0,3.3
0,yudarvish-SP,,CIN,,,97.8,-0.4,410.0,13.7
0,yuseikikuchi-SP,,@BOS,,,36.1,24.7,201.0,4.3
0,zacgallen-SP,,@TEX,,,99.2,0.7,401.0,13.4
0,zacheflin-SP,,PIT,,,31.2,1.8,291.0,10.8
0,zachneto-SS,,@STL,,,3.3,-1.2,0.0,0.0
0,zachplesac-SP,,@NYY,,,1.6,-1.2,214.0,8.9
0,zackgreinke-SP,,BAL,,,4.4,-2.0,202.0,7.8
0,zackwheeler-SP,,@LAD,,,98.5,0.2,449.0,15.0
5,aaronashby-SP,IL60,@COL,,,1.6,-0.2,0.0,0.0
5,aaroncivale-SP,IL15,@NYY,,,9.4,-0.7,25.0,12.5
5,aaronjudge-OF,IL10,CLE,,,99.9,0.0,60.0,2.3
5,aaronnola-SP,,@LAD,,,99.7,0.0,60.0,10.0
5,adalbertomondesi-SS,IL60,TOR,,,4.0,0.0,0.0,0.0
5,adamduvall-OF,IL10,TOR,,,54.6,-3.6,58.0,7.3
5,adamfrazier-2B,,@KC,,,16.3,-3.7,57.0,2.0
5,adamottavino-RP,,@DET,,,9.6,-1.2,34.0,3.1
5,adamwainwright-SP,IL15,LAA,,,15.2,0.0,0.0,0.0
5,adbertalzolay-RP,,@WSH,,,1.6,-0.1,46.0,4.2
5,adleyrutschman-C,,@KC,,,99.6,-0.1,79.0,2.8
5,adolisgarcia-OF,,ARI,,,89.1,6.2,92.0,3.4
5,ajminter-RP,,@MIA,,,23.2,-15.9,32.0,2.3
5,ajpuk-RP,,ATL,,,22.0,8.6,74.0,6.7
5,alecbohm-3B,,@LAD,,,80.3,-0.9,68.0,2.3
5,alejandrokirk-C,,@BOS,,,78.5,-3.2,44.0,2.0
5,alekmanoah-SP,,@BOS,,,94.6,-0.2,34.0,5.7
5,alexbregman-3B,,SF,,,97.4,-0.1,71.0,2.4
5,alexcobb-SP,,@HOU,,,50.7,6.8,71.0,11.8
5,alexisdiaz-RP,,@SD,,,39.0,0.2,53.0,4.8
5,alexlange-RP,,NYM,,,8.8,1.5,57.0,4.4
5,alexverdugo-OF,,TOR,,,90.1,1.9,101.0,3.4
5,alexwood-SP,IL15,@HOU,,,2.8,-0.3,21.0,7.0
5,amedrosario-SS,,@NYY,,,55.7,-2.4,28.0,1.2
5,andresgimenez-2B,,@NYY,,,76.7,-6.8,59.0,2.1
5,andresmunoz-RP,IL15,@OAK,,,53.2,-1.1,13.0,3.3
5,andrewbenintendi-OF,DTD,MIN,,,19.3,-3.0,46.0,1.8
5,andrewchafin-RP,,@TEX,,,18.2,0.1,58.0,4.8
5,andrewheaney-SP,,ARI,,,31.8,-2.8,42.0,8.4
5,andrewmccutchen-OF,,@TB,,,32.3,3.1,73.0,2.8
5,andrewpainter-SP,DTD,@LAD,,,3.2,-0.2,0.0,0.0
5,andrewvaughn-OF,,MIN,,,72.8,-3.4,69.0,2.5
5,anthonydesclafani-SP,,@HOU,,,58.1,-1.1,76.0,15.2
5,anthonyrendon-3B,,@STL,,,39.2,-1.3,46.0,2.3
5,anthonyrizzo-1B,,CLE,,,92.0,-0.7,65.0,2.2
5,anthonysantander-OF,,@KC,,,67.0,-4.2,33.0,1.3
5,anthonyvolpe-SS,,CLE,,,46.3,-0.7,40.0,1.4
5,aroldischapman-RP,,BAL,,,21.7,-5.9,42.0,3.8
5,austinhays-OF,,@KC,,,35.0,-10.7,62.0,2.5
5,austinmeadows-OF,IL60,NYM,,,6.7,-0.8,5.0,0.8
5,austinriley-3B,,@MIA,,,97.7,-0.6,54.0,1.9
5,baileyfalter-SP,,@LAD,,,1.7,0.4,15.0,2.5
5,baileyober-SP,,@CHW,,,6.1,1.2,33.0,16.5
5,blakesnell-SP,,CIN,,,77.9,-2.3,20.0,3.3
5,bobbywittjr-SS,,BAL,,,96.7,-0.7,60.0,2.1
5,bobichette-SS,,@BOS,,,99.5,-0.1,95.0,3.3
5,bradboxberger-RP,,@WSH,,,3.7,0.1,31.0,2.6
5,bradkeller-SP,,BAL,,,6.8,-6.3,41.0,6.8
5,bradysinger-SP,,BAL,,,58.8,-4.3,11.0,1.8
5,brandoncrawford-SS,IL10,@HOU,,,2.9,-0.4,25.0,1.3
5,brandondrury-3B,,@STL,,,34.9,12.0,47.0,1.7
5,brandonlowe-2B,,PIT,,,85.0,-4.9,64.0,2.6
5,brandonmarsh-OF,,@LAD,,,42.6,7.8,72.0,2.6
5,brandonnimmo-OF,,@DET,,,92.9,0.7,79.0,2.8
5,brandonpfaadt-SP,,@TEX,,,6.5,1.6,0.0,0.0
5,brandonwoodruff-SP,IL15,@COL,,,95.8,-0.8,39.0,19.5
5,braxtongarrett-SP,,ATL,,,2.6,0.3,49.0,9.8
5,brayanbello-SP,,TOR,,,2.0,-2.0,4.0,1.3
5,brendandonovan-2B,,LAA,,,30.5,-8.7,41.0,1.8
5,brendanrodgers-2B,IL60,MIL,,,11.5,-0.4,0.0,0.0
5,brentrooker-OF,,SEA,,,47.7,41.4,87.0,4.0
5,brettbaty-3B,,@DET,,,14.7,0.1,19.0,1.6
5,briananderson-3B,,@COL,,,41.8,-2.6,59.0,2.1
5,briceturang-SS,,@COL,,,4.8,-4.1,25.0,1.0
5,brooksraley-RP,IL15,@DET,,,4.0,-1.7,23.0,1.6
5,brusdargraterol-RP,,PHI,,,4.3,0.9,34.0,2.6
5,bryanabreu-RP,,SF,,,15.5,8.8,60.0,4.3
5,bryanbaker-RP,,@KC,,,2.3,1.8,54.0,3.9
5,bryandelacruz-OF,,ATL,,,3.1,-1.4,24.0,1.0
5,bryanreynolds-OF,,@TB,,,98.7,0.4,91.0,3.4
5,bryceelder-SP,,@MIA,,,55.3,3.6,72.0,14.4
5,bryceharper-DH,IL10,@LAD,,,92.5,2.2,0.0,0.0
5,brycemiller-SP,,@OAK,,,4.8,4.6,0.0,0.0
5,brysewilson-SP,,@COL,,,2.0,0.6,55.0,6.1
5,brysonstott-SS,,@LAD,,,34.2,-0.2,57.0,2.0
5,byronbuxton-OF,,@CHW,,,72.3,2.9,66.0,2.5
5,calebthielbar-RP,,@CHW,,,1.6,0.5,26.0,2.6
5,calquantrill-SP,,@NYY,,,13.7,-5.6,27.0,4.5
5,calraleigh-C,,@OAK,,,26.8,-2.1,51.0,2.1
5,camilodoval-RP,,@HOU,,,62.7,-1.8,35.0,3.2
5,carloscarrasco-SP,IL15,@DET,,,5.2,-0.5,-12.0,-4.0
5,carloscorrea-SS,,@CHW,,,85.9,-3.2,38.0,1.5
5,carlosestevez-RP,,@STL,,,19.9,15.8,63.0,4.8
5,carlosrodon-SP,IL15,CLE,,,93.3,-0.2,0.0,0.0
5,carlossantana-1B,,@TB,,,20.8,2.2,68.0,2.6
5,cedricmullins-OF,,@KC,,,97.7,0.4,83.0,3.1
5,charlieblackmon-OF,,MIL,,,22.4,-2.2,64.0,2.4
5,charliemorton-SP,,@MIA,,,89.1,3.2,58.0,9.7
5,chasmccormick-OF,IL10,SF,,,5.4,-0.4,35.0,3.2
5,chrisbassitt-SP,,@BOS,,,79.4,-2.0,50.0,8.3
5,chrissale-SP,,TOR,,,65.4,-7.8,32.0,5.3
5,christaylor-OF,,PHI,,,4.2,0.1,23.0,1.0
5,christianbethancourt-C,,PIT,,,10.1,1.0,44.0,2.6
5,christianvazquez-C,,@CHW,,,4.1,-0.9,21.0,1.1
5,christianwalker-1B,,@TEX,,,70.7,-1.3,59.0,2.2
5,christianyelich-OF,,@COL,,,76.0,-3.4,53.0,2.0
5,cjabrams-SS,,CHC,,,11.6,-0.6,38.0,1.4
5,cjcron-1B,,MIL,,,72.5,-6.1,50.0,2.0
5,clarkeschmidt-RP,,CLE,,,2.4,-0.3,10.0,1.7
5,clayholmes-RP,,CLE,,,59.3,-9.1,27.0,2.5
5,claytonkershaw-SP,,PHI,,,97.7,1.0,129.0,21.5
5,codybellinger-OF,,@WSH,,,87.0,9.5,97.0,3.9
5,coleirvin-SP,,@KC,,,1.6,-0.3,-15.0,-5.0
5,colinholderman-RP,,@TB,,,4.2,0.6,18.0,1.4
5,colinrea-SP,,@COL,,,1.1,-2.6,24.0,6.0
5,collinmchugh-RP,,@MIA,,,1.3,-0.2,3.0,0.5
5,connorjoe-OF,,@TB,,,16.0,2.6,66.0,2.8
5,corbinburnes-SP,,@COL,,,99.8,0.0,67.0,11.2
5,corbincarroll-OF,DTD,@TEX,,,89.9,0.9,76.0,2.9
5,coreykluber-SP,,TOR,,,7.7,-0.2,15.0,2.5
5,coreyseager-SS,IL10,ARI,,,96.7,-0.4,32.0,2.9
5,craigkimbrel-RP,,@LAD,,,17.7,1.4,40.0,3.1
5,cristianjavier-SP,,SF,,,97.2,0.1,76.0,12.7
5,danedunning-SP,,ARI,,,2.4,-0.7,55.0,6.9
5,danielbard-RP,,MIL,,,26.3,-4.6,12.0,3.0
5,danielhudson-RP,IL60,PHI,,,3.6,-0.5,0.0,0.0
5,dannyjansen-C,,@BOS,,,15.4,0.2,31.0,1.7
5,dansbyswanson-SS,,@WSH,,,91.9,-1.6,62.0,2.3
5,daultonvarsho-C,,@BOS,,,88.0,-6.0,39.0,1.4
5,davidbednar-RP,,@TB,,,88.2,3.9,100.0,7.7
5,davidpeterson-SP,,@DET,,,5.3,-2.7,15.0,2.5
5,davidrobertson-RP,,@DET,,,70.5,-2.3,75.0,6.3
5,deankremer-SP,,@KC,,,1.3,-0.4,26.0,4.3
5,devinwilliams-RP,,@COL,,,95.2,-0.3,69.0,6.9
5,djlemahieu-3B,,CLE,,,70.9,-0.7,47.0,1.8
5,domingogerman-SP,,CLE,,,12.6,3.2,76.0,12.7
5,drewrasmussen-SP,,PIT,,,88.9,-3.1,67.0,11.2
5,drewsmith-RP,,@DET,,,1.6,-0.2,31.0,2.6
5,drewsmyly-SP,,@WSH,,,28.6,20.9,88.0,14.7
5,dreyjameson-SP,,@TEX,,,2.9,-6.3,37.0,6.2
5,dustinmay-SP,,PHI,,,80.5,-0.7,76.0,12.7
5,dylancarlson-OF,,LAA,,,3.9,-0.5,22.0,1.2
5,dylancease-SP,,MIN,,,98.5,-1.1,59.0,9.8
5,dylanfloro-RP,,ATL,,,7.7,-1.1,38.0,3.2
5,dylanlee-RP,,@MIA,,,3.4,-1.4,42.0,3.0
5,eddierosario-OF,,@MIA,,,2.3,1.0,35.0,1.4
5,eduardorodriguez-SP,,NYM,,,52.4,29.7,90.0,15.0
5,edwardcabrera-SP,,ATL,,,11.8,-1.4,42.0,7.0
5,edwindiaz-RP,IL60,@DET,,,19.7,-0.9,0.0,0.0
5,eliasdiaz-C,,MIL,,,27.0,-11.9,48.0,1.9
5,elimorgan-RP,,@NYY,,,3.0,-0.6,47.0,4.7
5,ellydelacruz-SS,,@SD,,,2.3,-0.1,0.0,0.0
5,eloyjimenez-OF,DTD,MIN,,,67.2,-5.9,29.0,1.4
5,elvisandrus-SS,,MIN,,,2.4,-0.4,35.0,1.2
5,emmanuelclase-RP,,@NYY,,,97.8,-0.2,78.0,4.9
5,enriquehernandez-OF,,TOR,,,11.9,-0.4,46.0,1.6
5,ericlauer-SP,,@COL,,,7.4,-3.6,37.0,7.4
5,erikswanson-RP,,@BOS,,,11.4,5.1,51.0,3.6
5,esteuryruiz-OF,,SEA,,,11.2,0.4,55.0,1.9
5,eugeniosuarez-3B,,@OAK,,,29.8,-4.0,38.0,1.4
5,euryperez-SP,,ATL,,,1.2,0.0,0.0,0.0
5,evanphillips-RP,,PHI,,,20.7,-2.0,40.0,3.6
5,ezequieltovar-SS,,MIL,,,7.7,-1.2,19.0,0.7
5,felixbautista-RP,,@KC,,,92.5,0.5,86.0,6.1
5,fernandotatisjr-SS,,CIN,,,99.2,0.1,27.0,2.7
5,frambervaldez-SP,,SF,,,98.9,0.0,80.0,13.3
5,franciscoalvarez-DH,,@DET,,,3.5,-0.1,6.0,0.4
5,franciscolindor-SS,,@DET,,,98.9,-0.3,76.0,2.6
5,frankiemontas-SP,IL60,CLE,,,3.5,0.0,0.0,0.0
5,freddiefreeman-1B,,PHI,,,99.9,0.0,84.0,2.8
5,freddyperalta-SP,,@COL,,,86.8,1.3,63.0,12.6
5,gabrielmoreno-C,,@TEX,,,9.2,-0.6,32.0,1.5
5,garrettcooper-1B,DTD,ATL,,,6.0,-4.2,31.0,1.3
5,garrettmitchell-OF,IL60,@COL,,,4.4,-2.9,23.0,1.4
5,garrettwhitlock-RP,IL15,TOR,,,10.3,-4.8,9.0,3.0
5,gavinstone-SP,,PHI,,,5.3,4.1,0.0,0.0
5,georgekirby-SP,,@OAK,,,87.6,2.3,65.0,13.0
5,georgespringer-OF,DTD,@BOS,,,94.7,-2.4,53.0,2.0
5,geraldoperdomo-SS,,@TEX,,,9.9,1.8,62.0,3.0
5,germanmarquez-SP,IL15,MIL,,,8.0,-2.6,33.0,8.3
5,gerritcole-SP,,CLE,,,99.9,0.0,146.0,24.3
5,giancarlostanton-OF,IL10,CLE,,,68.9,-2.9,38.0,2.9
5,giourshela-3B,,@STL,,,5.8,-0.5,42.0,1.7
5,giovannygallegos-RP,,LAA,,,9.9,-0.8,40.0,4.4
5,gleybertorres-2B,,CLE,,,89.1,-0.9,71.0,2.4
5,grahamashcraft-SP,,@SD,,,42.3,-2.8,74.0,14.8
5,graysonrodriguez-SP,,@KC,,,25.7,0.8,56.0,11.2
5,gregorysoto-RP,,@LAD,,,3.2,0.8,29.0,2.1
5,griffincanning-SP,,@STL,,,1.9,0.4,33.0,11.0
5,gunnarhenderson-3B,,@KC,,,61.0,-5.2,28.0,1.2
5,haroldramirez-1B,,PIT,,,31.6,5.7,61.0,2.9
5,harrisonbader-OF,,CLE,,,10.1,-0.1,0.0,0.0
5,haseongkim-SS,,CIN,,,9.7,-1.7,42.0,1.5
5,haydenwesneski-SP,,@WSH,,,6.8,2.1,34.0,6.8
5,hectorneris-RP,,SF,,,2.2,0.0,44.0,4.0
5,hunterbrown-SP,,SF,,,72.9,20.3,87.0,17.4
5,huntergreene-SP,,@SD,,,86.7,0.5,59.0,9.8
5,hunterrenfroe-OF,,@STL,,,83.4,1.9,82.0,2.9
5,ianhapp-OF,,@WSH,,,69.7,-2.0,74.0,2.7
5,isaacparedes-3B,,PIT,,,29.3,4.1,65.0,2.5
5,jackflaherty-SP,,LAA,,,33.1,-5.5,47.0,7.8
5,jacksuwinski-OF,,@TB,,,19.3,14.5,64.0,2.9
5,jacobdegrom-SP,IL15,ARI,,,99.6,0.0,105.0,17.5
5,jakeburger-3B,,MIN,,,3.9,0.6,53.0,2.5
5,jakecronenworth-2B,,CIN,,,86.9,-2.1,61.0,2.1
5,jakemccarthy-OF,,@TEX,,,17.3,-5.5,22.0,1.1
5,jameskarinchak-RP,,@NYY,,,3.8,-1.2,9.0,0.6
5,jamesontaillon-SP,IL15,@WSH,,,18.6,-1.7,15.0,5.0
5,jamesoutman-OF,,PHI,,,70.7,7.8,77.0,2.7
5,jaredwalsh-1B,IL10,@STL,,,3.7,-0.2,0.0,0.0
5,jarredkelenic-OF,,@OAK,,,59.7,11.6,70.0,2.7
5,jarrenduran-OF,,TOR,,,12.4,9.5,47.0,3.4
5,jasonadam-RP,,PIT,,,11.9,-2.3,26.0,2.4
5,javierbaez-SS,,NYM,,,15.9,-1.3,33.0,1.3
5,jazzchisholmjr-2B,,ATL,,,83.7,0.6,46.0,1.6
5,jddavis-3B,,@HOU,,,7.8,-0.8,54.0,2.2
5,jdmartinez-DH,IL10,PHI,,,63.3,-3.8,53.0,2.3
5,jeansegura-2B,,ATL,,,9.1,-1.1,15.0,0.6
5,jeffmcneil-2B,,@DET,,,87.3,2.2,81.0,2.8
5,jeffreysprings-SP,IL60,PIT,,,45.9,-9.5,72.0,24.0
5,jeimercandelario-3B,,CHC,,,4.6,-0.3,52.0,1.9
5,jeremypena-SS,,SF,,,67.4,2.8,76.0,2.6
5,jessechavez-RP,,@MIA,,,5.6,-3.3,26.0,1.9
5,jessewinker-OF,,@COL,,,13.2,-4.0,30.0,1.8
5,jesusluzardo-SP,,ATL,,,78.7,-6.7,72.0,12.0
5,jhoanduran-RP,,@CHW,,,46.6,-2.2,54.0,4.5
5,jhonybrito-SP,,CLE,,,3.7,-3.6,20.0,3.3
5,jihwanbae-OF,,@TB,,,6.5,3.6,47.0,1.7
5,jocpederson-OF,,@HOU,,,7.7,-0.7,40.0,2.4
5,joemusgrove-SP,,CIN,,,88.1,-3.0,4.0,2.0
5,joeryan-SP,,@CHW,,,94.8,2.2,110.0,22.0
5,joeygallo-OF,,@CHW,,,16.2,5.2,52.0,2.7
5,joeylucchesi-SP,,@DET,,,9.9,6.5,35.0,17.5
5,joeymeneses-1B,,CHC,,,18.7,-0.5,39.0,1.4
5,joeyvotto-1B,IL10,@SD,,,3.1,-0.3,0.0,0.0
5,johanoviedo-RP,,@TB,,,29.7,-9.3,45.0,7.5
5,johnnycueto-SP,IL15,ATL,,,1.4,-0.1,-14.0,-14.0
5,johnschreiber-RP,,TOR,,,4.1,-1.0,32.0,2.3
5,jonahheim-C,,ARI,,,67.7,18.3,79.0,3.4
5,jonathanindia-2B,,@SD,,,70.6,0.3,76.0,2.6
5,jonberti-2B,,ATL,,,5.2,-0.6,43.0,1.7
5,jongray-SP,,ARI,,,55.2,-2.6,35.0,7.0
5,jordanlyles-SP,,BAL,,,1.3,-1.4,12.0,2.0
5,jordanmontgomery-SP,,LAA,,,80.4,-1.7,57.0,9.5
5,jordanromano-RP,,@BOS,,,93.6,-0.2,72.0,5.1
5,jordanwalker-3B,,LAA,,,30.7,-22.7,35.0,1.8
5,jorgelopez-RP,,@CHW,,,28.5,-2.6,53.0,4.1
5,jorgemateo-SS,,@KC,,,73.8,11.0,87.0,3.8
5,jorgepolanco-2B,,@CHW,,,62.3,6.1,25.0,2.8
5,jorgesoler-OF,,ATL,,,9.6,-3.1,52.0,1.9
5,joseabreu-1B,,SF,,,76.5,-6.7,28.0,1.0
5,josealtuve-2B,IL10,SF,,,94.7,0.0,0.0,0.0
5,josealvarado-RP,,@LAD,,,59.6,25.0,78.0,6.5
5,joseberrios-SP,,@BOS,,,70.9,7.4,46.0,7.7
5,joseleclerc-RP,,ARI,,,9.5,-3.6,25.0,2.5
5,josemiranda-1B,,@CHW,,,57.0,0.5,52.0,1.9
5,josequijada-RP,IL15,@STL,,,5.7,-8.8,25.0,2.5
5,josequintana-SP,IL60,@DET,,,1.3,0.0,0.0,0.0
5,joseramirez-3B,,@NYY,,,99.9,0.0,88.0,3.0
5,josesiri-OF,,PIT,,,2.6,-2.0,22.0,2.2
5,josetrevino-C,,CLE,,,3.2,-0.2,34.0,1.9
5,joseurquidy-SP,IL15,SF,,,13.8,-7.5,30.0,5.0
5,joshbell-1B,,@NYY,,,69.5,-1.7,49.0,1.8
5,joshdonaldson-3B,IL10,CLE,,,3.8,-0.3,3.0,0.6
5,joshfleming-RP,,PIT,,,1.3,0.9,32.0,6.4
5,joshhader-RP,,CIN,,,98.4,0.3,95.0,7.3
5,joshjung-3B,,ARI,,,22.7,2.7,61.0,2.3
5,joshlowe-OF,,PIT,,,48.0,0.7,78.0,3.7
5,joshnaylor-1B,,@NYY,,,43.4,-1.1,45.0,1.7
5,joshrojas-3B,,@TEX,,,18.9,-4.1,54.0,2.3
5,joshwinckowski-SP,,TOR,,,1.7,0.4,62.0,5.6
5,josiahgray-SP,,CHC,,,11.7,8.2,57.0,9.5
5,jpcrawford-SS,,@OAK,,,7.0,0.0,47.0,1.7
5,jtrealmuto-C,,@LAD,,,97.2,-0.4,50.0,1.9
5,juansoto-OF,,CIN,,,99.8,0.0,70.0,2.3
5,juliorodriguez-OF,DTD,@OAK,,,99.1,-0.5,63.0,2.3
5,juliourias-SP,,PHI,,,98.1,-1.2,58.0,9.7
5,juricksonprofar-OF,,MIL,,,11.2,-1.0,39.0,1.6
5,justinsteele-SP,,@WSH,,,86.3,7.9,112.0,18.7
5,justinturner-3B,,TOR,,,53.0,0.8,66.0,2.2
5,justinverlander-SP,IL15,@DET,,,99.3,0.0,0.0,0.0
5,kebryanhayes-3B,,@TB,,,21.4,2.3,66.0,2.4
5,keeganthompson-SP,,@WSH,,,1.4,0.0,35.0,3.5
5,keibertruiz-C,,CHC,,,55.8,-0.2,51.0,2.1
5,kendallgraveman-RP,,MIN,,,9.2,-1.9,10.0,0.8
5,kenleyjansen-RP,,TOR,,,85.6,-1.9,62.0,6.9
5,kentamaeda-SP,IL15,@CHW,,,3.2,-3.2,-16.0,-4.0
5,ketelmarte-2B,,@TEX,,,73.4,-1.5,61.0,2.4
5,kevingausman-SP,,@BOS,,,99.5,0.3,111.0,18.5
5,kodaisenga-SP,,@DET,,,75.9,-6.6,55.0,11.0
5,koltenwong-2B,,@OAK,,,3.3,-0.4,16.0,0.7
5,krisbryant-OF,,MIL,,,83.0,-1.8,51.0,2.0
5,krisbubic-SP,IL15,BAL,,,1.1,-0.7,18.0,6.0
5,kuttercrawford-SP,,TOR,,,1.1,0.3,55.0,9.2
5,kylebradish-SP,,@KC,,,3.3,-0.7,10.0,2.5
5,kylefinnegan-RP,,CHC,,,7.2,0.7,27.0,2.5
5,kylefreeland-SP,,MIL,,,16.6,-7.8,45.0,7.5
5,kylegibson-SP,,@KC,,,26.5,2.9,74.0,12.3
5,kyleschwarber-OF,,@LAD,,,96.7,-1.1,64.0,2.1
5,kyletucker-OF,,SF,,,99.8,0.0,81.0,2.8
5,kylewright-SP,,@MIA,,,69.9,-3.7,16.0,4.0
5,lamontewadejr-OF,,@HOU,,,5.5,4.5,68.0,2.6
5,lancelynn-SP,,MIN,,,72.0,-6.5,15.0,2.5
5,lancemccullersjr-SP,IL15,SF,,,50.1,0.1,0.0,0.0
5,lanethomas-OF,,CHC,,,3.6,-1.0,41.0,1.5
5,larsnootbaar-OF,,LAA,,,21.2,-2.0,32.0,2.1
5,liamhendriks-RP,IL15,MIN,,,18.7,1.3,0.0,0.0
5,loganallen-SP,,@NYY,,,15.9,10.6,31.0,15.5
5,logangilbert-SP,,@OAK,,,93.3,-1.2,60.0,12.0
5,loganohoppe-C,IL60,@STL,,,13.7,-11.4,36.0,2.3
5,loganwebb-SP,,@HOU,,,94.9,0.1,57.0,9.5
5,lourdesgurrieljr-OF,,@TEX,,,9.3,-0.5,53.0,2.0
5,lucasgiolito-SP,,MIN,,,84.7,-2.2,56.0,9.3
5,luisarraez-1B,,ATL,,,97.4,-0.1,80.0,3.2
5,luiscastillo-SP,,@OAK,,,99.5,0.0,106.0,17.7
5,luisgarcia-SP,DTD,SF,,,82.2,5.2,52.0,8.7
5,luisgarcia-SS,,CHC,,,4.7,-0.2,52.0,2.3
5,luisrobertjr-OF,DTD,MIN,,,84.0,-9.5,45.0,1.6
5,luisseverino-SP,IL15,CLE,,,71.0,-0.4,0.0,0.0
5,luisurias-3B,IL60,@COL,,,12.1,-1.2,0.0,0.0
5,mackenziegore-SP,,CHC,,,27.2,9.4,67.0,11.2
5,mannymachado-3B,,CIN,,,99.8,0.0,49.0,1.7
5,manuelmargot-OF,,PIT,,,3.7,-0.5,42.0,1.7
5,marcogonzales-SP,,@OAK,,,5.5,1.9,41.0,8.2
5,marcussemien-2B,,ARI,,,99.5,0.1,93.0,3.3
5,marcusstroman-SP,,@WSH,,,88.4,-0.5,83.0,13.8
5,markcanha-OF,,@DET,,,7.6,-0.8,49.0,1.8
5,markleiterjr-RP,,@WSH,,,1.4,0.1,41.0,3.2
5,martinperez-SP,,ARI,,,36.2,4.5,77.0,12.8
5,masatakayoshida-OF,,TOR,,,87.9,9.6,80.0,3.3
5,masonmiller-SP,,SEA,,,8.2,-1.9,7.0,3.5
5,masonthompson-RP,,CHC,,,2.4,1.6,61.0,5.1
5,mattbrash-RP,,@OAK,,,1.8,0.0,35.0,2.2
5,mattchapman-3B,,@BOS,,,95.2,0.8,94.0,3.4
5,matthewboyd-RP,,NYM,,,4.9,-0.7,25.0,5.0
5,mattmoore-RP,,@STL,,,2.1,1.7,40.0,3.1
5,mattolson-1B,,@MIA,,,99.4,0.0,82.0,2.8
5,mattstrahm-RP,,@LAD,,,18.3,9.1,70.0,11.7
5,mauriciodubon-OF,,SF,,,23.4,7.0,62.0,2.6
5,maxfried-SP,,@MIA,,,98.1,0.5,68.0,17.0
5,maxkepler-OF,,@CHW,,,3.4,0.3,40.0,2.4
5,maxmuncy-3B,,PHI,,,94.8,1.8,89.0,3.4
5,maxscherzer-SP,,@DET,,,99.8,0.0,41.0,10.3
5,merrillkelly-SP,,@TEX,,,66.7,-2.4,56.0,9.3
5,michaelbrantley-OF,IL10,SF,,,12.0,0.1,0.0,0.0
5,michaelconforto-OF,,@HOU,,,8.4,-2.2,36.0,1.5
5,michaelfulmer-RP,,@WSH,,,1.5,-0.9,11.0,0.8
5,michaelharrisii-OF,,@MIA,,,89.2,-1.3,11.0,1.1
5,michaelking-RP,,CLE,,,4.1,0.5,38.0,4.8
5,michaelkopech-SP,,MIN,,,16.8,-2.6,3.0,0.6
5,michaelsoroka-SP,,@MIA,,,4.5,-0.3,0.0,0.0
5,michaelwacha-SP,,CIN,,,8.6,-0.9,26.0,5.2
5,miguelvargas-1B,,PHI,,,17.3,-1.3,46.0,1.6
5,mikeclevinger-SP,,MIN,,,9.6,-5.2,35.0,5.8
5,miketrout-OF,,@STL,,,99.8,0.0,83.0,3.1
5,mikeyastrzemski-OF,IL10,@HOU,,,12.9,0.9,62.0,2.6
5,mikezunino-C,,@NYY,,,3.8,-1.6,25.0,1.3
5,milesmikolas-SP,,LAA,,,23.0,-1.8,26.0,4.3
5,mitchhaniger-OF,,@HOU,,,17.6,1.8,19.0,3.2
5,mitchkeller-SP,,@TB,,,38.1,10.9,89.0,14.8
5,mjmelendez-C,,BAL,,,59.1,-7.9,21.0,0.8
5,mookiebetts-OF,,PHI,,,99.9,0.0,77.0,2.8
5,mylesstraw-OF,,@NYY,,,12.0,-7.3,47.0,1.7
5,nathaneovaldi-SP,,ARI,,,58.1,1.4,79.0,13.2
5,nathaniellowe-1B,,ARI,,,84.1,0.2,77.0,2.8
5,nelsoncruz-DH,,CIN,,,3.7,-0.2,40.0,2.0
5,nestorcortes-SP,,CLE,,,95.8,-1.2,61.0,10.2
5,nickanderson-RP,,@MIA,,,1.2,-0.1,46.0,3.8
5,nickcastellanos-OF,,@LAD,,,85.9,6.0,79.0,2.6
5,nicklodolo-SP,,@SD,,,83.2,-7.0,42.0,7.0
5,nickmartinez-RP,,CIN,,,8.9,0.7,68.0,11.3
5,nickpivetta-SP,,TOR,,,9.3,-1.6,33.0,6.6
5,nicksenzel-OF,,@SD,,,6.0,5.6,52.0,3.1
5,nicohoerner-SS,,@WSH,,,92.0,5.6,97.0,3.5
5,noahsyndergaard-SP,,PHI,,,15.3,-5.8,14.0,2.3
5,nolanarenado-3B,,LAA,,,97.9,-1.2,42.0,1.5
5,nolangorman-2B,,LAA,,,45.0,-1.7,61.0,2.3
5,oneilcruz-SS,IL60,@TB,,,59.0,-2.6,24.0,2.7
5,orlandoarcia-2B,IL10,@MIA,,,21.8,-0.9,35.0,2.7
5,oscarcolas-OF,,MIN,,,4.3,-2.6,23.0,1.0
5,oscargonzalez-OF,,@NYY,,,7.9,-1.2,17.0,0.7
5,oswaldocabrera-OF,,CLE,,,3.9,-0.9,27.0,1.0
5,oswaldperaza-SS,,CLE,,,2.3,-0.7,15.0,1.4
5,ozziealbies-2B,,@MIA,,,98.6,0.6,75.0,2.6
5,pablolopez-SP,,@CHW,,,96.2,-0.8,78.0,13.0
5,patricksandoval-SP,,@STL,,,47.8,-1.7,50.0,10.0
5,patrickwisdom-3B,,@WSH,,,55.0,1.7,72.0,2.8
5,pauldejong-SS,,LAA,,,2.4,1.9,19.0,2.7
5,paulgoldschmidt-1B,,LAA,,,99.6,0.1,90.0,3.2
5,paulsewald-RP,,@OAK,,,68.3,6.8,86.0,5.7
5,petealonso-1B,,@DET,,,99.8,0.0,93.0,3.2
5,petefairbanks-RP,DTD,PIT,,,26.4,-2.8,36.0,4.5
5,peterstrzelecki-RP,,@COL,,,4.1,3.0,46.0,3.3
5,piercejohnson-RP,,MIL,,,4.7,-3.1,29.0,2.6
5,rafaeldevers-3B,,TOR,,,99.6,0.0,94.0,3.2
5,rafaelmontero-RP,,SF,,,5.5,-1.2,35.0,2.5
5,raiseliglesias-RP,IL15,@MIA,,,77.5,0.5,0.0,0.0
5,ramonlaureano-OF,,SEA,,,4.0,-0.5,28.0,1.6
5,randalgrichuk-OF,,MIL,,,2.8,0.1,6.0,3.0
5,randyarozarena-OF,,PIT,,,98.4,0.7,99.0,3.5
5,rangersuarez-SP,IL15,@LAD,,,24.4,-0.3,0.0,0.0
5,reiddetmers-SP,,@STL,,,35.9,-8.6,32.0,6.4
5,reynaldolopez-RP,DTD,MIN,,,3.2,-2.1,16.0,1.1
5,rhyshoskins-1B,IL60,@LAD,,,22.2,-1.0,0.0,0.0
5,richhill-SP,,@TB,,,4.3,2.9,54.0,9.0
5,rileygreene-OF,,NYM,,,14.2,-3.4,29.0,1.1
5,roansycontreras-SP,,@TB,,,11.3,5.2,57.0,11.4
5,robbieray-SP,IL15,@OAK,,,65.6,-24.9,-7.0,-7.0
5,rodolfocastro-2B,,@TB,,,5.1,2.4,46.0,1.8
5,ronaldacunajr-OF,DTD,@MIA,,,99.9,0.0,119.0,4.1
5,ronmarinaccio-RP,,CLE,,,2.4,-0.8,31.0,3.1
5,rossstripling-SP,,@HOU,,,6.6,-1.4,17.0,2.8
5,rowdytellez-1B,,@COL,,,71.3,2.3,69.0,2.8
5,ryanfeltner-SP,,MIL,,,1.4,1.2,39.0,7.8
5,ryanhelsley-RP,,LAA,,,73.1,-8.5,22.0,2.4
5,ryanmcmahon-3B,,MIL,,,12.5,-1.4,40.0,1.4
5,ryanmountcastle-1B,,@KC,,,76.0,-3.0,70.0,2.5
5,ryanpressly-RP,,SF,,,75.0,-0.7,33.0,2.5
5,rynenelson-SP,,@TEX,,,2.0,-1.0,16.0,2.7
5,salvadorperez-C,,BAL,,,86.5,-1.6,52.0,2.0
5,sandyalcantara-SP,,ATL,,,99.8,0.0,43.0,8.6
5,scottbarlow-RP,,BAL,,,41.0,-1.3,22.0,2.2
5,seanmanaea-SP,,@HOU,,,22.4,-5.8,6.0,1.0
5,seanmurphy-C,,@MIA,,,94.7,1.3,90.0,3.6
5,seiyasuzuki-OF,,@WSH,,,54.4,-3.5,30.0,1.9
5,seranthonydominguez-RP,,@LAD,,,3.9,-0.4,8.0,0.6
5,sethbrown-1B,IL10,SEA,,,7.2,-0.7,10.0,1.3
5,sethlugo-RP,,CIN,,,28.3,-9.8,49.0,9.8
5,shanebaz-SP,IL60,PIT,,,1.1,0.0,0.0,0.0
5,shanebieber-SP,,@NYY,,,99.8,0.0,74.0,12.3
5,shanemcclanahan-SP,,PIT,,,99.7,0.0,116.0,19.3
5,shealangeliers-DH,,SEA,,,11.5,4.4,49.0,2.0
5,shoheiohtani-DH,,@STL,,,99.9,0.0,205.0,7.3
5,sonnygray-SP,,@CHW,,,90.1,7.3,123.0,20.5
5,spencersteer-3B,,@SD,,,3.6,-1.3,45.0,1.7
5,spencerstrider-SP,,@MIA,,,99.8,0.1,127.0,21.2
5,spencertorkelson-1B,,NYM,,,8.0,-1.5,36.0,1.4
5,spencerturnbull-SP,,NYM,,,1.1,0.0,-5.0,-0.8
5,starlingmarte-OF,,@DET,,,76.0,-4.9,50.0,1.9
5,stevenkwan-OF,,@NYY,,,93.2,-0.9,72.0,2.5
5,stevenmatz-SP,,LAA,,,1.9,-0.2,9.0,1.8
5,stevenwilson-RP,,CIN,,,3.0,-3.2,37.0,2.5
5,taijuanwalker-SP,,@LAD,,,8.6,-2.2,25.0,4.2
5,tajbradley-SP,,PIT,,,20.9,-18.6,57.0,19.0
5,tannerbibee-SP,,@NYY,,,14.8,13.9,21.0,21.0
5,tannerhouck-RP,,TOR,,,7.8,-0.4,51.0,10.2
5,tarikskubal-SP,IL60,NYM,,,2.3,0.2,0.0,0.0
5,taylorrogers-RP,,@HOU,,,1.4,-0.2,-1.0,-0.1
5,taylorwalls-SS,,PIT,,,25.7,-1.2,64.0,3.4
5,taylorward-OF,,@STL,,,72.0,-6.2,54.0,1.9
5,teoscarhernandez-OF,,@OAK,,,66.8,-3.8,43.0,1.5
5,thairoestrada-2B,,@HOU,,,67.6,6.7,74.0,2.7
5,timanderson-SS,IL10,MIN,,,70.8,-1.2,29.0,2.6
5,tjfriedl-OF,,@SD,,,3.6,-0.6,47.0,1.6
5,tommyedman-2B,,LAA,,,85.9,1.2,62.0,2.3
5,tonygonsolin-SP,,PHI,,,63.7,2.4,10.0,5.0
5,tonykemp-2B,,SEA,,,3.2,-0.5,30.0,1.3
5,travisdarnaud-C,IL7,@MIA,,,20.6,-2.1,15.0,1.9
5,traycethompson-OF,,PHI,,,3.9,-1.9,21.0,1.1
5,treaturner-SS,,@LAD,,,99.8,0.0,46.0,1.5
5,trentgrisham-OF,,CIN,,,4.9,-1.3,54.0,1.9
5,trevorlarnach-OF,,@CHW,,,3.3,0.0,49.0,1.8
5,trevorrogers-SP,IL15,ATL,,,5.4,-0.8,27.0,6.8
5,trevorstephan-RP,,@NYY,,,2.2,-0.1,42.0,3.2
5,trevorstory-2B,IL60,TOR,,,6.3,0.2,0.0,0.0
5,trevorwilliams-RP,,CHC,,,1.5,0.3,37.0,7.4
5,treymancini-1B,,@WSH,,,9.6,0.5,38.0,1.5
5,tristoncasas-1B,,TOR,,,31.7,-2.9,31.0,1.2
5,tristonmckenzie-SP,IL60,@NYY,,,74.0,-0.4,0.0,0.0
5,tyfrance-1B,DTD,@OAK,,,82.9,-7.7,69.0,2.5
5,tyleranderson-SP,,@STL,,,34.6,-5.5,25.0,5.0
5,tylerglasnow-SP,IL15,PIT,,,82.9,0.8,0.0,0.0
5,tylermahle-SP,O,@CHW,,,60.1,-6.2,55.0,11.0
5,tyleroneill-OF,,LAA,,,27.8,-4.8,24.0,1.0
5,tylerrogers-RP,,@HOU,,,2.2,-0.2,31.0,2.4
5,tylerstephenson-C,,@SD,,,52.4,-3.2,38.0,1.3
5,tylerwells-SP,,@KC,,,23.5,17.8,71.0,14.2
5,tylormegill-SP,,@DET,,,14.2,-8.2,51.0,8.5
5,vaughngrissom-2B,,@MIA,,,31.3,-2.7,15.0,1.1
5,vincevelasquez-RP,,@TB,,,23.4,17.0,78.0,13.0
5,vinniepasquantino-1B,,BAL,,,88.6,0.8,74.0,2.6
5,vladimirguerrerojr-1B,,@BOS,,,99.9,0.0,94.0,3.2
5,wademiley-SP,,@COL,,,24.1,3.0,74.0,14.8
5,walkerbuehler-SP,IL60,PHI,,,3.6,0.1,0.0,0.0
5,wanderfranco-SS,,PIT,,,99.1,0.1,89.0,3.3
5,whitmerrifield-2B,,@BOS,,,30.9,2.4,51.0,2.3
5,williamcontreras-C,,@COL,,,42.1,-0.9,38.0,1.7
5,willsmith-C,,PHI,,,98.7,0.0,64.0,4.3
5,willsmith-RP,,ARI,,,5.6,2.0,37.0,3.7
5,willsoncontreras-C,,LAA,,,85.8,-0.8,52.0,1.9
5,willyadames-SS,,@COL,,,87.4,-2.7,59.0,2.1
5,wilmerflores-2B,,@HOU,,,19.7,-1.5,47.0,2.1
5,wilmyers-OF,O,@SD,,,5.6,-2.3,20.0,0.9
5,xanderbogaerts-SS,,CIN,,,98.6,0.1,88.0,2.9
5,yandydiaz-3B,DTD,PIT,,,90.9,2.3,94.0,3.6
5,yangomes-C,DTD,@WSH,,,9.6,8.0,51.0,2.7
5,yasmanigrandal-C,,MIN,,,9.2,-2.6,42.0,1.7
5,yenniercano-RP,,@KC,,,8.2,7.9,54.0,6.0
5,yimigarcia-RP,,@BOS,,,1.3,-0.3,29.0,2.2
5,yoanmoncada-3B,IL10,MIN,,,12.8,-1.6,21.0,2.3
5,yordanalvarez-OF,,SF,,,99.8,0.0,77.0,3.3
5,yudarvish-SP,,CIN,,,97.8,-0.4,56.0,11.2
5,yuseikikuchi-SP,,@BOS,,,36.1,24.7,81.0,16.2
5,zacgallen-SP,,@TEX,,,99.2,0.7,131.0,21.8
5,zacheflin-SP,,PIT,,,31.2,1.8,60.0,15.0
5,zachneto-SS,,@STL,,,3.3,-1.2,24.0,1.5
5,zachplesac-SP,,@NYY,,,1.6,-1.2,0.0,0.0
5,zackgreinke-SP,,BAL,,,4.4,-2.0,9.0,1.5
5,zackwheeler-SP,,@LAD,,,98.5,0.2,78.0,13.0
6,aaronashby-SP,IL60,KC,,,1.5,-0.1,0.0,0.0
6,aaroncivale-SP,IL15,LAA,,,8.9,-0.3,25.0,12.5
6,aaronjudge-OF,,TB,,,99.9,0.0,67.0,2.3
6,aaronnola-SP,,@COL,,,99.3,-0.4,86.0,10.8
6,adalbertomondesi-SS,IL60,STL,,,3.9,-0.1,0.0,0.0
6,adamduvall-OF,IL60,STL,,,48.7,-5.2,58.0,7.3
6,adamfrazier-2B,,PIT,,,17.0,1.4,79.0,2.2
6,adamottavino-RP,,@WSH,,,7.8,-1.0,42.0,2.8
6,adamwainwright-SP,,@BOS,,,15.1,-0.5,4.0,4.0
6,adbertalzolay-RP,,@MIN,,,1.6,0.1,49.0,3.5
6,adleyrutschman-C,,PIT,,,99.5,-0.2,100.0,2.7
6,adolisgarcia-OF,,@OAK,,,91.2,1.6,110.0,3.1
6,adrianhouser-SP,,KC,,,1.4,1.2,7.0,7.0
6,ajminter-RP,,@TOR,,,19.2,-2.9,47.0,2.5
6,ajpuk-RP,,CIN,,,17.7,-7.0,72.0,4.8
6,alecbohm-3B,,@COL,,,76.0,-2.4,82.0,2.2
6,alejandrokirk-C,,ATL,,,73.4,-4.2,52.0,1.8
6,alekmanoah-SP,,ATL,,,89.6,-4.6,29.0,3.6
6,alexbregman-3B,,@CHW,,,96.7,-0.5,88.0,2.4
6,alexcobb-SP,,@ARI,,,63.1,12.8,116.0,14.5
6,alexisdiaz-RP,,@MIA,,,42.9,3.4,80.0,5.7
6,alexkirilloff-OF,,CHC,,,2.4,0.8,8.0,1.6
6,alexlange-RP,,SEA,,,22.4,12.8,84.0,4.9
6,alexverdugo-OF,,STL,,,92.0,0.4,120.0,3.2
6,alexwood-SP,IL15,@ARI,,,3.3,0.5,21.0,7.0
6,amedrosario-SS,,LAA,,,51.3,-3.2,33.0,1.1
6,andresgimenez-2B,,LAA,,,65.7,-9.0,59.0,1.7
6,andresmunoz-RP,IL15,@DET,,,50.9,-1.8,13.0,3.3
6,andrewbenintendi-OF,,HOU,,,17.6,-1.1,65.0,1.9
6,andrewchafin-RP,,SF,,,14.7,-3.1,62.0,3.6
6,andrewheaney-SP,,@OAK,,,30.4,-1.5,51.0,7.3
6,andrewmccutchen-OF,,@BAL,,,24.9,-7.1,87.0,2.6
6,andrewpainter-SP,DTD,@COL,,,3.0,-0.1,0.0,0.0
6,andrewvaughn-OF,,HOU,,,73.8,0.5,95.0,2.5
6,anthonydesclafani-SP,,@ARI,,,67.7,5.4,102.0,14.6
6,anthonyrendon-3B,,@CLE,,,45.7,6.7,74.0,2.6
6,anthonyrizzo-1B,,TB,,,91.0,-0.4,90.0,2.4
6,anthonysantander-OF,,PIT,,,74.3,8.1,72.0,2.1
6,anthonyvolpe-SS,,TB,,,45.0,-0.9,57.0,1.5
6,aroldischapman-RP,,@MIL,,,15.9,-5.2,33.0,2.2
6,austingomber-SP,,PHI,,,1.6,0.9,14.0,2.0
6,austinhays-OF,,PIT,,,28.6,-5.3,67.0,2.2
6,austinmeadows-OF,IL60,SEA,,,5.6,-0.6,5.0,0.8
6,austinriley-3B,,@TOR,,,97.1,-0.3,71.0,1.9
6,baileyober-SP,,CHC,,,25.3,18.2,73.0,18.3
6,blakesnell-SP,,@LAD,,,76.6,0.0,31.0,4.4
6,bobbywittjr-SS,,@MIL,,,97.2,0.6,91.0,2.4
6,bobichette-SS,,ATL,,,99.6,0.1,116.0,3.1
6,bradboxberger-RP,,@MIN,,,2.7,-1.1,29.0,1.8
6,bradkeller-SP,,@MIL,,,4.6,-2.0,38.0,4.8
6,bradysinger-SP,,@MIL,,,53.0,-4.0,14.0,1.8
6,brandoncrawford-SS,IL10,@ARI,,,2.6,-0.2,25.0,1.3
6,brandondrury-3B,,@CLE,,,33.9,-0.1,59.0,1.7
6,brandonlowe-2B,,@NYY,,,75.0,-9.0,63.0,1.9
6,brandonmarsh-OF,,@COL,,,29.9,-10.7,78.0,2.2
6,brandonnimmo-OF,,@WSH,,,91.5,-1.1,95.0,2.6
6,brandonpfaadt-SP,,SF,,,5.3,-5.2,-15.0,-7.5
6,brandonwoodruff-SP,IL15,KC,,,95.4,-0.4,39.0,19.5
6,braxtongarrett-SP,,CIN,,,1.8,-0.8,23.0,3.3
6,brayanbello-SP,,STL,,,2.9,0.3,35.0,7.0
6,brendandonovan-2B,,@BOS,,,25.0,-3.5,54.0,1.7
6,brendanrodgers-2B,IL60,PHI,,,11.1,-0.3,0.0,0.0
6,brentrooker-OF,,TEX,,,67.7,13.2,103.0,3.2
6,brettbaty-3B,,@WSH,,,13.9,-2.2,29.0,1.5
6,briananderson-3B,,KC,,,28.5,-9.9,64.0,1.8
6,briceturang-SS,,KC,,,3.5,-0.8,35.0,1.1
6,brooksraley-RP,IL15,@WSH,,,3.3,-0.4,23.0,1.6
6,brusdargraterol-RP,,SD,,,3.9,-0.6,39.0,2.4
6,bryanabreu-RP,,@CHW,,,14.4,-1.0,77.0,4.3
6,bryanbaker-RP,,PIT,,,3.8,0.6,57.0,3.2
6,bryanreynolds-OF,,@BAL,,,98.6,-0.2,103.0,2.9
6,bryceelder-SP,,@TOR,,,69.1,10.2,110.0,15.7
6,bryceharper-DH,,@COL,,,94.2,1.0,19.0,2.7
6,brycemiller-SP,,@DET,,,41.9,29.9,49.0,24.5
6,brysewilson-SP,,KC,,,1.5,-0.5,60.0,5.5
6,brysonstott-SS,,@COL,,,26.7,-5.6,62.0,1.7
6,byronbuxton-OF,,CHC,,,75.6,0.6,81.0,2.3
6,calebferguson-RP,O,SD,,,1.3,1.1,48.0,3.2
6,calquantrill-SP,,LAA,,,15.5,2.3,52.0,7.4
6,calraleigh-C,,@DET,,,26.9,-1.7,56.0,1.8
6,camilodoval-RP,,@ARI,,,68.4,5.9,82.0,4.8
6,carloscarrasco-SP,IL15,@WSH,,,5.0,-0.2,-12.0,-4.0
6,carloscorrea-SS,,CHC,,,83.3,-1.8,60.0,1.8
6,carlosestevez-RP,,@CLE,,,52.7,26.4,96.0,5.6
6,carlosrodon-SP,IL15,TB,,,91.7,-1.3,0.0,0.0
6,carlossantana-1B,,@BAL,,,21.1,-0.4,77.0,2.2
6,caseyschmitt-3B,,@ARI,,,6.3,6.2,24.0,8.0
6,cedricmullins-OF,,PIT,,,97.7,0.0,104.0,2.9
6,charlieblackmon-OF,,PHI,,,21.1,-0.9,83.0,2.4
6,charliemorton-SP,,@TOR,,,87.6,-0.5,77.0,11.0
6,chasmccormick-OF,DTD,@CHW,,,4.1,-1.3,34.0,2.8
6,chrisbassitt-SP,,ATL,,,81.0,2.5,73.0,10.4
6,chrissale-SP,,STL,,,69.2,4.1,50.0,7.1
6,christaylor-OF,,SD,,,7.3,3.1,51.0,1.7
6,christianbethancourt-C,,@NYY,,,7.6,-2.0,49.0,2.1
6,christianvazquez-C,,CHC,,,3.4,-0.5,17.0,0.7
6,christianwalker-1B,,SF,,,85.6,13.4,106.0,2.9
6,christianyelich-OF,,KC,,,75.2,0.2,80.0,2.2
6,christophermorel-OF,,@MIN,,,8.9,7.9,12.0,6.0
6,cjabrams-SS,,NYM,,,11.0,-0.6,49.0,1.4
6,cjcron-1B,,PHI,,,69.3,-3.1,64.0,1.9
6,clarkeschmidt-RP,,TB,,,4.6,2.0,38.0,4.8
6,clayholmes-RP,,TB,,,45.8,-8.3,36.0,2.4
6,claytonkershaw-SP,,SD,,,98.3,0.4,151.0,18.9
6,codybellinger-OF,,@MIN,,,91.0,2.4,114.0,3.4
6,coleirvin-SP,,PIT,,,1.4,-0.2,-15.0,-5.0
6,colinholderman-RP,,@BAL,,,4.3,0.1,28.0,1.9
6,connorjoe-OF,,@BAL,,,12.5,-5.3,74.0,2.2
6,corbinburnes-SP,,KC,,,99.8,0.0,74.0,10.6
6,corbincarroll-OF,,SF,,,89.7,0.5,88.0,2.7
6,coreykluber-SP,,STL,,,7.0,-0.3,22.0,3.1
6,coreyseager-SS,IL10,@OAK,,,96.7,0.0,32.0,2.9
6,craigkimbrel-RP,,@COL,,,13.9,-2.1,40.0,2.5
6,cristianjavier-SP,,@CHW,,,97.5,0.4,120.0,15.0
6,danedunning-SP,,@OAK,,,6.4,3.9,87.0,8.7
6,danielbard-RP,,PHI,,,19.7,-5.3,14.0,1.8
6,danielhudson-RP,IL60,SD,,,3.2,-0.3,0.0,0.0
6,dannyjansen-C,,ATL,,,14.5,-0.8,33.0,1.4
6,dansbyswanson-SS,,@MIN,,,91.5,-0.7,82.0,2.3
6,daultonvarsho-C,,ATL,,,91.0,3.1,73.0,2.0
6,davidbednar-RP,,@BAL,,,88.6,0.0,107.0,7.1
6,davidpeterson-SP,,@WSH,,,3.9,-0.9,7.0,1.0
6,davidrobertson-RP,,@WSH,,,70.6,-1.6,85.0,6.1
6,deankremer-SP,,PIT,,,1.8,0.7,63.0,7.9
6,devinwilliams-RP,,KC,,,93.8,-1.4,74.0,6.2
6,djlemahieu-3B,,TB,,,70.0,1.3,72.0,2.1
6,domingogerman-SP,,TB,,,22.2,8.5,92.0,11.5
6,drewrasmussen-SP,,@NYY,,,88.6,1.2,117.0,14.6
6,drewsmith-RP,,@WSH,,,1.9,0.2,41.0,2.7
6,drewsmyly-SP,,@MIN,,,39.3,6.7,93.0,13.3
6,dreyjameson-SP,,SF,,,1.9,-0.7,37.0,6.2
6,dustinmay-SP,,SD,,,84.9,5.0,101.0,14.4
6,dylancarlson-OF,,@BOS,,,3.8,0.0,44.0,1.6
6,dylancease-SP,,HOU,,,94.7,-3.5,54.0,6.8
6,dylanfloro-RP,,CIN,,,6.7,-0.8,53.0,3.3
6,dylanlee-RP,,@TOR,,,2.0,-0.9,55.0,3.1
6,eduardorodriguez-SP,,SEA,,,82.1,22.2,153.0,19.1
6,edwardcabrera-SP,,CIN,,,12.6,0.5,48.0,6.0
6,edwindiaz-RP,IL60,@WSH,,,19.1,-0.5,0.0,0.0
6,eliasdiaz-C,,PHI,,,32.2,3.7,68.0,2.1
6,elimorgan-RP,,LAA,,,2.0,-0.7,50.0,3.8
6,ellydelacruz-SS,,@MIA,,,2.9,0.6,0.0,0.0
6,eloyjimenez-OF,IL10,HOU,,,65.6,-1.6,49.0,2.0
6,emmanuelclase-RP,,LAA,,,97.8,0.1,101.0,5.1
6,enriquehernandez-OF,,STL,,,10.3,-1.3,57.0,1.6
6,ericlauer-SP,,KC,,,6.2,-1.4,42.0,6.0
6,erikswanson-RP,,ATL,,,11.6,-0.1,60.0,3.2
6,esteuryruiz-OF,,TEX,,,23.2,11.3,81.0,2.1
6,eugeniosuarez-3B,,@DET,,,26.1,-2.5,51.0,1.4
6,euryperez-SP,,CIN,,,21.3,20.0,0.0,0.0
6,evanphillips-RP,,SD,,,25.4,4.8,65.0,4.6
6,ezequielduran-3B,,@OAK,,,10.3,6.7,51.0,1.7
6,ezequieltovar-SS,,PHI,,,8.8,1.1,49.0,1.4
6,felixbautista-RP,,PIT,,,92.2,-0.4,97.0,5.7
6,fernandotatisjr-SS,,@LAD,,,99.3,0.1,50.0,2.8
6,frambervaldez-SP,,@CHW,,,99.0,0.0,126.0,15.8
6,franciscoalvarez-DH,,@WSH,,,5.3,1.6,25.0,1.2
6,franciscolindor-SS,,@WSH,,,98.7,-0.2,93.0,2.4
6,frankiemontas-SP,IL60,TB,,,3.5,0.0,0.0,0.0
6,freddiefreeman-1B,,SD,,,99.9,0.0,112.0,2.9
6,freddyperalta-SP,,KC,,,87.7,1.0,98.0,14.0
6,gabrielmoreno-C,,SF,,,8.5,-0.4,41.0,1.4
6,garrettcooper-1B,IL10,CIN,,,3.9,-1.1,31.0,1.3
6,garrettmitchell-OF,IL60,KC,,,3.2,-0.8,23.0,1.4
6,garrettwhitlock-RP,IL15,STL,,,9.4,-0.5,9.0,3.0
6,gavinstone-SP,,SD,,,1.6,-4.7,-5.0,-5.0
6,georgekirby-SP,,@DET,,,89.9,0.4,108.0,15.4
6,georgespringer-OF,DTD,ATL,,,91.5,-2.4,64.0,1.9
6,geraldoperdomo-SS,,SF,,,12.4,1.6,76.0,2.7
6,germanmarquez-SP,IL15,PHI,,,5.7,-1.1,33.0,8.3
6,gerritcole-SP,,TB,,,99.9,0.0,160.0,20.0
6,giancarlostanton-OF,IL10,TB,,,68.1,-0.4,38.0,2.9
6,giourshela-3B,,@CLE,,,5.4,-0.3,50.0,1.5
6,giovannygallegos-RP,,@BOS,,,7.2,-1.9,36.0,2.8
6,gleybertorres-2B,,TB,,,90.0,1.6,105.0,2.8
6,grahamashcraft-SP,,@MIA,,,29.5,-11.7,65.0,9.3
6,graysonrodriguez-SP,,PIT,,,21.3,-12.7,62.0,8.9
6,gregorysoto-RP,,@COL,,,2.6,-0.3,32.0,1.7
6,griffincanning-SP,,@CLE,,,1.3,-2.8,29.0,5.8
6,gunnarhenderson-3B,,PIT,,,57.0,-2.7,44.0,1.4
6,hanseralberto-2B,,HOU,,,2.0,1.3,33.0,1.8
6,haroldramirez-1B,,@NYY,,,30.4,-2.0,74.0,2.6
6,harrisonbader-OF,,TB,,,29.9,19.5,43.0,4.8
6,haseongkim-SS,,@LAD,,,9.5,-0.3,49.0,1.4
6,haydenwesneski-SP,,@MIN,,,10.4,4.0,64.0,9.1
6,hectorneris-RP,,@CHW,,,2.2,0.1,55.0,3.7
6,hunterbrown-SP,,@CHW,,,60.6,-9.8,83.0,11.9
6,huntergreene-SP,,@MIA,,,84.1,-2.8,60.0,7.5
6,hunterharvey-RP,,NYM,,,1.3,0.7,51.0,3.4
6,hunterrenfroe-OF,,@CLE,,,81.6,-1.3,102.0,2.8
6,ianhamilton-RP,,TB,,,2.4,2.1,67.0,5.2
6,ianhapp-OF,,@MIN,,,70.9,1.0,95.0,2.6
6,isaacparedes-3B,,@NYY,,,30.6,-1.4,77.0,2.3
6,jackflaherty-SP,,@BOS,,,19.8,-14.2,21.0,2.6
6,jacksuwinski-OF,,@BAL,,,11.6,-8.4,63.0,2.0
6,jacobdegrom-SP,IL15,@OAK,,,99.4,-0.2,105.0,17.5
6,jakecronenworth-2B,,@LAD,,,84.3,-1.7,77.0,2.1
6,jakeirvin-SP,,NYM,,,1.3,1.2,29.0,14.5
6,jakemccarthy-OF,,SF,,,15.1,-1.5,22.0,1.1
6,jameskarinchak-RP,,LAA,,,3.0,-0.2,11.0,0.6
6,jamesontaillon-SP,,@MIN,,,15.8,-4.5,17.0,3.4
6,jamesoutman-OF,,SD,,,70.3,-0.1,98.0,2.6
6,jamespaxton-SP,,STL,,,2.7,1.6,0.0,0.0
6,jaredwalsh-1B,IL10,@CLE,,,3.6,0.0,0.0,0.0
6,jarredkelenic-OF,,@DET,,,50.0,-10.0,80.0,2.3
6,jarrenduran-OF,,STL,,,19.4,4.3,67.0,3.0
6,jasonadam-RP,,@NYY,,,22.3,8.8,64.0,4.0
6,javierbaez-SS,,SEA,,,20.2,4.4,65.0,1.9
6,jazzchisholmjr-2B,,CIN,,,79.6,-3.8,51.0,1.4
6,jddavis-3B,,@ARI,,,8.0,0.5,67.0,2.0
6,jdmartinez-DH,,SD,,,62.3,-0.8,53.0,2.3
6,jeansegura-2B,,CIN,,,8.1,-0.8,19.0,0.6
6,jeffmcneil-2B,,@WSH,,,86.0,-2.4,86.0,2.3
6,jeffreysprings-SP,IL60,@NYY,,,41.8,-2.8,72.0,24.0
6,jeimercandelario-3B,DTD,NYM,,,3.6,-0.9,53.0,1.5
6,jeremypena-SS,,@CHW,,,64.8,-2.3,81.0,2.2
6,jessechavez-RP,,@TOR,,,4.8,-0.6,41.0,2.3
6,jessewinker-OF,,KC,,,11.2,-1.5,37.0,1.4
6,jesusluzardo-SP,,CIN,,,72.0,-7.1,90.0,11.3
6,jhoanduran-RP,,CHC,,,44.9,-1.7,71.0,4.7
6,jhonybrito-SP,,TB,,,2.9,-0.5,22.0,2.8
6,jihwanbae-OF,,@BAL,,,7.1,-0.3,50.0,1.5
6,jjbleday-OF,,TEX,,,3.6,3.2,27.0,3.0
6,jocpederson-OF,,@ARI,,,7.1,-0.5,52.0,2.1
6,joemusgrove-SP,,@LAD,,,86.2,-0.8,19.0,6.3
6,joeryan-SP,,CHC,,,95.9,0.9,137.0,19.6
6,joeygallo-OF,,CHC,,,9.5,-5.7,54.0,1.9
6,joeylucchesi-SP,,@WSH,,,4.1,-6.5,38.0,9.5
6,joeymeneses-1B,,NYM,,,18.5,0.5,63.0,1.8
6,joeyvotto-1B,IL10,@MIA,,,2.9,-0.2,0.0,0.0
6,johanoviedo-RP,,@BAL,,,12.1,-11.2,33.0,4.7
6,johnnycueto-SP,IL15,CIN,,,1.3,-0.1,-14.0,-14.0
6,johnschreiber-RP,,STL,,,3.7,-0.2,44.0,2.6
6,jonahheim-C,,@OAK,,,80.2,8.8,102.0,3.2
6,jonathanindia-2B,,@MIA,,,78.4,9.1,110.0,3.0
6,jonberti-2B,,CIN,,,5.2,0.3,56.0,1.6
6,jongray-SP,,@OAK,,,53.9,0.9,63.0,9.0
6,jordanmontgomery-SP,,@BOS,,,78.1,-2.4,61.0,7.6
6,jordanromano-RP,,ATL,,,90.7,-2.4,77.0,4.5
6,jordanwalker-3B,,@BOS,,,25.2,-3.6,35.0,1.8
6,jorgelopez-RP,,CHC,,,22.4,-4.0,62.0,3.4
6,jorgemateo-SS,,PIT,,,75.2,-1.2,89.0,2.8
6,jorgepolanco-2B,,CHC,,,57.7,-4.1,29.0,1.6
6,jorgesoler-OF,,CIN,,,10.0,1.7,78.0,2.2
6,joseabreu-1B,,@CHW,,,68.2,-6.2,33.0,0.9
6,josealtuve-2B,IL10,@CHW,,,95.0,0.3,0.0,0.0
6,josealvarado-RP,IL15,@COL,,,45.8,-15.2,76.0,5.4
6,joseberrios-SP,,ATL,,,67.6,-0.4,67.0,9.6
6,joseleclerc-RP,,@OAK,,,5.8,-2.3,19.0,1.6
6,josemiranda-1B,,CHC,,,48.4,-8.0,50.0,1.4
6,josequijada-RP,IL60,@CLE,,,2.3,-2.2,25.0,2.5
6,josequintana-SP,IL60,@WSH,,,1.3,0.0,0.0,0.0
6,joseramirez-3B,,LAA,,,99.9,0.0,106.0,2.9
6,josetrevino-C,,TB,,,3.1,0.0,43.0,1.7
6,joseurquidy-SP,IL15,@CHW,,,10.9,-1.6,30.0,5.0
6,joshbell-1B,,LAA,,,66.0,-2.5,61.0,1.7
6,joshdonaldson-3B,IL10,TB,,,3.5,-0.2,3.0,0.6
6,joshhader-RP,,@LAD,,,98.4,0.0,112.0,6.6
6,joshjung-3B,,@OAK,,,31.4,6.3,74.0,2.1
6,joshlowe-OF,,@NYY,,,48.0,0.3,102.0,3.4
6,joshnaylor-1B,,LAA,,,41.0,-2.0,47.0,1.4
6,joshrojas-3B,,SF,,,15.4,-3.0,56.0,1.9
6,joshwinckowski-SP,,STL,,,3.3,0.9,75.0,5.4
6,josiahgray-SP,,NYM,,,15.7,2.7,74.0,9.3
6,jpcrawford-SS,,@DET,,,6.5,-0.3,65.0,1.9
6,jpfrance-RP,,@CHW,,,7.0,7.0,15.0,15.0
6,jpsears-SP,,TEX,,,1.4,0.6,42.0,6.0
6,jtrealmuto-C,,@COL,,,96.7,-0.3,66.0,2.1
6,juansoto-OF,,@LAD,,,99.9,0.0,104.0,2.7
6,juliorodriguez-OF,,@DET,,,98.3,-0.7,66.0,1.9
6,juliourias-SP,,SD,,,98.5,0.1,97.0,12.1
6,juricksonprofar-OF,,PHI,,,10.3,-0.7,62.0,1.9
6,justinsteele-SP,,@MIN,,,90.1,3.1,144.0,18.0
6,justinturner-3B,,STL,,,53.5,1.0,93.0,2.4
6,justinverlander-SP,,@WSH,,,99.4,0.1,32.0,16.0
6,kebryanhayes-3B,,@BAL,,,18.9,-1.7,77.0,2.1
6,keibertruiz-C,,NYM,,,52.5,-2.6,63.0,2.0
6,kendallgraveman-RP,,HOU,,,8.2,-0.6,29.0,1.8
6,kenleyjansen-RP,,STL,,,85.1,1.1,87.0,7.3
6,kentamaeda-SP,IL15,CHC,,,2.8,-0.3,-16.0,-4.0
6,ketelmarte-2B,,SF,,,78.6,4.9,91.0,2.7
6,kevingausman-SP,,ATL,,,99.3,-0.4,117.0,14.6
6,kodaisenga-SP,,@WSH,,,75.0,0.5,74.0,10.6
6,koltenwong-2B,,@DET,,,2.9,-0.3,25.0,0.9
6,krisbryant-OF,,PHI,,,82.8,0.6,76.0,2.2
6,kylebradish-SP,,PIT,,,2.2,-0.3,15.0,3.0
6,kylefinnegan-RP,,NYM,,,7.9,0.2,36.0,2.4
6,kylefreeland-SP,,PHI,,,15.8,-0.5,73.0,9.1
6,kylegibson-SP,,PIT,,,18.9,-8.7,72.0,9.0
6,kylehendricks-SP,IL15,@MIN,,,1.2,0.1,0.0,0.0
6,kyleschwarber-OF,,@COL,,,93.2,-3.2,64.0,1.7
6,kyletucker-OF,,@CHW,,,99.8,0.0,97.0,2.6
6,kylewright-SP,IL15,@TOR,,,59.0,-7.5,12.0,2.4
6,lamontewadejr-OF,,@ARI,,,11.6,3.0,85.0,2.4
6,lancelynn-SP,,HOU,,,69.1,-2.2,21.0,2.6
6,lancemccullersjr-SP,IL15,@CHW,,,50.5,0.4,0.0,0.0
6,lanethomas-OF,,NYM,,,5.7,2.1,71.0,2.0
6,larsnootbaar-OF,,@BOS,,,21.9,1.7,60.0,2.5
6,liamhendriks-RP,IL15,HOU,,,23.9,4.0,0.0,0.0
6,loganallen-SP,,LAA,,,17.5,1.9,38.0,12.7
6,logangilbert-SP,,@DET,,,93.8,0.4,92.0,13.1
6,loganohoppe-C,IL60,@CLE,,,10.8,-1.8,36.0,2.3
6,loganwebb-SP,,@ARI,,,96.2,1.0,100.0,12.5
6,louievarland-SP,,CHC,,,4.0,1.6,31.0,10.3
6,lourdesgurrieljr-OF,,SF,,,31.2,22.0,94.0,2.8
6,lucasgiolito-SP,,HOU,,,88.9,2.9,98.0,12.3
6,luisarraez-1B,,CIN,,,97.3,-0.2,92.0,2.7
6,luiscastillo-SP,,@DET,,,99.4,-0.1,122.0,15.3
6,luisgarcia-SP,IL15,@CHW,,,54.4,-23.0,52.0,8.7
6,luisgarcia-SS,,NYM,,,10.0,5.2,76.0,2.4
6,luisortiz-SP,,@BAL,,,2.0,1.8,-1.0,-1.0
6,luisrobertjr-OF,,HOU,,,88.2,5.7,89.0,2.3
6,luisseverino-SP,IL15,TB,,,71.2,0.2,0.0,0.0
6,luisurias-3B,IL60,KC,,,11.3,-0.5,0.0,0.0
6,mackenziegore-SP,,NYM,,,26.2,3.5,81.0,11.6
6,mannymachado-3B,,@LAD,,,99.7,0.0,70.0,1.9
6,manuelmargot-OF,,@NYY,,,3.7,-0.2,58.0,1.9
6,marcellozuna-OF,,@TOR,,,5.2,2.8,45.0,1.8
6,marcogonzales-SP,,@DET,,,6.1,1.4,48.0,8.0
6,marcussemien-2B,,@OAK,,,99.7,0.1,128.0,3.5
6,marcusstroman-SP,,@MIN,,,88.6,-0.5,106.0,13.3
6,markcanha-OF,,@WSH,,,6.5,-0.9,58.0,1.7
6,markleiterjr-RP,,@MIN,,,6.7,4.7,61.0,3.8
6,martinperez-SP,,@OAK,,,38.8,2.6,65.0,9.3
6,masatakayoshida-OF,,STL,,,93.8,3.8,109.0,3.5
6,masonmiller-SP,IL15,TEX,,,9.7,-0.2,37.0,9.3
6,mattbrash-RP,,@DET,,,2.2,0.2,39.0,2.0
6,mattchapman-3B,,ATL,,,95.2,-0.2,99.0,2.8
6,matthewboyd-RP,,SEA,,,5.6,0.9,43.0,7.2
6,matthewliberatore-SP,,@BOS,,,1.5,0.3,0.0,0.0
6,mattmervis-1B,,@MIN,,,8.3,6.5,0.0,0.0
6,mattmoore-RP,,@CLE,,,5.1,2.0,59.0,3.7
6,mattolson-1B,,@TOR,,,99.3,-0.1,108.0,2.9
6,mattstrahm-RP,,@COL,,,11.1,-4.1,78.0,9.8
6,mauriciodubon-OF,DTD,@CHW,,,15.4,-8.3,63.0,2.0
6,maxfried-SP,IL15,@TOR,,,96.3,-1.9,68.0,13.6
6,maxkepler-OF,DTD,CHC,,,4.2,0.6,66.0,2.5
6,maxmuncy-3B,,SD,,,95.4,0.3,98.0,3.0
6,maxscherzer-SP,DTD,@WSH,,,99.7,-0.1,28.0,5.6
6,merrillkelly-SP,,SF,,,75.4,8.4,96.0,12.0
6,michaelbrantley-OF,IL10,@CHW,,,12.0,0.1,0.0,0.0
6,michaelconforto-OF,,@ARI,,,5.9,-1.9,50.0,1.5
6,michaelharrisii-OF,,@TOR,,,84.9,-3.1,27.0,1.7
6,michaelking-RP,,TB,,,13.2,5.9,61.0,5.5
6,michaelkopech-SP,,HOU,,,17.5,0.6,27.0,3.9
6,michaelsoroka-SP,,@TOR,,,4.7,0.1,0.0,0.0
6,michaelwacha-SP,,@LAD,,,8.7,0.9,61.0,8.7
6,miguelvargas-1B,,SD,,,23.7,5.1,80.0,2.2
6,mikeclevinger-SP,,HOU,,,10.8,1.6,49.0,6.1
6,miketrout-OF,,@CLE,,,99.8,0.0,94.0,2.7
6,mikeyastrzemski-OF,IL10,@ARI,,,11.9,-0.5,62.0,2.6
6,mikezunino-C,,LAA,,,2.7,-0.9,13.0,0.5
6,milesmikolas-SP,,@BOS,,,22.6,-0.8,44.0,5.5
6,mitchhaniger-OF,,@ARI,,,13.7,-3.2,20.0,1.5
6,mitchkeller-SP,,@BAL,,,66.9,22.2,134.0,16.8
6,mjmelendez-C,,@MIL,,,59.0,0.9,48.0,1.4
6,mookiebetts-OF,,SD,,,99.9,0.0,100.0,2.8
6,mylesstraw-OF,,LAA,,,7.8,-3.0,50.0,1.4
6,nathaneovaldi-SP,,@OAK,,,79.6,19.7,145.0,18.1
6,nathaniellowe-1B,,@OAK,,,84.4,0.3,95.0,2.6
6,nelsoncruz-DH,,@LAD,,,3.1,-0.5,36.0,1.4
6,nestorcortes-SP,,TB,,,92.6,-2.3,68.0,9.7
6,nickcastellanos-OF,,@COL,,,86.9,0.9,99.0,2.7
6,nicklodolo-SP,,@MIA,,,75.4,-6.4,40.0,5.7
6,nickmartinez-RP,,@LAD,,,11.8,2.6,83.0,8.3
6,nickpivetta-SP,,STL,,,8.2,-1.0,33.0,4.7
6,nickpratto-1B,,@MIL,,,2.9,2.6,39.0,2.6
6,nicksenzel-OF,,@MIA,,,9.3,-1.1,58.0,2.3
6,nicohoerner-SS,DTD,@MIN,,,90.0,-2.0,109.0,3.1
6,noahsyndergaard-SP,DTD,SD,,,11.1,-2.9,15.0,2.1
6,nolanarenado-3B,,@BOS,,,96.8,-0.7,61.0,1.7
6,nolangorman-2B,,@BOS,,,33.7,-7.6,77.0,2.3
6,oneilcruz-SS,IL60,@BAL,,,57.3,-1.1,24.0,2.7
6,orlandoarcia-2B,,@TOR,,,23.7,2.1,39.0,2.4
6,oscarcolas-OF,,HOU,,,2.7,-0.8,23.0,1.0
6,oscargonzalez-OF,,LAA,,,6.6,-1.0,18.0,0.7
6,oswaldocabrera-OF,,TB,,,3.1,-0.5,40.0,1.2
6,ozziealbies-2B,,@TOR,,,99.0,0.3,102.0,2.8
6,pablolopez-SP,,CHC,,,96.4,0.1,114.0,14.3
6,patrickcorbin-SP,,NYM,,,1.8,0.4,32.0,4.0
6,patricksandoval-SP,,@CLE,,,45.4,-1.5,72.0,10.3
6,patrickwisdom-3B,,@MIN,,,46.1,-9.8,88.0,2.7
6,paulgoldschmidt-1B,,@BOS,,,99.6,0.1,117.0,3.2
6,paulsewald-RP,,@DET,,,73.8,3.4,107.0,5.6
6,petealonso-1B,,@WSH,,,99.7,-0.1,113.0,3.0
6,petefairbanks-RP,IL15,@NYY,,,22.5,-1.5,36.0,4.5
6,peterstrzelecki-RP,,KC,,,2.6,-1.8,26.0,1.5
6,peytonbattenfield-SP,,LAA,,,1.5,1.0,30.0,5.0
6,piercejohnson-RP,,PHI,,,5.0,0.2,51.0,3.4
6,rafaeldevers-3B,,STL,,,99.6,0.0,109.0,2.9
6,rafaelmontero-RP,,@CHW,,,3.9,-1.4,14.0,0.9
6,raiseliglesias-RP,,@TOR,,,79.6,1.8,10.0,3.3
6,ramonlaureano-OF,DTD,TEX,,,3.4,-0.5,34.0,1.4
6,randalgrichuk-OF,,PHI,,,4.3,1.2,26.0,2.9
6,randyarozarena-OF,,@NYY,,,98.7,0.3,116.0,3.1
6,rangersuarez-SP,IL15,@COL,,,25.7,1.2,0.0,0.0
6,reiddetmers-SP,,@CLE,,,31.2,-3.2,31.0,5.2
6,reynaldolopez-RP,,HOU,,,2.2,-0.5,21.0,1.2
6,rhyshoskins-1B,IL60,@COL,,,21.4,-0.6,0.0,0.0
6,richhill-SP,,@BAL,,,4.0,-0.4,59.0,7.4
6,rileygreene-OF,,SEA,,,15.9,2.1,56.0,1.6
6,roansycontreras-SP,,@BAL,,,7.4,-2.6,45.0,6.4
6,robbieray-SP,IL15,@DET,,,58.8,-4.3,-7.0,-7.0
6,rodolfocastro-2B,,@BAL,,,3.3,-1.9,49.0,1.4
6,ronaldacunajr-OF,,@TOR,,,99.9,0.0,153.0,4.1
6,ronmarinaccio-RP,,TB,,,2.1,-0.1,47.0,3.1
6,rossstripling-SP,,@ARI,,,6.2,-0.2,11.0,1.6
6,rowdytellez-1B,,KC,,,69.9,-1.8,83.0,2.5
6,ryanhelsley-RP,,@BOS,,,66.8,-4.2,43.0,3.3
6,ryanmcmahon-3B,,PHI,,,10.2,-2.0,46.0,1.2
6,ryanmountcastle-1B,,PIT,,,80.6,2.2,95.0,2.6
6,ryanpressly-RP,,@CHW,,,74.9,-0.3,50.0,3.1
6,rynenelson-SP,,SF,,,1.4,-0.1,22.0,3.1
6,salvadorperez-C,,@MIL,,,90.4,3.5,93.0,2.7
6,sandyalcantara-SP,,CIN,,,99.4,-0.3,62.0,8.9
6,scottbarlow-RP,,@MIL,,,39.9,-1.0,44.0,3.1
6,seanmanaea-SP,,@ARI,,,20.2,-1.3,9.0,1.1
6,seanmurphy-C,,@TOR,,,96.3,1.0,119.0,3.6
6,seiyasuzuki-OF,,@MIN,,,50.3,-3.4,41.0,1.6
6,seranthonydominguez-RP,,@COL,,,3.8,0.0,18.0,1.0
6,sethbrown-1B,IL10,TEX,,,6.6,-0.4,10.0,1.3
6,sethlugo-RP,,@LAD,,,29.2,-0.2,79.0,11.3
6,shanebieber-SP,,LAA,,,99.8,0.0,116.0,14.5
6,shanemcclanahan-SP,,@NYY,,,99.8,0.0,161.0,20.1
6,shealangeliers-DH,,TEX,,,9.1,-2.2,53.0,1.7
6,shoheiohtani-DH,,@CLE,,,99.9,0.0,252.0,7.0
6,sonnygray-SP,,CHC,,,93.3,2.2,131.0,18.7
6,spencersteer-3B,,@MIA,,,3.8,0.5,64.0,1.9
6,spencerstrider-SP,,@TOR,,,99.8,0.1,144.0,20.6
6,spencertorkelson-1B,,SEA,,,8.1,0.4,60.0,1.7
6,starlingmarte-OF,,@WSH,,,66.9,-7.9,49.0,1.5
6,stevenkwan-OF,,LAA,,,92.2,-0.7,90.0,2.4
6,stevenmatz-SP,,@BOS,,,1.6,0.0,18.0,2.6
6,stevenwilson-RP,,@LAD,,,2.4,-0.3,47.0,2.5
6,taijuanwalker-SP,,@COL,,,9.4,2.1,49.0,7.0
6,tajbradley-SP,,@NYY,,,13.0,-4.8,57.0,19.0
6,tannerbibee-SP,,LAA,,,16.0,-0.4,23.0,7.7
6,tannerhouck-RP,,STL,,,6.2,-0.8,57.0,8.1
6,tarikskubal-SP,IL60,SEA,,,2.5,0.1,0.0,0.0
6,taylorrogers-RP,,@ARI,,,1.3,-0.1,2.0,0.1
6,taylorwalls-SS,,@NYY,,,33.3,6.1,78.0,2.9
6,taylorward-OF,,@CLE,,,70.2,-0.8,75.0,2.0
6,teoscarhernandez-OF,,@DET,,,61.2,-4.1,44.0,1.2
6,thairoestrada-2B,,@ARI,,,77.7,9.2,99.0,2.8
6,timanderson-SS,,HOU,,,62.1,-6.7,35.0,1.8
6,tjfriedl-OF,DTD,@MIA,,,6.2,2.7,73.0,2.0
6,tommyedman-2B,,@BOS,,,82.9,-2.5,71.0,2.0
6,tonygonsolin-SP,,SD,,,58.7,-1.4,25.0,8.3
6,tonykemp-2B,,TEX,,,2.8,-0.2,43.0,1.3
6,travisdarnaud-C,,@TOR,,,16.8,-3.3,15.0,1.7
6,traycethompson-OF,,SD,,,2.8,-0.7,21.0,0.8
6,treaturner-SS,,@COL,,,99.5,-0.3,63.0,1.7
6,trentgrisham-OF,,@LAD,,,4.3,-0.5,57.0,1.5
6,trevorrogers-SP,IL15,CIN,,,5.0,-0.2,27.0,6.8
6,trevorstephan-RP,,LAA,,,1.9,-0.3,46.0,2.9
6,trevorstory-2B,IL60,STL,,,6.8,0.3,0.0,0.0
6,trevorwilliams-RP,,NYM,,,2.1,0.6,51.0,7.3
6,treymancini-1B,,@MIN,,,8.4,-1.1,50.0,1.5
6,tristoncasas-1B,,STL,,,30.0,-0.8,54.0,1.7
6,tristonmckenzie-SP,IL60,LAA,,,74.2,0.2,0.0,0.0
6,tyfrance-1B,,@DET,,,77.5,-2.7,90.0,2.4
6,tyleranderson-SP,,@CLE,,,33.4,-0.6,31.0,5.2
6,tylerglasnow-SP,IL15,@NYY,,,83.9,0.8,0.0,0.0
6,tylermahle-SP,IL60,CHC,,,50.2,-7.9,55.0,11.0
6,tyleroneill-OF,IL10,@BOS,,,22.9,-3.7,22.0,0.8
6,tylerrogers-RP,,@ARI,,,2.0,0.0,41.0,2.6
6,tylerstephenson-C,,@MIA,,,46.4,-4.0,49.0,1.3
6,tylerwells-SP,,PIT,,,26.7,6.4,96.0,13.7
6,tylormegill-SP,,@WSH,,,11.1,-1.5,48.0,6.9
6,vaughngrissom-2B,,@TOR,,,21.6,-8.1,17.0,0.9
6,vincevelasquez-RP,IL15,@BAL,,,17.6,-12.3,79.0,11.3
6,vinniepasquantino-1B,,@MIL,,,92.7,3.4,116.0,3.0
6,vladimirguerrerojr-1B,,ATL,,,99.9,0.0,116.0,3.3
6,wademiley-SP,,KC,,,20.2,-9.2,70.0,10.0
6,walkerbuehler-SP,IL60,SD,,,3.8,0.1,0.0,0.0
6,wanderfranco-SS,DTD,@NYY,,,99.4,0.2,127.0,3.4
6,whitmerrifield-2B,,ATL,,,30.6,0.2,64.0,2.1
6,williamcontreras-C,,KC,,,40.7,-1.1,56.0,1.9
6,willsmith-C,,SD,,,98.9,0.2,98.0,4.5
6,willsmith-RP,,@OAK,,,11.6,3.1,61.0,4.1
6,willsoncontreras-C,,@BOS,,,83.6,-1.6,68.0,1.9
6,willyadames-SS,,KC,,,84.5,-1.6,79.0,2.1
6,wilmerflores-2B,,@ARI,,,18.5,-0.3,60.0,2.1
6,wilmyers-OF,,@MIA,,,4.4,-0.9,21.0,0.8
6,xanderbogaerts-SS,,@LAD,,,98.2,-0.2,95.0,2.6
6,yandydiaz-3B,,@NYY,,,94.6,3.0,126.0,3.5
6,yangomes-C,,@MIN,,,6.1,-0.6,61.0,3.1
6,yasmanigrandal-C,DTD,HOU,,,9.1,0.0,57.0,1.6
6,yenniercano-RP,,PIT,,,31.5,20.3,94.0,6.7
6,yoanmoncada-3B,IL10,HOU,,,12.9,0.3,21.0,2.3
6,yonnychirinos-SP,,@NYY,,,1.8,0.4,45.0,7.5
6,yordanalvarez-OF,,@CHW,,,99.8,0.0,104.0,3.4
6,yudarvish-SP,,@LAD,,,98.2,0.5,95.0,13.6
6,yuseikikuchi-SP,,ATL,,,31.0,2.4,97.0,13.9
6,zacgallen-SP,,SF,,,99.4,0.3,164.0,20.5
6,zacheflin-SP,,@NYY,,,50.3,13.8,94.0,15.7
6,zachneto-SS,,@CLE,,,2.4,-0.8,35.0,1.5
6,zackgreinke-SP,,@MIL,,,4.6,0.3,35.0,4.4
6,zackwheeler-SP,,@COL,,,98.4,-0.2,100.0,12.5
7,aaronashby-SP,IL60,@STL,,,1.5,-0.1,0.0,0.0
7,aaroncivale-SP,IL15,,,,8.8,-0.2,25.0,12.5
7,aaronjudge-OF,,@TOR,,,99.9,0.0,82.0,2.6
7,aaronnola-SP,,@SF,,,99.0,-0.7,91.0,10.1
7,adalbertomondesi-SS,IL60,SEA,,,3.8,-0.2,0.0,0.0
7,adamduvall-OF,IL60,SEA,,,47.4,-3.6,58.0,7.3
7,adamfrazier-2B,,LAA,,,17.2,1.2,82.0,2.1
7,adamottavino-RP,,@WSH,,,8.1,0.0,46.0,2.9
7,adamwainwright-SP,,MIL,,,12.9,-4.3,4.0,2.0
7,adbertalzolay-RP,,@HOU,,,1.7,0.2,55.0,3.7
7,adleyrutschman-C,,LAA,,,99.5,-0.1,113.0,2.8
7,adolisgarcia-OF,,ATL,,,91.1,1.3,123.0,3.2
7,adrianhouser-SP,,@STL,,,1.7,0.2,6.0,3.0
7,ajminter-RP,,@TEX,,,17.1,-4.2,39.0,2.0
7,ajpuk-RP,IL15,,,,14.6,-6.0,72.0,4.8
7,alecbohm-3B,,@SF,,,76.9,-0.3,94.0,2.4
7,alejandrokirk-C,,NYY,,,71.0,-5.1,50.0,1.6
7,alekmanoah-SP,,NYY,,,88.8,-3.9,29.0,3.6
7,alexbregman-3B,,CHC,,,96.4,-0.7,92.0,2.3
7,alexcobb-SP,,PHI,,,65.8,11.5,116.0,14.5
7,alexisdiaz-RP,,@COL,,,47.0,6.9,97.0,6.1
7,alexkirilloff-OF,,@LAD,,,5.4,3.3,26.0,3.3
7,alexlange-RP,,,,,22.5,6.7,92.0,5.1
7,alexverdugo-OF,,SEA,,,92.2,0.7,125.0,3.1
7,alexwood-SP,,PHI,,,4.1,1.2,19.0,4.8
7,amedrosario-SS,,,,,51.6,-1.0,47.0,1.4
7,andresgimenez-2B,,,,,64.3,-7.7,70.0,1.8
7,andresmunoz-RP,IL15,@BOS,,,49.9,-2.4,13.0,3.3
7,andrewbenintendi-OF,,,,,16.9,-1.2,72.0,1.9
7,andrewchafin-RP,,@OAK,,,13.3,-3.7,65.0,3.4
7,andrewheaney-SP,,ATL,,,37.3,8.1,70.0,8.8
7,andrewmccutchen-OF,,,,,24.4,-4.2,86.0,2.5
7,andrewpainter-SP,DTD,@SF,,,3.0,-0.1,0.0,0.0
7,andrewvaughn-OF,,,,,74.0,1.8,92.0,2.2
7,anthonydesclafani-SP,DTD,PHI,,,58.3,-14.0,102.0,12.8
7,anthonyrendon-3B,IL10,@BAL,,,44.8,5.7,80.0,2.7
7,anthonyrizzo-1B,,@TOR,,,92.3,1.9,113.0,2.8
7,anthonysantander-OF,,LAA,,,73.3,3.8,75.0,2.0
7,anthonyvolpe-SS,,@TOR,,,47.2,1.5,71.0,1.7
7,aroldischapman-RP,,@SD,,,14.7,-3.5,37.0,2.3
7,austingomber-SP,,CIN,,,1.8,0.8,29.0,3.6
7,austinhays-OF,,LAA,,,28.0,-2.4,70.0,2.1
7,austinmeadows-OF,IL60,,,,5.5,-0.4,5.0,0.8
7,austinriley-3B,,@TEX,,,96.6,-0.9,69.0,1.7
7,baileyober-SP,,@LAD,,,25.7,12.2,73.0,18.3
7,blakesnell-SP,,KC,,,75.9,-0.7,41.0,5.1
7,bobbywittjr-SS,,@SD,,,97.2,0.4,100.0,2.4
7,bobichette-SS,,NYY,,,99.7,0.1,119.0,3.0
7,bradboxberger-RP,,@HOU,,,2.3,-1.0,21.0,1.2
7,bradkeller-SP,,@SD,,,4.6,-1.6,38.0,4.8
7,bradysinger-SP,,@SD,,,51.9,-4.4,14.0,1.8
7,brandondrury-3B,,@BAL,,,32.4,-1.7,63.0,1.7
7,brandonlowe-2B,,,,,71.7,-9.3,68.0,1.9
7,brandonmarsh-OF,,@SF,,,26.6,-10.4,78.0,2.1
7,brandonnimmo-OF,,@WSH,,,91.3,-0.6,105.0,2.6
7,brandonpfaadt-SP,,@OAK,,,5.4,-2.8,-1.0,-0.3
7,brandonwoodruff-SP,IL15,@STL,,,95.2,-0.4,39.0,19.5
7,braxtongarrett-SP,,,,,3.1,1.2,39.0,4.9
7,brayanbello-SP,,SEA,,,3.4,1.0,35.0,7.0
7,brendandonovan-2B,,MIL,,,24.1,-2.1,57.0,1.7
7,brendanrodgers-2B,IL60,CIN,,,11.0,-0.3,0.0,0.0
7,brentrooker-OF,,ARI,,,71.2,10.9,113.0,3.2
7,brettbaty-3B,,@WSH,,,11.9,-3.5,34.0,1.5
7,briananderson-3B,,@STL,,,25.7,-9.7,71.0,1.9
7,briceturang-SS,,@STL,,,3.3,-0.6,42.0,1.2
7,brooksraley-RP,,@WSH,,,3.0,-0.6,24.0,1.6
7,brusdargraterol-RP,,MIN,,,3.7,-0.7,40.0,2.2
7,bryanabreu-RP,,CHC,,,15.9,1.4,85.0,4.3
7,bryanbaker-RP,,LAA,,,4.4,0.7,68.0,3.6
7,bryanreynolds-OF,,,,,98.3,-0.5,105.0,2.7
7,bryceelder-SP,,@TEX,,,70.1,1.7,118.0,14.8
7,bryceharper-DH,,@SF,,,94.6,0.9,32.0,3.2
7,brycemiller-SP,,@BOS,,,56.9,32.9,75.0,25.0
7,brysewilson-SP,,@STL,,,1.4,-0.4,60.0,5.5
7,brysonstott-SS,,@SF,,,25.2,-5.3,67.0,1.8
7,byronbuxton-OF,,@LAD,,,73.4,-4.5,84.0,2.3
7,calebferguson-RP,,MIN,,,2.4,1.5,62.0,3.6
7,calquantrill-SP,,,,,16.3,1.8,56.0,7.0
7,calraleigh-C,,@BOS,,,25.1,-3.7,56.0,1.6
7,camilodoval-RP,,PHI,,,69.4,5.7,82.0,4.8
7,carloscarrasco-SP,IL15,@WSH,,,4.9,-0.1,-12.0,-4.0
7,carloscorrea-SS,,@LAD,,,83.8,-0.7,73.0,2.0
7,carlosestevez-RP,,@BAL,,,55.3,17.1,99.0,5.2
7,carlosrodon-SP,IL15,@TOR,,,91.6,-0.7,0.0,0.0
7,carlossantana-1B,,,,,19.7,-2.4,79.0,2.1
7,caseyschmitt-3B,,PHI,,,13.7,13.6,26.0,4.3
7,cedricmullins-OF,,LAA,,,98.0,0.2,119.0,3.1
7,charlieblackmon-OF,,CIN,,,21.0,-1.2,91.0,2.5
7,charliemorton-SP,,@TEX,,,88.7,1.5,77.0,11.0
7,chasmccormick-OF,,CHC,,,3.5,-1.9,33.0,2.5
7,chrisbassitt-SP,,NYY,,,84.6,5.2,107.0,13.4
7,chrissale-SP,,SEA,,,74.3,6.9,77.0,9.6
7,christaylor-OF,,MIN,,,7.1,1.1,52.0,1.6
7,christianbethancourt-C,,,,,6.7,-1.7,47.0,1.8
7,christianvazquez-C,,@LAD,,,3.2,-0.5,24.0,0.9
7,christianwalker-1B,,@OAK,,,86.0,5.7,112.0,2.9
7,christianyelich-OF,,@STL,,,78.4,3.5,106.0,2.7
7,christophermorel-OF,,@HOU,,,19.7,18.6,24.0,4.8
7,cjabrams-SS,,NYM,,,10.6,-0.8,61.0,1.6
7,cjcron-1B,O,CIN,,,67.1,-4.0,69.0,1.9
7,clarkeschmidt-RP,,@TOR,,,4.9,2.5,29.0,3.2
7,clayholmes-RP,,@TOR,,,44.7,-3.2,48.0,2.8
7,claytonkershaw-SP,,MIN,,,98.4,0.5,151.0,18.9
7,codybellinger-OF,,@HOU,,,89.9,0.3,112.0,3.1
7,coleirvin-SP,,LAA,,,1.3,-0.1,-15.0,-5.0
7,colinholderman-RP,,,,,4.0,-0.6,31.0,1.9
7,colinrea-SP,,@STL,,,1.5,-0.1,24.0,3.4
7,collinmchugh-RP,,@TEX,,,1.3,0.1,19.0,1.9
7,connorjoe-OF,,,,,11.0,-5.6,75.0,2.1
7,corbinburnes-SP,,@STL,,,99.8,0.0,98.0,12.3
7,corbincarroll-OF,,@OAK,,,89.1,-0.5,91.0,2.5
7,coreykluber-SP,,SEA,,,8.2,0.5,19.0,2.4
7,coreyseager-SS,IL10,ATL,,,96.7,0.0,32.0,2.9
7,craigkimbrel-RP,,@SF,,,14.8,0.5,50.0,2.9
7,cristianjavier-SP,,CHC,,,97.6,0.4,120.0,15.0
7,danedunning-SP,,ATL,,,11.8,8.5,87.0,8.7
7,danielbard-RP,,CIN,,,18.6,-4.1,14.0,1.8
7,danielhudson-RP,IL60,MIN,,,3.0,-0.3,0.0,0.0
7,dannyjansen-C,,NYY,,,14.4,-0.7,41.0,1.6
7,dansbyswanson-SS,,@HOU,,,92.2,0.5,85.0,2.2
7,daultonvarsho-C,,NYY,,,91.5,2.3,77.0,2.0
7,davidbednar-RP,,,,,87.8,-1.1,111.0,6.9
7,davidpeterson-SP,,@WSH,,,4.6,0.2,7.0,1.0
7,davidrobertson-RP,,@WSH,,,71.6,-0.1,92.0,6.1
7,deankremer-SP,,LAA,,,3.3,2.1,63.0,7.9
7,devinwilliams-RP,,@STL,,,93.4,-1.1,83.0,6.4
7,djlemahieu-3B,,@TOR,,,71.0,4.1,73.0,2.0
7,domingogerman-SP,,@TOR,,,21.5,3.6,92.0,11.5
7,dominicfletcher-OF,,@OAK,,,4.4,4.2,42.0,3.2
7,drewrasmussen-SP,IL60,,,,73.5,-13.9,117.0,14.6
7,drewsmith-RP,,@WSH,,,2.1,0.4,48.0,3.0
7,drewsmyly-SP,,@HOU,,,38.0,-1.8,111.0,13.9
7,dreyjameson-SP,,@OAK,,,1.7,-0.5,37.0,6.2
7,dustinmay-SP,,MIN,,,85.2,4.3,114.0,14.3
7,dylancarlson-OF,DTD,MIL,,,3.7,-0.1,44.0,1.4
7,dylancease-SP,,,,,94.9,-2.6,71.0,7.9
7,dylanfloro-RP,,,,,6.8,-0.4,50.0,2.8
7,dylanlee-RP,,@TEX,,,1.9,-0.4,56.0,2.9
7,eduardorodriguez-SP,,,,,85.7,13.7,153.0,19.1
7,edwardcabrera-SP,,,,,11.7,-1.4,48.0,6.0
7,edwindiaz-RP,IL60,@WSH,,,18.9,-0.5,0.0,0.0
7,eliasdiaz-C,,CIN,,,33.7,2.8,69.0,2.0
7,elimorgan-RP,,,,,1.8,-0.6,58.0,4.1
7,ellydelacruz-SS,,@COL,,,3.2,0.9,0.0,0.0
7,eloyjimenez-OF,IL10,,,,65.1,-2.8,49.0,2.0
7,emmanuelclase-RP,,,,,97.4,0.0,98.0,4.5
7,enriquehernandez-OF,DTD,SEA,,,9.9,-1.3,56.0,1.5
7,ericlauer-SP,,@STL,,,5.5,-1.4,61.0,7.6
7,erikswanson-RP,,NYY,,,12.3,0.6,70.0,3.5
7,esteuryruiz-OF,,ARI,,,24.9,7.6,92.0,2.2
7,eugeniosuarez-3B,,@BOS,,,24.9,-2.6,55.0,1.4
7,euryperez-SP,,,,,25.7,24.4,11.0,11.0
7,evanphillips-RP,,MIN,,,29.9,9.7,80.0,5.0
7,ezequielduran-3B,,ATL,,,12.2,6.0,66.0,2.0
7,ezequieltovar-SS,,CIN,,,8.6,0.8,50.0,1.3
7,felixbautista-RP,,LAA,,,92.9,0.6,118.0,6.2
7,fernandotatisjr-SS,,KC,,,99.3,0.1,57.0,2.7
7,frambervaldez-SP,,CHC,,,99.2,0.4,126.0,15.8
7,franciscoalvarez-DH,,@WSH,,,5.6,2.1,22.0,1.0
7,franciscolindor-SS,,@WSH,,,98.8,0.0,99.0,2.4
7,frankiemontas-SP,IL60,@TOR,,,3.5,0.0,0.0,0.0
7,freddiefreeman-1B,,MIN,,,99.9,0.0,130.0,3.2
7,freddyperalta-SP,,@STL,,,88.9,2.7,98.0,14.0
7,gabrielmoreno-C,,@OAK,,,8.4,-0.1,46.0,1.5
7,garrettcooper-1B,,,,,3.7,-0.6,35.0,1.4
7,garrettmitchell-OF,IL60,@STL,,,3.1,-0.6,23.0,1.4
7,garrettwhitlock-RP,IL15,SEA,,,9.2,-0.5,9.0,3.0
7,gavinstone-SP,,MIN,,,1.3,-1.7,-5.0,-5.0
7,georgekirby-SP,,@BOS,,,91.5,3.2,108.0,15.4
7,georgespringer-OF,,NYY,,,91.1,-2.5,73.0,2.0
7,geraldoperdomo-SS,,@OAK,,,11.5,-0.7,77.0,2.6
7,germanmarquez-SP,IL15,CIN,,,5.4,-0.9,33.0,8.3
7,gerritcole-SP,,@TOR,,,99.9,0.0,168.0,18.7
7,giancarlostanton-OF,IL10,@TOR,,,67.8,-0.4,38.0,2.9
7,giourshela-3B,,@BAL,,,5.4,0.0,54.0,1.5
7,giovannygallegos-RP,,MIL,,,7.3,-0.7,43.0,3.1
7,gleybertorres-2B,,@TOR,,,91.2,3.8,111.0,2.7
7,grahamashcraft-SP,,@COL,,,24.6,-23.5,71.0,8.9
7,graysonrodriguez-SP,,LAA,,,24.1,0.9,62.0,8.9
7,gregorysoto-RP,,@SF,,,2.9,0.3,40.0,2.0
7,gunnarhenderson-3B,,LAA,,,56.3,-2.9,48.0,1.4
7,hanseralberto-2B,,,,,1.5,0.8,29.0,1.4
7,haroldramirez-1B,,,,,27.3,-5.5,75.0,2.5
7,harrisonbader-OF,,@TOR,,,31.2,20.8,48.0,4.0
7,haseongkim-SS,,KC,,,9.2,-0.5,54.0,1.4
7,haydenwesneski-SP,,@HOU,,,8.8,-1.4,56.0,7.0
7,hectorneris-RP,,CHC,,,2.5,0.3,61.0,3.6
7,hunterbrown-SP,,CHC,,,61.5,-7.7,99.0,12.4
7,huntergreene-SP,,@COL,,,84.2,-2.0,60.0,7.5
7,hunterharvey-RP,,NYM,,,1.3,0.4,65.0,3.8
7,hunterrenfroe-OF,,@BAL,,,82.4,1.7,103.0,2.6
7,ianhamilton-RP,,@TOR,,,2.7,2.0,71.0,5.1
7,ianhapp-OF,,@HOU,,,71.4,0.8,98.0,2.5
7,isaacparedes-3B,,,,,30.4,-1.1,88.0,2.4
7,jackflaherty-SP,,MIL,,,19.6,-3.7,21.0,2.6
7,jacksuwinski-OF,,,,,9.4,-7.0,68.0,2.0
7,jacobdegrom-SP,IL15,ATL,,,99.3,-0.3,105.0,17.5
7,jakecronenworth-2B,,KC,,,82.4,-3.3,74.0,1.9
7,jakefraley-OF,,@COL,,,5.4,3.6,85.0,2.4
7,jakeirvin-SP,,NYM,,,4.2,4.1,24.0,8.0
7,jakemccarthy-OF,,@OAK,,,14.7,-1.3,22.0,1.1
7,jameskarinchak-RP,,,,,3.2,0.2,20.0,1.0
7,jamesontaillon-SP,,@HOU,,,15.3,-2.4,17.0,3.4
7,jamesoutman-OF,,MIN,,,68.4,-2.7,96.0,2.4
7,jamespaxton-SP,,SEA,,,5.8,4.6,15.0,15.0
7,jaredwalsh-1B,IL10,@BAL,,,3.6,0.0,0.0,0.0
7,jarredkelenic-OF,,@BOS,,,49.0,-8.1,84.0,2.2
7,jarrenduran-OF,,SEA,,,19.7,-0.8,71.0,2.8
7,jasonadam-RP,,,,,21.3,3.9,66.0,3.7
7,javierbaez-SS,,,,,20.4,2.1,68.0,1.8
7,jazzchisholmjr-2B,DTD,,,,78.9,-3.1,64.0,1.6
7,jddavis-3B,,PHI,,,8.6,1.2,72.0,2.0
7,jdmartinez-DH,,MIN,,,61.4,-1.2,60.0,2.3
7,jeansegura-2B,,,,,7.9,-0.8,25.0,0.7
7,jeffmcneil-2B,,@WSH,,,84.7,-2.6,88.0,2.1
7,jeffreysprings-SP,IL60,,,,40.8,-2.6,72.0,24.0
7,jeimercandelario-3B,,NYM,,,3.4,-0.7,58.0,1.5
7,jeremypena-SS,,CHC,,,65.3,-0.5,86.0,2.2
7,jessechavez-RP,,@TEX,,,4.7,-0.4,46.0,2.3
7,jessewinker-OF,,@STL,,,10.6,-1.4,37.0,1.3
7,jesusluzardo-SP,,,,,71.4,-1.8,90.0,11.3
7,jhoanduran-RP,,@LAD,,,44.5,-1.2,71.0,4.7
7,jhonybrito-SP,,@TOR,,,2.7,-0.4,22.0,2.8
7,jihwanbae-OF,,,,,6.7,-1.9,52.0,1.4
7,jjbleday-OF,,ARI,,,3.2,2.0,28.0,2.5
7,jocpederson-OF,DTD,PHI,,,6.8,-0.7,63.0,2.4
7,joemusgrove-SP,,KC,,,84.3,-2.3,16.0,4.0
7,joeryan-SP,,@LAD,,,96.3,0.8,165.0,20.6
7,joeygallo-OF,DTD,@LAD,,,9.3,-2.5,71.0,2.3
7,joeylucchesi-SP,,@WSH,,,3.6,-4.6,37.0,7.4
7,joeymeneses-1B,,NYM,,,19.6,2.0,66.0,1.7
7,joeyvotto-1B,IL60,@COL,,,2.9,-0.1,0.0,0.0
7,johanoviedo-RP,,,,,10.5,-7.8,40.0,5.0
7,johnnycueto-SP,IL15,,,,1.3,-0.1,-14.0,-14.0
7,johnschreiber-RP,,SEA,,,3.6,-0.3,44.0,2.6
7,jonahheim-C,,ATL,,,82.5,7.8,106.0,3.1
7,jonathanindia-2B,,@COL,,,81.5,12.3,111.0,2.8
7,jonberti-2B,,,,,4.7,-0.7,58.0,1.6
7,jongray-SP,,ATL,,,59.6,7.5,92.0,11.5
7,jordanlyles-SP,,@SD,,,1.4,0.4,6.0,0.7
7,jordanmontgomery-SP,,MIL,,,74.8,-6.3,61.0,7.6
7,jordanromano-RP,,NYY,,,90.2,-2.1,87.0,4.8
7,jordanwalker-3B,,MIL,,,24.3,-2.8,35.0,1.8
7,jorgelopez-RP,,@LAD,,,22.1,-2.4,66.0,3.5
7,jorgemateo-SS,,LAA,,,70.9,-6.6,88.0,2.6
7,jorgepolanco-2B,,@LAD,,,56.2,-4.3,40.0,1.9
7,jorgesoler-OF,,,,,11.2,3.0,84.0,2.2
7,joseabreu-1B,,CHC,,,66.0,-5.2,32.0,0.8
7,josealtuve-2B,IL10,CHC,,,95.1,0.4,0.0,0.0
7,josealvarado-RP,IL15,@SF,,,42.7,-16.1,76.0,5.4
7,joseberrios-SP,,NYY,,,67.4,-0.8,74.0,9.3
7,joseleclerc-RP,,ATL,,,5.3,-1.6,24.0,1.8
7,josemiranda-1B,,@LAD,,,45.3,-9.1,50.0,1.4
7,josequijada-RP,IL60,@BAL,,,2.0,-1.6,25.0,2.5
7,josequintana-SP,IL60,@WSH,,,1.3,0.0,0.0,0.0
7,joseramirez-3B,,,,,99.9,0.0,119.0,3.0
7,josetrevino-C,,@TOR,,,3.1,-0.1,44.0,1.6
7,joseurquidy-SP,IL15,CHC,,,10.6,-1.3,30.0,5.0
7,joshbell-1B,,,,,64.9,-2.3,65.0,1.7
7,joshdonaldson-3B,IL10,@TOR,,,3.5,-0.1,3.0,0.6
7,joshhader-RP,,KC,,,98.3,-0.1,112.0,6.6
7,joshjung-3B,,ATL,,,30.3,0.4,76.0,2.0
7,joshlowe-OF,,,,,55.8,6.8,109.0,3.3
7,joshnaylor-1B,,,,,41.8,-0.6,75.0,2.1
7,joshrojas-3B,,@OAK,,,14.6,-2.9,63.0,1.9
7,joshwinckowski-SP,,SEA,,,2.9,-0.1,67.0,4.5
7,josiahgray-SP,,NYM,,,17.1,2.2,74.0,9.3
7,jpcrawford-SS,,@BOS,,,7.0,0.3,73.0,1.9
7,jpfrance-RP,,CHC,,,10.3,9.2,37.0,18.5
7,jpsears-SP,,ARI,,,1.5,0.6,53.0,6.6
7,jtrealmuto-C,,@SF,,,96.3,-0.6,70.0,2.1
7,juansoto-OF,,KC,,,99.9,0.0,111.0,2.7
7,juliorodriguez-OF,,@BOS,,,98.4,-0.3,82.0,2.2
7,juliourias-SP,,MIN,,,98.6,-0.1,120.0,13.3
7,juricksonprofar-OF,,CIN,,,10.7,0.1,72.0,2.0
7,justinsteele-SP,,@HOU,,,90.4,1.8,144.0,18.0
7,justinturner-3B,,SEA,,,55.9,2.3,96.0,2.3
7,justinverlander-SP,,@WSH,,,99.4,0.1,32.0,16.0
7,kebryanhayes-3B,,,,,18.1,-0.9,77.0,2.0
7,keibertruiz-C,,NYM,,,52.2,-0.9,66.0,2.0
7,kendallgraveman-RP,,,,,8.5,0.0,37.0,2.2
7,kenleyjansen-RP,,SEA,,,81.2,-2.6,62.0,4.4
7,kentamaeda-SP,IL15,@LAD,,,2.7,-0.2,-16.0,-4.0
7,ketelmarte-2B,,@OAK,,,79.7,3.0,97.0,2.6
7,kevingausman-SP,,NYY,,,99.3,0.1,117.0,14.6
7,kevinkiermaier-OF,,NYY,,,2.6,1.0,73.0,2.4
7,kodaisenga-SP,,@WSH,,,70.5,-4.6,74.0,10.6
7,koltenwong-2B,,@BOS,,,2.9,-0.3,23.0,0.8
7,krisbryant-OF,,CIN,,,82.4,-0.1,77.0,2.0
7,kylebradish-SP,,LAA,,,2.1,0.0,35.0,5.8
7,kylefinnegan-RP,,NYM,,,7.6,-0.8,43.0,2.7
7,kylefreeland-SP,,CIN,,,18.5,3.8,99.0,11.0
7,kylegibson-SP,,LAA,,,20.2,-0.7,69.0,7.7
7,kyleschwarber-OF,,@SF,,,92.6,-2.5,68.0,1.7
7,kyletucker-OF,,CHC,,,99.8,0.0,106.0,2.7
7,kylewright-SP,IL60,@TEX,,,57.3,-4.2,12.0,2.4
7,lamontewadejr-OF,,PHI,,,15.7,6.1,91.0,2.4
7,lancelynn-SP,,,,,67.1,-4.5,21.0,2.6
7,lancemccullersjr-SP,IL15,CHC,,,50.5,0.2,0.0,0.0
7,lanethomas-OF,,NYM,,,6.1,2.2,74.0,1.9
7,larsnootbaar-OF,,MIL,,,23.8,3.7,74.0,2.7
7,liamhendriks-RP,IL15,,,,23.8,2.0,0.0,0.0
7,loganallen-SP,,,,,13.0,-6.0,40.0,10.0
7,logangilbert-SP,,@BOS,,,94.3,1.5,100.0,12.5
7,loganohoppe-C,IL60,@BAL,,,10.3,-1.5,36.0,2.3
7,loganwebb-SP,,PHI,,,96.7,1.4,115.0,12.8
7,louievarland-SP,,@LAD,,,9.3,7.9,51.0,12.8
7,lourdesgurrieljr-OF,,@OAK,,,35.2,25.3,102.0,2.8
7,lucasgiolito-SP,,,,,89.6,2.8,102.0,11.3
7,luisarraez-1B,,,,,97.1,-0.4,98.0,2.6
7,luiscastillo-SP,,@BOS,,,99.4,-0.1,122.0,15.3
7,luisgarcia-SP,IL15,CHC,,,52.4,-9.9,52.0,8.7
7,luisgarcia-SS,,NYM,,,11.1,6.1,80.0,2.3
7,luisortiz-SP,,,,,1.4,1.1,-1.0,-1.0
7,luisrobertjr-OF,,,,,90.3,6.7,112.0,2.7
7,luisseverino-SP,IL15,@TOR,,,71.2,0.3,0.0,0.0
7,luisurias-3B,IL60,@STL,,,11.0,-0.5,0.0,0.0
7,lukeraley-OF,,,,,2.6,1.5,59.0,2.0
7,mackenziegore-SP,,NYM,,,23.4,-0.3,89.0,11.1
7,mannymachado-3B,,KC,,,99.7,0.0,70.0,1.8
7,manuelmargot-OF,,,,,3.6,-0.3,59.0,1.8
7,marcellozuna-OF,,@TEX,,,5.1,1.0,56.0,2.1
7,marcogonzales-SP,,@BOS,,,5.2,0.8,63.0,9.0
7,marcussemien-2B,,ATL,,,99.7,0.1,142.0,3.6
7,marcusstroman-SP,,@HOU,,,85.0,-4.0,91.0,10.1
7,markcanha-OF,,@WSH,,,6.1,-1.0,68.0,1.9
7,markleiterjr-RP,,@HOU,,,7.1,3.4,64.0,3.8
7,martinperez-SP,,ATL,,,30.8,-10.9,65.0,8.1
7,masatakayoshida-OF,,SEA,,,93.8,1.0,115.0,3.4
7,masonmiller-SP,IL15,ARI,,,8.6,-8.9,37.0,9.3
7,mattbrash-RP,,@BOS,,,2.1,-0.2,41.0,1.9
7,mattchapman-3B,,NYY,,,94.8,-0.5,95.0,2.4
7,matthewboyd-RP,,,,,4.3,-0.4,24.0,3.4
7,matthewliberatore-SP,,MIL,,,1.4,0.0,0.0,0.0
7,mattmclain-SS,,@COL,,,4.0,3.8,0.0,0.0
7,mattmervis-1B,,@HOU,,,6.3,-3.9,1.0,0.1
7,mattmoore-RP,,@BAL,,,5.4,1.3,65.0,3.8
7,mattolson-1B,,@TEX,,,99.3,0.0,107.0,2.7
7,mattstrahm-RP,,@SF,,,10.7,-1.5,86.0,9.6
7,mauriciodubon-OF,,CHC,,,14.8,-7.5,69.0,2.0
7,maxfried-SP,IL15,@TEX,,,95.7,-2.2,68.0,13.6
7,maxkepler-OF,IL10,@LAD,,,3.5,-0.3,66.0,2.4
7,maxmuncy-3B,,MIN,,,95.3,-0.2,99.0,2.8
7,maxscherzer-SP,,@WSH,,,99.7,0.0,47.0,7.8
7,merrillkelly-SP,,@OAK,,,80.2,8.5,96.0,12.0
7,michaelbrantley-OF,IL10,CHC,,,10.4,-1.7,0.0,0.0
7,michaelconforto-OF,,PHI,,,6.0,-1.1,65.0,1.8
7,michaelharrisii-OF,,@TEX,,,83.1,-3.4,29.0,1.5
7,michaelking-RP,,@TOR,,,10.5,0.8,54.0,4.5
7,michaelkopech-SP,,,,,16.4,-4.1,29.0,3.6
7,michaelsoroka-SP,,@TEX,,,4.0,-0.5,0.0,0.0
7,michaelwacha-SP,,KC,,,17.7,10.2,61.0,8.7
7,miguelvargas-1B,,MIN,,,25.0,1.5,84.0,2.2
7,mikeclevinger-SP,,,,,8.6,-0.7,49.0,6.1
7,miketrout-OF,,@BAL,,,99.8,-0.1,98.0,2.6
7,mikeyastrzemski-OF,IL10,PHI,,,11.7,-0.3,62.0,2.6
7,milesmikolas-SP,,MIL,,,24.1,1.9,59.0,6.6
7,mitchhaniger-OF,,PHI,,,12.0,-3.2,15.0,1.0
7,mitchkeller-SP,,,,,77.1,30.3,168.0,18.7
7,mjmelendez-C,,@SD,,,59.7,1.6,54.0,1.4
7,mookiebetts-OF,,MIN,,,99.9,0.0,118.0,3.0
7,mylesstraw-OF,,,,,7.0,-2.8,56.0,1.4
7,nathaneovaldi-SP,,ATL,,,84.8,19.1,145.0,18.1
7,nathaniellowe-1B,,ATL,,,85.0,1.2,109.0,2.7
7,nelsoncruz-DH,,KC,,,2.9,-0.5,36.0,1.3
7,nestorcortes-SP,,@TOR,,,89.4,-4.4,63.0,7.9
7,nickcastellanos-OF,,@SF,,,87.5,1.3,103.0,2.6
7,nicklodolo-SP,IL15,@COL,,,72.0,-8.3,40.0,5.7
7,nickmartinez-RP,,KC,,,12.2,2.6,87.0,7.9
7,nickpivetta-SP,,SEA,,,7.6,-1.4,33.0,4.7
7,nickpratto-1B,,@SD,,,4.8,4.2,43.0,2.4
7,nicksenzel-OF,,@COL,,,8.4,-3.9,62.0,2.3
7,nicohoerner-SS,IL10,@HOU,,,88.2,-4.0,109.0,3.1
7,noahsyndergaard-SP,,MIN,,,11.2,-1.5,15.0,2.1
7,nolanarenado-3B,,MIL,,,97.3,0.0,87.0,2.2
7,nolangorman-2B,,MIL,,,37.1,1.0,94.0,2.6
7,oneilcruz-SS,IL60,,,,56.7,-1.2,24.0,2.7
7,orlandoarcia-2B,,@TEX,,,23.3,1.1,41.0,2.2
7,oscargonzalez-OF,,,,,6.3,-0.9,18.0,0.7
7,oswaldocabrera-OF,,@TOR,,,3.1,-0.3,54.0,1.5
7,ozziealbies-2B,,@TEX,,,99.0,0.0,107.0,2.7
7,pablolopez-SP,,@LAD,,,96.7,0.5,114.0,14.3
7,patrickcorbin-SP,,NYM,,,2.7,1.4,32.0,4.0
7,patricksandoval-SP,,@BAL,,,47.5,1.5,84.0,10.5
7,patrickwisdom-3B,,@HOU,,,46.5,-3.3,88.0,2.5
7,paulgoldschmidt-1B,,MIL,,,99.6,0.1,124.0,3.1
7,paulsewald-RP,,@BOS,,,73.5,0.1,107.0,5.6
7,petealonso-1B,,@WSH,,,99.7,-0.1,116.0,2.8
7,petefairbanks-RP,,,,,22.7,-0.1,36.0,4.5
7,peterstrzelecki-RP,,@STL,,,2.5,-0.4,35.0,1.8
7,piercejohnson-RP,,CIN,,,5.0,0.4,48.0,3.0
7,rafaeldevers-3B,,SEA,,,99.6,0.0,116.0,2.9
7,rafaelmontero-RP,,CHC,,,3.4,-1.2,5.0,0.3
7,raiseliglesias-RP,,@TEX,,,76.1,-2.7,-1.0,-0.3
7,ramonlaureano-OF,,ARI,,,3.3,-0.5,39.0,1.4
7,randalgrichuk-OF,,CIN,,,4.2,1.0,27.0,2.5
7,randyarozarena-OF,,,,,98.8,0.2,132.0,3.3
7,rangersuarez-SP,,@SF,,,25.9,1.2,2.0,2.0
7,reiddetmers-SP,,@BAL,,,30.7,-3.1,37.0,5.3
7,reynaldolopez-RP,,,,,1.9,-0.5,25.0,1.3
7,rhyshoskins-1B,IL60,@SF,,,21.1,-0.6,0.0,0.0
7,richhill-SP,,,,,3.2,-1.1,59.0,7.4
7,rileygreene-OF,,,,,16.0,1.3,62.0,1.6
7,roansycontreras-SP,,,,,7.1,-4.0,52.0,6.5
7,robbieray-SP,IL15,@BOS,,,57.8,-2.6,-7.0,-7.0
7,ronaldacunajr-OF,,@TEX,,,99.9,0.0,167.0,4.2
7,ronmarinaccio-RP,,@TOR,,,1.8,-0.4,47.0,2.8
7,rossstripling-SP,,PHI,,,5.7,-1.2,8.0,1.0
7,rowdytellez-1B,,@STL,,,69.2,-2.3,84.0,2.3
7,ryanhelsley-RP,,MIL,,,67.6,-0.4,58.0,4.1
7,ryanmcmahon-3B,,CIN,,,10.4,-0.5,55.0,1.4
7,ryanmountcastle-1B,,LAA,,,80.6,0.0,96.0,2.4
7,ryanpressly-RP,,CHC,,,75.0,-0.1,64.0,3.6
7,ryanweathers-SP,,KC,,,1.4,0.9,34.0,5.7
7,salvadorperez-C,,@SD,,,90.7,2.3,105.0,2.8
7,sandyalcantara-SP,,,,,98.9,-0.8,67.0,8.4
7,scottbarlow-RP,,@SD,,,39.7,-0.6,49.0,3.3
7,seanmanaea-SP,,PHI,,,19.0,-1.8,9.0,1.1
7,seanmurphy-C,,@TEX,,,96.5,0.8,116.0,3.3
7,seiyasuzuki-OF,,@HOU,,,49.7,-3.3,51.0,1.8
7,seranthonydominguez-RP,,@SF,,,3.8,0.0,21.0,1.1
7,sethbrown-1B,IL10,ARI,,,6.5,-0.3,10.0,1.3
7,sethlugo-RP,,KC,,,29.5,1.9,79.0,11.3
7,shanebieber-SP,,,,,99.8,0.0,116.0,14.5
7,shanemcclanahan-SP,,,,,99.8,0.1,159.0,17.7
7,shealangeliers-DH,,ARI,,,8.9,-1.3,63.0,1.8
7,shoheiohtani-DH,,@BAL,,,99.9,0.0,255.0,6.5
7,sonnygray-SP,,@LAD,,,93.6,1.5,149.0,18.6
7,spencersteer-3B,,@COL,,,4.4,1.3,69.0,1.9
7,spencerstrider-SP,,@TEX,,,99.8,0.0,162.0,20.3
7,spencertorkelson-1B,,,,,7.9,0.6,61.0,1.6
7,starlingmarte-OF,,@WSH,,,65.0,-7.2,57.0,1.6
7,stevenkwan-OF,,,,,91.8,-0.6,100.0,2.5
7,stevenmatz-SP,,MIL,,,1.4,-0.8,22.0,2.8
7,stevenwilson-RP,,KC,,,2.4,0.0,47.0,2.5
7,taijuanwalker-SP,,@SF,,,8.5,0.8,57.0,7.1
7,tajbradley-SP,,,,,12.7,-2.8,57.0,19.0
7,tannerbibee-SP,,,,,16.6,-1.7,48.0,12.0
7,tannerhouck-RP,,SEA,,,7.1,-0.8,57.0,8.1
7,tarikskubal-SP,IL60,,,,2.5,0.1,0.0,0.0
7,taylorwalls-SS,,,,,37.0,5.6,91.0,3.0
7,taylorward-OF,,@BAL,,,68.9,-2.0,79.0,2.0
7,teoscarhernandez-OF,,@BOS,,,60.3,-3.8,54.0,1.4
7,thairoestrada-2B,,PHI,,,78.7,7.7,99.0,2.6
7,timanderson-SS,,,,,59.8,-5.3,37.0,1.6
7,tjfriedl-OF,IL10,@COL,,,4.7,0.7,73.0,2.0
7,tommyedman-2B,,MIL,,,81.6,-3.7,72.0,1.9
7,tonygonsolin-SP,,MIN,,,63.6,6.7,48.0,12.0
7,tonykemp-2B,,ARI,,,2.7,-0.2,43.0,1.2
7,travisdarnaud-C,,@TEX,,,15.8,-3.9,15.0,1.4
7,traycethompson-OF,,MIN,,,2.6,-0.6,22.0,0.8
7,treaturner-SS,,@SF,,,99.3,-0.5,68.0,1.7
7,trentgrisham-OF,,KC,,,4.0,-0.9,56.0,1.4
7,trevorrogers-SP,IL15,,,,5.0,-0.2,27.0,6.8
7,trevorstephan-RP,,,,,1.8,-0.2,55.0,3.1
7,trevorstory-2B,IL60,SEA,,,7.0,0.4,0.0,0.0
7,trevorwilliams-RP,,NYM,,,2.1,-1.6,55.0,6.9
7,treymancini-1B,,@HOU,,,8.0,-1.5,49.0,1.4
7,tristoncasas-1B,,SEA,,,30.0,-0.2,58.0,1.7
7,tristonmckenzie-SP,IL60,,,,74.1,0.0,0.0,0.0
7,tyfrance-1B,,@BOS,,,78.0,0.6,99.0,2.5
7,tyleranderson-SP,,@BAL,,,31.7,-1.4,35.0,5.0
7,tylerglasnow-SP,IL15,,,,84.1,0.6,0.0,0.0
7,tylermahle-SP,IL60,@LAD,,,47.6,-7.8,55.0,11.0
7,tyleroneill-OF,IL10,MIL,,,22.4,-1.9,22.0,0.8
7,tylerrogers-RP,,PHI,,,2.1,0.1,35.0,2.1
7,tylerstephenson-C,,@COL,,,47.0,-1.3,52.0,1.3
7,tylerwells-SP,,LAA,,,39.8,16.2,127.0,15.9
7,tylormegill-SP,,@WSH,,,9.2,-3.8,62.0,7.8
7,vaughngrissom-2B,,@TEX,,,20.5,-7.0,17.0,0.9
7,vincevelasquez-RP,IL15,,,,17.4,-2.0,79.0,11.3
7,vinniepasquantino-1B,,@SD,,,92.9,1.9,119.0,2.8
7,vladimirguerrerojr-1B,,NYY,,,99.9,0.0,126.0,3.3
7,wademiley-SP,,@STL,,,17.2,-6.8,70.0,10.0
7,walkerbuehler-SP,IL60,MIN,,,3.8,0.0,0.0,0.0
7,wanderfranco-SS,,,,,99.4,0.1,129.0,3.2
7,wandyperalta-RP,,@TOR,,,1.6,0.9,54.0,3.0
7,whitmerrifield-2B,,NYY,,,32.4,2.5,75.0,2.3
7,williamcontreras-C,,@STL,,,41.4,0.5,61.0,2.0
7,willsmith-C,,MIN,,,99.1,0.3,101.0,4.2
7,willsmith-RP,,ATL,,,15.1,5.6,61.0,4.1
7,willsoncontreras-C,,MIL,,,84.2,-0.3,76.0,1.9
7,willyadames-SS,,@STL,,,84.6,0.6,77.0,1.9
7,wilmerflores-2B,,PHI,,,17.6,-0.9,64.0,2.1
7,wilmyers-OF,,@COL,,,4.2,-0.8,20.0,0.7
7,xanderbogaerts-SS,,KC,,,98.1,-0.2,99.0,2.5
7,yandydiaz-3B,DTD,,,,95.1,2.3,141.0,3.6
7,yangomes-C,,@HOU,,,8.3,2.6,63.0,2.9
7,yasmanigrandal-C,DTD,,,,8.3,-0.8,57.0,1.6
7,yenniercano-RP,,LAA,,,40.4,25.0,96.0,6.4
7,yoanmoncada-3B,,,,,12.5,0.0,25.0,2.1
7,yonnychirinos-SP,,,,,1.7,-0.7,45.0,7.5
7,yordanalvarez-OF,,CHC,,,99.8,0.0,116.0,3.4
7,yudarvish-SP,,KC,,,98.1,0.3,95.0,13.6
7,yuseikikuchi-SP,,NYY,,,34.3,3.6,99.0,12.4
7,zacgallen-SP,,@OAK,,,99.5,0.3,187.0,20.8
7,zacheflin-SP,,,,,53.6,8.1,110.0,15.7
7,zackgreinke-SP,,@SD,,,4.6,0.4,47.0,5.2
7,zackwheeler-SP,,@SF,,,98.5,0.0,100.0,12.5
