PLAYERS,STATUS,,NFL WEEK 14,,,,,,,,2022 PROJECTIONS,,,
PLAYER,TYPE,ACTION,OPP,STATUS,PROJ,SCORE,OPRK,%ST,%ROST,+/-,PRK,FPTS,AVG,LAST
Josh AllenJosh Allen,JACK,,NYJ,Sun 12:00 PM,21,--,8th,94.6,99.9,0,3,374.6,23.4,16.92
Josh Allen,,,,,,,,,,,,,,
BufQB,,,,,,,,,,,,,,
Patrick MahomesPatrick Mahomes,CHOE,,@Den,Sun 3:05 PM,19.6,--,3rd,93.7,99.9,0,2,352,22,19.82
Patrick Mahomes,,,,,,,,,,,,,,
KCQB,,,,,,,,,,,,,,
Justin HerbertJustin Herbert,KNU,,Mia,Sun 7:20 PM,18.5,--,28th,81.4,98.4,0.1,8,328,20.5,18.1
Justin Herbert,,,,,,,,,,,,,,
LACQB,,,,,,,,,,,,,,
Jalen HurtsJalen Hurts,POOP,,@NYG,Sun 12:00 PM,24.2,--,9th,95.4,99.7,0.1,1,318.5,21.2,34.4
Jalen Hurts,,,,,,,,,,,,,,
PhiQB,,,,,,,,,,,,,,
Jonathan TaylorJonathan Taylor,JACK,,*BYE*,--,--,--,--,33,99.9,0,21,317,21.1,13.3
Jonathan Taylor,,,,,,,,,,,,,,
IndRB,,,,,,,,,,,,,,
Lamar JacksonLamar Jackson,ZHOU,,@Pit,Sun 12:00 PM,0,--,24th,33.1,97.8,-1.7,6,316.4,19.8,1.34
Lamar JacksonD,,,,,,,,,,,,,,
BalQB,,,,,,,,,,,,,,
Kyler MurrayKyler Murray,KMUR,,NE,Mon 7:15 PM,16.9,--,13th,55.6,95.6,0,11,314,19.6,--
Kyler Murray,,,,,,,,,,,,,,
AriQB,,,,,,,,,,,,,,
Cooper KuppCooper Kupp,RD,,LV,W 17-16,0,--,21st,16.1,88.9,-3.4,8,312.9,19.6,--
Cooper KuppIR,,,,,,,,,,,,,,
LARWR,,,,,,,,,,,,,,
Christian McCaffreyChristian McCaffrey,KMUR,,TB,Sun 3:25 PM,18.8,--,3rd,97.8,99.9,0,3,309.9,22.1,28.6
Christian McCaffreyQ,,,,,,,,,,,,,,
SFRB,,,,,,,,,,,,,,
Aaron RodgersAaron Rodgers,FA,,*BYE*,--,--,--,--,17.6,73.5,-2.4,17,309.7,19.4,13.68
Aaron Rodgers,,,,,,,,,,,,,,
GBQB,,,,,,,,,,,,,,
Tom BradyTom Brady,CHOE,,@SF,Sun 3:25 PM,14.7,--,5th,41.4,83.9,-2.1,16,306.8,19.2,17.14
Tom Brady,,,,,,,,,,,,,,
TBQB,,,,,,,,,,,,,,
Dak PrescottDak Prescott,RD,,Hou,Sun 12:00 PM,16.9,--,2nd,49.8,89.1,1.1,26,306.5,19.2,16.8
Dak Prescott,,,,,,,,,,,,,,
DalQB,,,,,,,,,,,,,,
Russell WilsonRussell Wilson,FA,,KC,Sun 3:05 PM,14.7,--,27th,14.7,42.6,-4.4,21,302.4,18.9,9.66
Russell Wilson,,,,,,,,,,,,,,
DenQB,,,,,,,,,,,,,,
Joe BurrowJoe Burrow,W,,Cle,Sun 12:00 PM,22,--,10th,81.4,98.5,0.5,4,294.4,18.4,30.04
Joe Burrow,,,,,,,,,,,,,,
CinQB,,,,,,,,,,,,,,
Justin JeffersonJustin Jefferson,ZHOU,,@Det,Sun 12:00 PM,20.3,--,28th,98.7,99.9,0,4,287.8,18,18.6
Justin Jefferson,,,,,,,,,,,,,,
MinWR,,,,,,,,,,,,,,
Matthew StaffordMatthew Stafford,WA (Wed),,LV,W 17-16,0,--,31st,7,34.8,-7.4,28,285.7,17.9,--
Matthew StaffordIR,,,,,,,,,,,,,,
LARQB,,,,,,,,,,,,,,
Austin EkelerAustin Ekeler,ZHOU,,Mia,Sun 7:20 PM,19.6,--,18th,98.6,99.9,0,1,284.7,19,13.2
Austin Ekeler,,,,,,,,,,,,,,
LACRB,,,,,,,,,,,,,,
Trey LanceTrey Lance,FA,,TB,Sun 3:25 PM,0,--,12th,3.2,15.6,-0.2,50,284,17.8,--
Trey LanceIR,,,,,,,,,,,,,,
SFQB,,,,,,,,,,,,,,
Ja'Marr ChaseJa'Marr Chase,ROSE,,Cle,Sun 12:00 PM,18.7,--,14th,89.1,99.8,0.2,20,276.2,17.3,16.7
Ja'Marr Chase,,,,,,,,,,,,,,
CinWR,,,,,,,,,,,,,,
Tua TagovailoaTua Tagovailoa,KNU,,@LAC,Sun 7:20 PM,20.2,--,22nd,53.1,95.3,0.2,14,271,16.9,13.8
Tua TagovailoaQ,,,,,,,,,,,,,,
MiaQB,,,,,,,,,,,,,,
Kirk CousinsKirk Cousins,KNU,,@Det,Sun 12:00 PM,18,--,32nd,42.8,81.3,8.1,15,269.2,16.8,11.82
Kirk Cousins,,,,,,,,,,,,,,
MinQB,,,,,,,,,,,,,,
Najee HarrisNajee Harris,CHOE,,Bal,Sun 12:00 PM,10.9,--,6th,69.3,96.8,-0.2,20,265.5,17.7,10.2
Najee Harris,,,,,,,,,,,,,,
PitRB,,,,,,,,,,,,,,
Derrick HenryDerrick Henry,POOP,,Jax,Sun 12:00 PM,17.8,--,22nd,98.5,99.9,0,4,264.5,17.6,5.8
Derrick Henry,,,,,,,,,,,,,,
TenRB,,,,,,,,,,,,,,
Deebo SamuelDeebo Samuel,CHOE,,TB,Sun 3:25 PM,14.5,--,15th,83.7,99.4,-0.1,23,261.5,16.3,12.3
Deebo SamuelQ,,,,,,,,,,,,,,
SFWR,,,,,,,,,,,,,,
Trevor LawrenceTrevor Lawrence,SHAH,,@Ten,Sun 12:00 PM,16.3,--,29th,27.4,67.6,0.7,10,260.7,16.3,16.36
Trevor LawrenceQ,,,,,,,,,,,,,,
JaxQB,,,,,,,,,,,,,,
Derek CarrDerek Carr,WA (Wed),,@LAR,L 16-17,15.6,2.58,15th,29.2,66.1,1.7,13,260.6,16.3,16
Derek Carr,,,,,,,,,,,,,,
LVQB,,,,,,,,,,,,,,
Joe MixonJoe Mixon,SHAH,,Cle,Sun 12:00 PM,18.4,--,30th,83.4,99.8,0,11,258.9,17.3,--
Joe Mixon,,,,,,,,,,,,,,
CinRB,,,,,,,,,,,,,,
Leonard FournetteLeonard Fournette,W,,@SF,Sun 3:25 PM,10,--,1st,51.5,97.3,-0.3,14,258.7,17.2,14.1
Leonard FournetteQ,,,,,,,,,,,,,,
TBRB,,,,,,,,,,,,,,
Dalvin CookDalvin Cook,RD,,@Det,Sun 12:00 PM,17.9,--,10th,96.4,99.9,0,10,258.5,18.5,16.3
Dalvin Cook,,,,,,,,,,,,,,
MinRB,,,,,,,,,,,,,,
Stefon DiggsStefon Diggs,RD,,NYJ,Sun 12:00 PM,18.3,--,3rd,98.7,99.9,0,1,258.3,16.1,22.2
Stefon Diggs,,,,,,,,,,,,,,
BufWR,,,,,,,,,,,,,,
Alvin KamaraAlvin Kamara,KNU,,*BYE*,--,--,--,--,35.2,99.4,-0.4,15,254.8,18.2,5.7
Alvin Kamara,,,,,,,,,,,,,,
NORB,,,,,,,,,,,,,,
Carson WentzCarson Wentz,FA,,*BYE*,--,--,--,--,1.1,7.9,-0.6,30,253.7,15.9,--
Carson WentzIR,,,,,,,,,,,,,,
WshQB,,,,,,,,,,,,,,
D'Andre SwiftD'Andre Swift,POOP,,Min,Sun 12:00 PM,15.1,--,22nd,73.6,97.5,0.8,25,253.7,16.9,21.1
D'Andre Swift,,,,,,,,,,,,,,
DetRB,,,,,,,,,,,,,,
Davante AdamsDavante Adams,KNU,,@LAR,L 16-17,19,10.1,26th,98.5,99.9,0,2,253.6,16.9,37.7
Davante Adams,,,,,,,,,,,,,,
LVWR,,,,,,,,,,,,,,
Justin FieldsJustin Fields,ROSE,,*BYE*,--,--,--,--,9.1,94.8,0.1,5,253.1,15.8,19.26
Justin Fields,,,,,,,,,,,,,,
ChiQB,,,,,,,,,,,,,,
CeeDee LambCeeDee Lamb,W,,Hou,Sun 12:00 PM,16.4,--,4th,95.4,99.8,0,7,252.5,15.8,20.4
CeeDee Lamb,,,,,,,,,,,,,,
DalWR,,,,,,,,,,,,,,
Daniel JonesDaniel Jones,SHAH,,Phi,Sun 12:00 PM,15.9,--,1st,16.6,55.6,-4.8,9,252.4,16.8,17.1
Daniel Jones,,,,,,,,,,,,,,
NYGQB,,,,,,,,,,,,,,
Ryan TannehillRyan Tannehill,FA,,Jax,Sun 12:00 PM,15.2,--,26th,6.7,13.3,4.4,24,251.4,15.7,13.04
Ryan Tannehill,,,,,,,,,,,,,,
TenQB,,,,,,,,,,,,,,
Tyreek HillTyreek Hill,JACK,,@LAC,Sun 7:20 PM,22.2,--,12th,97.3,99.9,0,3,246.5,15.4,29.6
Tyreek Hill,,,,,,,,,,,,,,
MiaWR,,,,,,,,,,,,,,
Jameis WinstonJameis Winston,FA,,*BYE*,--,--,--,--,0.4,4.3,-0.5,37,245.8,16.4,--
Jameis Winston,,,,,,,,,,,,,,
NOQB,,,,,,,,,,,,,,
Matt RyanMatt Ryan,FA,,*BYE*,--,--,--,--,0.9,6.4,-0.9,22,245.4,15.3,9.12
Matt Ryan,,,,,,,,,,,,,,
IndQB,,,,,,,,,,,,,,
Aaron JonesAaron Jones,SHAH,,*BYE*,--,--,--,--,30.2,99.2,-0.2,7,242.6,17.3,10
Aaron Jones,,,,,,,,,,,,,,
GBRB,,,,,,,,,,,,,,
James ConnerJames Conner,JACK,,NE,Mon 7:15 PM,14,--,2nd,68,96.6,0.1,28,240,17.1,--
James Conner,,,,,,,,,,,,,,
AriRB,,,,,,,,,,,,,,
Javonte WilliamsJavonte Williams,FA,,KC,Sun 3:05 PM,0,--,24th,12.7,27.4,-0.8,66,239,15.9,--
Javonte WilliamsIR,,,,,,,,,,,,,,
DenRB,,,,,,,,,,,,,,
Mac JonesMac Jones,FA,,@Ari,Mon 7:15 PM,14.2,--,30th,3.8,8.3,2.4,29,238.1,14.9,12.5
Mac Jones,,,,,,,,,,,,,,
NEQB,,,,,,,,,,,,,,
Keenan AllenKeenan Allen,W,,Mia,Sun 7:20 PM,16,--,13th,82.4,97.4,0.8,84,237.6,15.8,20.8
Keenan Allen,,,,,,,,,,,,,,
LACWR,,,,,,,,,,,,,,
Tee HigginsTee Higgins,CHOE,,Cle,Sun 12:00 PM,14.5,--,14th,87.9,99.4,0,14,237.3,14.8,12.5
Tee Higgins,,,,,,,,,,,,,,
CinWR,,,,,,,,,,,,,,
Jared GoffJared Goff,ZHOU,,Min,Sun 12:00 PM,15.7,--,25th,22.7,42.5,13,18,236.3,14.8,21.6
Jared Goff,,,,,,,,,,,,,,
DetQB,,,,,,,,,,,,,,
Michael Pittman Jr.Michael Pittman Jr.,POOP,,*BYE*,--,--,--,--,27.1,96.8,-0.8,17,236.2,14.8,3.6
Michael Pittman Jr.,,,,,,,,,,,,,,
IndWR,,,,,,,,,,,,,,
Mark AndrewsMark Andrews,ROSE,,@Pit,Sun 12:00 PM,13.1,--,13th,95.9,99.8,0,2,235.1,14.7,9.4
Mark Andrews,,,,,,,,,,,,,,
BalTE,,,,,,,,,,,,,,
PLAYERS,STATUS,,NFL WEEK 14,,,,,,,,2022 PROJECTIONS,,,
PLAYER,TYPE,ACTION,OPP,STATUS,PROJ,SCORE,OPRK,%ST,%ROST,+/-,PRK,FPTS,AVG,LAST
DJ MooreDJ Moore,CHOE,,@Sea,Sun 3:25 PM,12.6,--,7th,50.7,94.7,0.5,30,234.6,14.7,--
DJ Moore,,,,,,,,,,,,,,
CarWR,,,,,,,,,,,,,,
Baker MayfieldBaker Mayfield,WA (Wed),,LV,W 17-16,4.3,14.2,31st,0.4,3.2,0.6,33,228.1,14.3,--
Baker Mayfield,,,,,,,,,,,,,,
LARQB,,,,,,,,,,,,,,
Saquon BarkleySaquon Barkley,POOP,,Phi,Sun 12:00 PM,18.5,--,17th,96.7,99.9,0,5,227.8,16.3,19.1
Saquon BarkleyQ,,,,,,,,,,,,,,
NYGRB,,,,,,,,,,,,,,
Travis KelceTravis Kelce,KMUR,,@Den,Sun 3:05 PM,17.1,--,18th,99,99.9,0,1,227.3,14.2,7.6
Travis Kelce,,,,,,,,,,,,,,
KCTE,,,,,,,,,,,,,,
Mike EvansMike Evans,RD,,@SF,Sun 3:25 PM,12.5,--,23rd,74.7,98.5,-0.3,24,223.3,14,9.9
Mike Evans,,,,,,,,,,,,,,
TBWR,,,,,,,,,,,,,,
Terry McLaurinTerry McLaurin,W,,*BYE*,--,--,--,--,30.2,98,-0.2,13,221.9,13.9,24.5
Terry McLaurin,,,,,,,,,,,,,,
WshWR,,,,,,,,,,,,,,
A.J. BrownA.J. Brown,ZHOU,,@NYG,Sun 12:00 PM,15.7,--,10th,95.2,99.8,0,5,220.8,13.8,31.9
A.J. Brown,,,,,,,,,,,,,,
PhiWR,,,,,,,,,,,,,,
David MontgomeryDavid Montgomery,JACK,,*BYE*,--,--,--,--,27.6,95.1,-0.2,23,219.9,14.7,16.7
David Montgomery,,,,,,,,,,,,,,
ChiRB,,,,,,,,,,,,,,
Jaylen WaddleJaylen Waddle,ZHOU,,@LAC,Sun 7:20 PM,15.2,--,12th,85.7,99.6,0,9,218.2,13.6,1.9
Jaylen Waddle,,,,,,,,,,,,,,
MiaWR,,,,,,,,,,,,,,
Diontae JohnsonDiontae Johnson,POOP,,Bal,Sun 12:00 PM,11.7,--,25th,42.9,88,0,39,218.2,13.6,11
Diontae JohnsonQ,,,,,,,,,,,,,,
PitWR,,,,,,,,,,,,,,
Nick ChubbNick Chubb,ZHOU,,@Cin,Sun 12:00 PM,13.9,--,16th,94.9,99.8,0,6,216,14.4,8
Nick Chubb,,,,,,,,,,,,,,
CleRB,,,,,,,,,,,,,,
Brandin CooksBrandin Cooks,KNU,,@Dal,Sun 12:00 PM,10.2,--,16th,20.4,76.2,-4.4,49,215.1,13.4,--
Brandin CooksQ,,,,,,,,,,,,,,
HouWR,,,,,,,,,,,,,,
J.K. DobbinsJ.K. Dobbins,W,,@Pit,Sun 12:00 PM,7.4,--,13th,10.2,58.8,2.9,74,214.3,15.3,--
J.K. DobbinsIR,,,,,,,,,,,,,,
BalRB,,,,,,,,,,,,,,
Ezekiel ElliottEzekiel Elliott,RD,,Hou,Sun 12:00 PM,13.7,--,32nd,71,95,1.6,24,214.2,14.3,18.1
Ezekiel Elliott,,,,,,,,,,,,,,
DalRB,,,,,,,,,,,,,,
DK MetcalfDK Metcalf,ROSE,,Car,Sun 3:25 PM,16.5,--,22nd,85.9,98.5,0.3,15,212.4,13.3,26.7
DK MetcalfQ,,,,,,,,,,,,,,
SeaWR,,,,,,,,,,,,,,
Jerry JeudyJerry Jeudy,W,,KC,Sun 3:05 PM,13.5,--,29th,36.1,86.1,2.3,48,212.2,13.3,10.5
Jerry Jeudy,,,,,,,,,,,,,,
DenWR,,,,,,,,,,,,,,
Darnell MooneyDarnell Mooney,FA,,*BYE*,--,--,--,--,7.9,49.2,-12.8,51,212.2,13.3,--
Darnell MooneyIR,,,,,,,,,,,,,,
ChiWR,,,,,,,,,,,,,,
Marquise BrownMarquise Brown,ROSE,,NE,Mon 7:15 PM,13.1,--,8th,45.9,91.3,2.6,41,211.8,13.2,--
Marquise Brown,,,,,,,,,,,,,,
AriWR,,,,,,,,,,,,,,
Mike WilliamsMike Williams,ZHOU,,Mia,Sun 7:20 PM,13.7,--,13th,42.4,94.4,-0.3,46,211.4,14.1,--
Mike Williams,,,,,,,,,,,,,,
LACWR,,,,,,,,,,,,,,
Breece HallBreece Hall,FA,,@Buf,Sun 12:00 PM,0,--,11th,9.2,34,-1.2,30,210.7,14,--
Breece HallIR,,,,,,,,,,,,,,
NYJRB,,,,,,,,,,,,,,
Josh JacobsJosh Jacobs,CHOE,,@LAR,L 16-17,20.2,19.4,7th,94.3,99.5,0.1,2,210.5,14,21
Josh Jacobs,,,,,,,,,,,,,,
LVRB,,,,,,,,,,,,,,
Courtland SuttonCourtland Sutton,FA,,KC,Sun 3:05 PM,0,--,29th,22.8,87.6,-4.9,34,210.4,13.2,0
Courtland SuttonO,,,,,,,,,,,,,,
DenWR,,,,,,,,,,,,,,
Davis MillsDavis Mills,FA,,@Dal,Sun 12:00 PM,11.9,--,4th,0.5,1.8,0.1,25,210,14,--
Davis Mills,,,,,,,,,,,,,,
HouQB,,,,,,,,,,,,,,
Amon-Ra St. BrownAmon-Ra St. Brown,RD,,Min,Sun 12:00 PM,19.1,--,31st,90.3,99.1,0.3,6,208.9,13.1,34.6
Amon-Ra St. Brown,,,,,,,,,,,,,,
DetWR,,,,,,,,,,,,,,
Gabe DavisGabe Davis,SHAH,,NYJ,Sun 12:00 PM,11.7,--,3rd,52.3,94.1,-0.3,26,207.2,13,9.5
Gabe Davis,,,,,,,,,,,,,,
BufWR,,,,,,,,,,,,,,
Zach WilsonZach Wilson,FA,,@Buf,Sun 12:00 PM,0,--,7th,0.5,4,-1,32,206.7,15.9,--
Zach Wilson,,,,,,,,,,,,,,
NYJQB,,,,,,,,,,,,,,
Michael ThomasMichael Thomas,FA,,*BYE*,--,--,--,--,3.5,31.6,-1.9,96,206.6,15.9,--
Michael ThomasIR,,,,,,,,,,,,,,
NOWR,,,,,,,,,,,,,,
Travis Etienne Jr.Travis Etienne Jr.,ROSE,,@Ten,Sun 12:00 PM,15.7,--,8th,79.1,98.1,0,19,205,13.7,7.6
Travis Etienne Jr.,,,,,,,,,,,,,,
JaxRB,,,,,,,,,,,,,,
Allen Robinson IIAllen Robinson II,WA (Wed),,LV,W 17-16,0,--,21st,4.5,41.8,-12.9,60,201.1,12.6,--
Allen Robinson IIIR,,,,,,,,,,,,,,
LARWR,,,,,,,,,,,,,,
Christian KirkChristian Kirk,KNU,,@Ten,Sun 12:00 PM,13.9,--,32nd,68.1,94.7,0.4,11,200,12.5,16.4
Christian Kirk,,,,,,,,,,,,,,
JaxWR,,,,,,,,,,,,,,
Hunter RenfrowHunter Renfrow,WA (Wed),,@LAR,L 16-17,0,--,26th,2.8,30.7,-1.5,110,199,12.4,--
Hunter RenfrowIR,,,,,,,,,,,,,,
LVWR,,,,,,,,,,,,,,
Amari CooperAmari Cooper,SHAH,,@Cin,Sun 12:00 PM,14.8,--,5th,72.8,96.5,0.2,12,199,12.4,8
Amari CooperQ,,,,,,,,,,,,,,
CleWR,,,,,,,,,,,,,,
Elijah MooreElijah Moore,FA,,@Buf,Sun 12:00 PM,6.2,--,20th,4,33.3,-1.1,88,198.3,12.4,3.7
Elijah Moore,,,,,,,,,,,,,,
NYJWR,,,,,,,,,,,,,,
Chris GodwinChris Godwin,POOP,,@SF,Sun 3:25 PM,14.8,--,23rd,71.4,95.6,0.4,25,198.2,14.2,14.3
Chris Godwin,,,,,,,,,,,,,,
TBWR,,,,,,,,,,,,,,
Rashod BatemanRashod Bateman,FA,,@Pit,Sun 12:00 PM,0,--,30th,2,27.6,-1.6,92,198,12.4,--
Rashod BatemanIR,,,,,,,,,,,,,,
BalWR,,,,,,,,,,,,,,
Kyle PittsKyle Pitts,FA,,*BYE*,--,--,--,--,17.3,49.5,-9.6,22,197.6,12.4,--
Kyle PittsIR,,,,,,,,,,,,,,
AtlTE,,,,,,,,,,,,,,
Elijah MitchellElijah Mitchell,KMUR,,TB,Sun 3:25 PM,0,--,3rd,4.8,34.6,-8.9,81,197.4,13.2,--
Elijah MitchellIR,,,,,,,,,,,,,,
SFRB,,,,,,,,,,,,,,
JuJu Smith-SchusterJuJu Smith-Schuster,JACK,,@Den,Sun 3:05 PM,10.7,--,2nd,39.2,91.4,-0.9,32,197.1,12.3,6.5
JuJu Smith-Schuster,,,,,,,,,,,,,,
KCWR,,,,,,,,,,,,,,
Tyler LockettTyler Lockett,KNU,,Car,Sun 3:25 PM,14,--,22nd,66.3,94.2,0.5,10,197,12.3,27.8
Tyler Lockett,,,,,,,,,,,,,,
SeaWR,,,,,,,,,,,,,,
Darrell Henderson Jr.Darrell Henderson Jr.,FA,,--,,--,--,--,2.6,28,-6.6,50,--,13.9,--
Darrell Henderson Jr.,,,,,,,,,,,,,,
FARB,,,,,,,,,,,,,,
Drake LondonDrake London,KMUR,,*BYE*,--,--,--,--,7.2,71.7,-1.1,38,192.8,12.9,15.5
Drake London,,,,,,,,,,,,,,
AtlWR,,,,,,,,,,,,,,
DeVonta SmithDeVonta Smith,W,,@NYG,Sun 12:00 PM,13.9,--,10th,59.9,92.3,1,21,192.2,12,21.2
DeVonta Smith,,,,,,,,,,,,,,
PhiWR,,,,,,,,,,,,,,
Adam ThielenAdam Thielen,RD,,@Det,Sun 12:00 PM,12.4,--,28th,44.5,88.8,1,31,192.2,12.8,4.7
Adam Thielen,,,,,,,,,,,,,,
MinWR,,,,,,,,,,,,,,
Clyde Edwards-HelaireClyde Edwards-Helaire,CHOE,,@Den,Sun 3:05 PM,0,--,9th,6.9,47.9,-6.9,36,190.6,12.7,--
Clyde Edwards-HelaireIR,,,,,,,,,,,,,,
KCRB,,,,,,,,,,,,,,
Devin SingletaryDevin Singletary,W,,NYJ,Sun 12:00 PM,9.4,--,14th,49.4,92.5,-0.5,22,188.7,12.6,11.1
Devin Singletary,,,,,,,,,,,,,,
BufRB,,,,,,,,,,,,,,
Darren WallerDarren Waller,JACK,,@LAR,L 16-17,0,--,19th,13.7,66.9,-1.1,42,187.7,11.7,--
Darren WallerIR,,,,,,,,,,,,,,
LVTE,,,,,,,,,,,,,,
Kadarius ToneyKadarius Toney,FA,,@Den,Sun 3:05 PM,6,--,2nd,2.1,46.3,-6.9,129,186.2,12.4,--
Kadarius ToneyQ,,,,,,,,,,,,,,
KCWR,,,,,,,,,,,,,,
Brandon AiyukBrandon Aiyuk,RD,,TB,Sun 3:25 PM,11.4,--,15th,46.7,89.4,0,18,184.9,11.6,9.6
Brandon Aiyuk,,,,,,,,,,,,,,
SFWR,,,,,,,,,,,,,,
Miles SandersMiles Sanders,KNU,,@NYG,Sun 12:00 PM,12.3,--,15th,68.8,95.1,0.3,13,184.7,13.2,11.8
Miles Sanders,,,,,,,,,,,,,,
PhiRB,,,,,,,,,,,,,,
Dameon PierceDameon Pierce,ROSE,,@Dal,Sun 12:00 PM,12.6,--,5th,62.9,96.1,-0.4,17,183.7,12.2,12.5
Dameon Pierce,,,,,,,,,,,,,,
HouRB,,,,,,,,,,,,,,
PLAYERS,STATUS,,NFL WEEK 14,,,,,,,,2022 PROJECTIONS,,,
PLAYER,TYPE,ACTION,OPP,STATUS,PROJ,SCORE,OPRK,%ST,%ROST,+/-,PRK,FPTS,AVG,LAST
Kareem HuntKareem Hunt,ZHOU,,@Cin,Sun 12:00 PM,7.6,--,16th,21.7,77.4,-2.2,33,182.5,12.2,9.4
Kareem Hunt,,,,,,,,,,,,,,
CleRB,,,,,,,,,,,,,,
Rhamondre StevensonRhamondre Stevenson,SHAH,,@Ari,Mon 7:15 PM,17.9,--,20th,82.2,97.7,0.5,8,182.2,12.1,13.8
Rhamondre Stevenson,,,,,,,,,,,,,,
NERB,,,,,,,,,,,,,,
Antonio GibsonAntonio Gibson,SHAH,,*BYE*,--,--,--,--,17,86.5,-2.7,16,181.3,12.1,7.9
Antonio Gibson,,,,,,,,,,,,,,
WshRB,,,,,,,,,,,,,,
Robert WoodsRobert Woods,FA,,Jax,Sun 12:00 PM,9.6,--,24th,10,46,-0.4,71,180.4,12,1.6
Robert Woods,,,,,,,,,,,,,,
TenWR,,,,,,,,,,,,,,
Chase ClaypoolChase Claypool,FA,,*BYE*,--,--,--,--,4.5,54.3,-3.8,53,180.4,11.3,5.8
Chase Claypool,,,,,,,,,,,,,,
ChiWR,,,,,,,,,,,,,,
Tony PollardTony Pollard,ROSE,,Hou,Sun 12:00 PM,15.1,--,32nd,78.8,95.7,1.8,9,177.2,11.8,24.6
Tony Pollard,,,,,,,,,,,,,,
DalRB,,,,,,,,,,,,,,
Dalton SchultzDalton Schultz,ROSE,,Hou,Sun 12:00 PM,9.4,--,15th,78.3,94.5,0.6,19,176.7,11,5.3
Dalton Schultz,,,,,,,,,,,,,,
DalTE,,,,,,,,,,,,,,
Garrett WilsonGarrett Wilson,KNU,,@Buf,Sun 12:00 PM,14.7,--,20th,61.1,90.8,4.3,19,175.3,11,24.2
Garrett Wilson,,,,,,,,,,,,,,
NYJWR,,,,,,,,,,,,,,
Damien HarrisDamien Harris,RD,,@Ari,Mon 7:15 PM,8.2,--,20th,10.6,58.6,-1.3,49,174.6,11.6,--
Damien HarrisQ,,,,,,,,,,,,,,
NERB,,,,,,,,,,,,,,
Chris OlaveChris Olave,JACK,,*BYE*,--,--,--,--,13.9,92.6,-0.3,16,174.4,10.9,10.5
Chris Olave,,,,,,,,,,,,,,
NOWR,,,,,,,,,,,,,,
Chase EdmondsChase Edmonds,FA,,KC,Sun 3:05 PM,0,--,24th,2.1,27.3,-3.2,60,174.1,11.6,--
Chase EdmondsIR,,,,,,,,,,,,,,
DenRB,,,,,,,,,,,,,,
Jakobi MeyersJakobi Meyers,JACK,,@Ari,Mon 7:15 PM,9.9,--,18th,19,77.2,-4.1,35,173.9,11.6,5.2
Jakobi MeyersQ,,,,,,,,,,,,,,
NEWR,,,,,,,,,,,,,,
Allen LazardAllen Lazard,KMUR,,*BYE*,--,--,--,--,9.7,85,-1.8,28,172.6,12.3,11.7
Allen Lazard,,,,,,,,,,,,,,
GBWR,,,,,,,,,,,,,,
Marquez Valdes-ScantlingMarquez Valdes-Scantling,FA,,@Den,Sun 3:05 PM,8.9,--,2nd,12.4,50.8,-0.7,54,172.1,10.8,9.1
Marquez Valdes-Scantling,,,,,,,,,,,,,,
KCWR,,,,,,,,,,,,,,
George KittleGeorge Kittle,RD,,TB,Sun 3:25 PM,8.8,--,29th,86.4,98.8,-0.1,7,169.6,12.1,4.2
George Kittle,,,,,,,,,,,,,,
SFTE,,,,,,,,,,,,,,
AJ DillonAJ Dillon,ZHOU,,*BYE*,--,--,--,--,6.5,67.3,1.5,29,168.8,11.3,20.9
AJ Dillon,,,,,,,,,,,,,,
GBRB,,,,,,,,,,,,,,
Russell GageRussell Gage,FA,,@SF,Sun 3:25 PM,4,--,23rd,0.9,22.3,-0.8,86,168.7,11.2,2.1
Russell Gage,,,,,,,,,,,,,,
TBWR,,,,,,,,,,,,,,
Tyler BoydTyler Boyd,CHOE,,Cle,Sun 12:00 PM,9.7,--,14th,21.6,77.6,-3.4,27,168.3,10.5,10
Tyler Boyd,,,,,,,,,,,,,,
CinWR,,,,,,,,,,,,,,
T.J. HockensonT.J. Hockenson,CHOE,,@Det,Sun 12:00 PM,12.9,--,28th,91.4,98.8,0.2,3,168,10.5,7.3
T.J. Hockenson,,,,,,,,,,,,,,
MinTE,,,,,,,,,,,,,,
Cordarrelle PattersonCordarrelle Patterson,W,,*BYE*,--,--,--,--,9.9,85.8,-2.1,32,167.9,12,6
Cordarrelle Patterson,,,,,,,,,,,,,,
AtlRB,,,,,,,,,,,,,,
Treylon BurksTreylon Burks,KMUR,,Jax,Sun 12:00 PM,10.9,--,24th,13.1,50.6,5.8,67,163.8,10.2,9.5
Treylon BurksO,,,,,,,,,,,,,,
TenWR,,,,,,,,,,,,,,
Marvin Jones Jr.Marvin Jones Jr.,FA,,@Ten,Sun 12:00 PM,7,--,32nd,3.1,18.6,-0.4,61,163.1,10.2,2.7
Marvin Jones Jr.,,,,,,,,,,,,,,
JaxWR,,,,,,,,,,,,,,
Rashaad PennyRashaad Penny,FA,,Car,Sun 3:25 PM,0,--,21st,1.1,16.7,-0.5,59,162.9,12.5,--
Rashaad PennyIR,,,,,,,,,,,,,,
SeaRB,,,,,,,,,,,,,,
Jahan DotsonJahan Dotson,FA,,*BYE*,--,--,--,--,1,26.8,-0.7,69,159,9.9,16.4
Jahan Dotson,,,,,,,,,,,,,,
WshWR,,,,,,,,,,,,,,
Robbie AndersonRobbie Anderson,FA,,NE,Mon 7:15 PM,1,--,8th,0.8,10.9,-0.8,106,157,9.8,--
Robbie Anderson,,,,,,,,,,,,,,
AriWR,,,,,,,,,,,,,,
Michael GallupMichael Gallup,FA,,Hou,Sun 12:00 PM,10.4,--,4th,22.1,56.2,11.5,66,156.7,11.2,18.3
Michael Gallup,,,,,,,,,,,,,,
DalWR,,,,,,,,,,,,,,
Nico CollinsNico Collins,FA,,@Dal,Sun 12:00 PM,10.9,--,16th,9.4,24.4,10.7,55,154.1,9.6,12.5
Nico CollinsQ,,,,,,,,,,,,,,
HouWR,,,,,,,,,,,,,,
James RobinsonJames Robinson,FA,,@Buf,Sun 12:00 PM,0,--,11th,6.3,54.9,-10,41,151.1,10.8,1
James Robinson,,,,,,,,,,,,,,
NYJRB,,,,,,,,,,,,,,
Joshua PalmerJoshua Palmer,JACK,,Mia,Sun 7:20 PM,9.4,--,13th,28.5,75.4,0.1,29,150.9,9.4,13
Joshua Palmer,,,,,,,,,,,,,,
LACWR,,,,,,,,,,,,,,
Michael CarterMichael Carter,KMUR,,@Buf,Sun 12:00 PM,10.7,--,11th,23.2,79.2,-3,35,150.5,10,--
Michael Carter,,,,,,,,,,,,,,
NYJRB,,,,,,,,,,,,,,
DeAndre HopkinsDeAndre Hopkins,POOP,,NE,Mon 7:15 PM,14.2,--,8th,65.5,98.7,0,37,150.4,15,--
DeAndre Hopkins,,,,,,,,,,,,,,
AriWR,,,,,,,,,,,,,,
Dallas GoedertDallas Goedert,ZHOU,,@NYG,Sun 12:00 PM,0,--,25th,14.3,81.2,-1.8,6,150.3,10,--
Dallas GoedertIR,,,,,,,,,,,,,,
PhiTE,,,,,,,,,,,,,,
Geno SmithGeno Smith,RD,,Car,Sun 3:25 PM,18.7,--,14th,58.2,88.6,3.1,7,148.8,14.9,22.98
Geno SmithQ,,,,,,,,,,,,,,
SeaQB,,,,,,,,,,,,,,
Evan McPhersonEvan McPherson,KMUR,,Cle,Sun 12:00 PM,8,--,25th,68.2,79.1,7.7,10,148.5,8.7,10
Evan McPherson,,,,,,,,,,,,,,
CinK,,,,,,,,,,,,,,
Zach ErtzZach Ertz,CHOE,,NE,Mon 7:15 PM,0,--,23rd,14.5,43.4,-6.1,5,148.2,9.9,--
Zach ErtzIR,,,,,,,,,,,,,,
AriTE,,,,,,,,,,,,,,
Wan'Dale RobinsonWan'Dale Robinson,FA,,Phi,Sun 12:00 PM,0,--,6th,0.2,5.2,-1.2,94,148,9.3,--
Wan'Dale RobinsonIR,,,,,,,,,,,,,,
NYGWR,,,,,,,,,,,,,,
Matt GayMatt Gay,WA (Wed),,LV,W 17-16,7.3,6,11th,32.5,41.5,-0.5,22,147.8,8.7,14
Matt Gay,,,,,,,,,,,,,,
LARK,,,,,,,,,,,,,,
George PickensGeorge Pickens,KMUR,,Bal,Sun 12:00 PM,9.2,--,25th,24.2,67.4,-0.3,45,147,9.2,1.2
George Pickens,,,,,,,,,,,,,,
PitWR,,,,,,,,,,,,,,
Kenny GolladayKenny Golladay,FA,,Phi,Sun 12:00 PM,3.1,--,6th,0.3,9.5,-0.3,159,146.8,9.8,--
Kenny Golladay,,,,,,,,,,,,,,
NYGWR,,,,,,,,,,,,,,
Cam AkersCam Akers,ZHOU,,LV,W 17-16,9.1,9.3,28th,35,68.1,13.9,57,146.7,9.8,19
Cam Akers,,,,,,,,,,,,,,
LARRB,,,,,,,,,,,,,,
Dawson KnoxDawson Knox,FA,,NYJ,Sun 12:00 PM,7.1,--,12th,36,71.8,-5.5,20,146.6,9.8,0
Dawson Knox,,,,,,,,,,,,,,
BufTE,,,,,,,,,,,,,,
DeVante ParkerDeVante Parker,FA,,@Ari,Mon 7:15 PM,6.6,--,18th,1.2,9.4,-0.1,72,146.4,9.8,3.6
DeVante Parker,,,,,,,,,,,,,,
NEWR,,,,,,,,,,,,,,
Hunter HenryHunter Henry,FA,,@Ari,Mon 7:15 PM,5.6,--,32nd,11.6,29.2,3.3,25,146.4,9.1,3.3
Hunter Henry,,,,,,,,,,,,,,
NETE,,,,,,,,,,,,,,
DJ CharkDJ Chark,FA,,Min,Sun 12:00 PM,7,--,31st,4,21.9,3,102,146,9.7,14.8
DJ Chark,,,,,,,,,,,,,,
DetWR,,,,,,,,,,,,,,
Irv Smith Jr.Irv Smith Jr.,FA,,@Det,Sun 12:00 PM,0,--,28th,1.2,11.3,-0.7,35,145.8,9.1,--
Irv Smith Jr.IR,,,,,,,,,,,,,,
MinTE,,,,,,,,,,,,,,
Cole KmetCole Kmet,ZHOU,,*BYE*,--,--,--,--,13.7,66.6,-2.7,9,145.8,9.1,13.2
Cole Kmet,,,,,,,,,,,,,,
ChiTE,,,,,,,,,,,,,,
Alec PierceAlec Pierce,FA,,*BYE*,--,--,--,--,0.8,10.7,-0.7,56,145.6,9.1,18.6
Alec Pierce,,,,,,,,,,,,,,
IndWR,,,,,,,,,,,,,,
Harrison ButkerHarrison Butker,W,,@Den,Sun 3:05 PM,7.9,--,30th,75.9,86.5,0,28,145.1,8.5,5
Harrison Butker,,,,,,,,,,,,,,
KCK,,,,,,,,,,,,,,
Jarvis LandryJarvis Landry,FA,,*BYE*,--,--,--,--,2.8,28.5,-2.5,86,145,9.7,3.4
Jarvis Landry,,,,,,,,,,,,,,
NOWR,,,,,,,,,,,,,,
Melvin Gordon IIIMelvin Gordon III,FA,,--,,--,--,--,2.5,31.4,-8.6,42,--,9.6,--
Melvin Gordon III,,,,,,,,,,,,,,
FARB,,,,,,,,,,,,,,
PLAYERS,STATUS,,NFL WEEK 14,,,,,,,,2022 PROJECTIONS,,,
PLAYER,TYPE,ACTION,OPP,STATUS,PROJ,SCORE,OPRK,%ST,%ROST,+/-,PRK,FPTS,AVG,LAST
Nyheim HinesNyheim Hines,FA,,NYJ,Sun 12:00 PM,3.2,--,14th,3.4,30.1,-3.3,55,144.6,9.6,2.8
Nyheim Hines,,,,,,,,,,,,,,
BufRB,,,,,,,,,,,,,,
J.D. McKissicJ.D. McKissic,FA,,*BYE*,--,--,--,--,0.8,11.5,-1.6,56,144.6,9.6,--
J.D. McKissicIR,,,,,,,,,,,,,,
WshRB,,,,,,,,,,,,,,
Justin TuckerJustin Tucker,ROSE,,@Pit,Sun 12:00 PM,7.3,--,21st,91.3,99.1,-0.3,2,144.4,8.5,4
Justin Tucker,,,,,,,,,,,,,,
BalK,,,,,,,,,,,,,,
Pat FreiermuthPat Freiermuth,POOP,,Bal,Sun 12:00 PM,11.1,--,14th,76.8,95.4,0.9,4,144.2,9,10.6
Pat Freiermuth,,,,,,,,,,,,,,
PitTE,,,,,,,,,,,,,,
Bills D/STBills D/ST,W,,NYJ,Sun 12:00 PM,5.4,--,15th,79.2,96.8,-0.7,6,143.8,8.5,6
Bills D/ST,,,,,,,,,,,,,,
BufD/ST,,,,,,,,,,,,,,
Cedrick Wilson Jr.Cedrick Wilson Jr.,FA,,@LAC,Sun 7:20 PM,2,--,12th,0.1,1,0,138,143.5,9,0
Cedrick Wilson Jr.,,,,,,,,,,,,,,
MiaWR,,,,,,,,,,,,,,
Nick FolkNick Folk,CHOE,,@Ari,Mon 7:15 PM,8.1,--,19th,61.8,73.1,3.2,8,141.2,8.3,3
Nick Folk,,,,,,,,,,,,,,
NEK,,,,,,,,,,,,,,
Marcus MariotaMarcus Mariota,FA,,*BYE*,--,--,--,--,4.2,30.8,-9.2,12,141.2,15.7,10.38
Marcus Mariota,,,,,,,,,,,,,,
AtlQB,,,,,,,,,,,,,,
Noah FantNoah Fant,JACK,,Car,Sun 3:25 PM,7.2,--,10th,16.9,38.9,6.1,18,139.8,8.7,14.2
Noah Fant,,,,,,,,,,,,,,
SeaTE,,,,,,,,,,,,,,
Mecole HardmanMecole Hardman,FA,,@Den,Sun 3:05 PM,0,--,2nd,0.8,28,-2.9,57,139.7,8.7,--
Mecole HardmanIR,,,,,,,,,,,,,,
KCWR,,,,,,,,,,,,,,
Brandon McManusBrandon McManus,FA,,KC,Sun 3:05 PM,8.5,--,18th,45.4,54.1,10.8,14,139.4,8.2,13
Brandon McManus,,,,,,,,,,,,,,
DenK,,,,,,,,,,,,,,
Daniel CarlsonDaniel Carlson,POOP,,@LAR,L 16-17,8.2,12,26th,90.1,95.1,1.1,4,139.1,8.2,10
Daniel Carlson,,,,,,,,,,,,,,
LVK,,,,,,,,,,,,,,
Jacoby BrissettJacoby Brissett,FA,,@Cin,Sun 12:00 PM,0,--,6th,0.8,6.8,-4.7,19,138.4,13.8,0
Jacoby Brissett,,,,,,,,,,,,,,
CleQB,,,,,,,,,,,,,,
K.J. OsbornK.J. Osborn,FA,,@Det,Sun 12:00 PM,7.8,--,28th,0.7,2.6,0,76,136.7,8.5,3.7
K.J. Osborn,,,,,,,,,,,,,,
MinWR,,,,,,,,,,,,,,
Van JeffersonVan Jefferson,WA (Wed),,LV,W 17-16,8.6,12.4,21st,6.2,25.1,-1.2,117,136.5,9.1,5.9
Van Jefferson,,,,,,,,,,,,,,
LARWR,,,,,,,,,,,,,,
Mike GesickiMike Gesicki,FA,,@LAC,Sun 7:20 PM,6,--,20th,15.2,46.1,-2,23,135.9,8.5,0
Mike Gesicki,,,,,,,,,,,,,,
MiaTE,,,,,,,,,,,,,,
Packers D/STPackers D/ST,FA,,*BYE*,--,--,--,--,22.7,39.1,-5.1,20,135.6,8,5
Packers D/ST,,,,,,,,,,,,,,
GBD/ST,,,,,,,,,,,,,,
Skyy MooreSkyy Moore,FA,,@Den,Sun 3:05 PM,2.6,--,2nd,1.3,17.6,-0.2,124,135,8.4,1.2
Skyy Moore,,,,,,,,,,,,,,
KCWR,,,,,,,,,,,,,,
Greg JosephGreg Joseph,FA,,@Det,Sun 12:00 PM,7.4,--,7th,29.6,35.6,0.1,22,134.8,7.9,12
Greg Joseph,,,,,,,,,,,,,,
MinK,,,,,,,,,,,,,,
Matt PraterMatt Prater,FA,,NE,Mon 7:15 PM,6.3,--,20th,14.9,19.7,-0.7,33,133.9,7.9,--
Matt Prater,,,,,,,,,,,,,,
AriK,,,,,,,,,,,,,,
Sterling ShepardSterling Shepard,FA,,Phi,Sun 12:00 PM,0,--,6th,0.1,1.5,-0.1,119,133.3,9.5,--
Sterling ShepardIR,,,,,,,,,,,,,,
NYGWR,,,,,,,,,,,,,,
Curtis SamuelCurtis Samuel,CHOE,,*BYE*,--,--,--,--,4.9,63,-3.8,22,133,8.9,14.6
Curtis Samuel,,,,,,,,,,,,,,
WshWR,,,,,,,,,,,,,,
Jake ElliottJake Elliott,FA,,@NYG,Sun 12:00 PM,6.4,--,21st,12.4,16.7,-0.4,28,132.5,7.8,5
Jake Elliott,,,,,,,,,,,,,,
PhiK,,,,,,,,,,,,,,
KJ HamlerKJ Hamler,FA,,KC,Sun 3:05 PM,0,--,29th,0.1,0.8,-0.1,131,132.1,8.8,--
KJ HamlerIR,,,,,,,,,,,,,,
DenWR,,,,,,,,,,,,,,
Graham GanoGraham Gano,KNU,,Phi,Sun 12:00 PM,8,--,4th,60.4,74.5,-0.9,9,131.9,7.8,8
Graham Gano,,,,,,,,,,,,,,
NYGK,,,,,,,,,,,,,,
Tyler BassTyler Bass,RD,,NYJ,Sun 12:00 PM,8.2,--,13th,83.5,89.6,2,1,131.6,7.7,7
Tyler Bass,,,,,,,,,,,,,,
BufK,,,,,,,,,,,,,,
David NjokuDavid Njoku,POOP,,@Cin,Sun 12:00 PM,10,--,17th,39.2,82.9,-1.5,13,131.4,8.2,--
David Njoku,,,,,,,,,,,,,,
CleTE,,,,,,,,,,,,,,
Rondale MooreRondale Moore,ROSE,,NE,Mon 7:15 PM,10.4,--,8th,7.3,53.8,-5,59,130.7,8.7,--
Rondale MooreQ,,,,,,,,,,,,,,
AriWR,,,,,,,,,,,,,,
Julio JonesJulio Jones,FA,,@SF,Sun 3:25 PM,7.5,--,23rd,4.3,23.5,-1.6,89,130.5,9.3,5.8
Julio Jones,,,,,,,,,,,,,,
TBWR,,,,,,,,,,,,,,
Robbie GouldRobbie Gould,CHOE,,TB,Sun 3:25 PM,7.5,--,5th,31.8,39.7,0.2,12,130.5,7.7,18
Robbie Gould,,,,,,,,,,,,,,
SFK,,,,,,,,,,,,,,
Raheem MostertRaheem Mostert,JACK,,@LAC,Sun 7:20 PM,10.8,--,29th,32.4,80.5,1.6,31,130.4,10,3
Raheem Mostert,,,,,,,,,,,,,,
MiaRB,,,,,,,,,,,,,,
Tyler HigbeeTyler Higbee,WA (Wed),,LV,W 17-16,8.4,3.1,27th,40.4,80.2,-3,16,130.3,8.7,3.4
Tyler Higbee,,,,,,,,,,,,,,
LARTE,,,,,,,,,,,,,,
Ryan SuccopRyan Succop,JACK,,@SF,Sun 3:25 PM,7.1,--,1st,29.4,43.2,-4.6,11,130.2,7.7,5
Ryan Succop,,,,,,,,,,,,,,
TBK,,,,,,,,,,,,,,
Hayden HurstHayden Hurst,SHAH,,Cle,Sun 12:00 PM,0,--,6th,13.1,51.1,-11.4,11,130.1,8.1,3.2
Hayden HurstO,,,,,,,,,,,,,,
CinTE,,,,,,,,,,,,,,
Brett MaherBrett Maher,FA,,Hou,Sun 12:00 PM,8.3,--,27th,67,72.2,5.8,7,129.4,7.6,6
Brett Maher,,,,,,,,,,,,,,
DalK,,,,,,,,,,,,,,
Dustin HopkinsDustin Hopkins,FA,,Mia,Sun 7:20 PM,0,--,8th,1.1,2.4,-0.3,34,128.7,7.6,--
Dustin HopkinsIR,,,,,,,,,,,,,,
LACK,,,,,,,,,,,,,,
Isaiah McKenzieIsaiah McKenzie,FA,,NYJ,Sun 12:00 PM,9.3,--,3rd,8.5,23.7,3.5,47,128.5,8,9.4
Isaiah McKenzie,,,,,,,,,,,,,,
BufWR,,,,,,,,,,,,,,
Saints D/STSaints D/ST,POOP,,*BYE*,--,--,--,--,24,43,-8.7,18,127.9,7.5,5
Saints D/ST,,,,,,,,,,,,,,
NOD/ST,,,,,,,,,,,,,,
Gerald EverettGerald Everett,SHAH,,Mia,Sun 7:20 PM,8.1,--,30th,53.3,84.8,6.4,10,127.6,8,13
Gerald Everett,,,,,,,,,,,,,,
LACTE,,,,,,,,,,,,,,
Joey SlyeJoey Slye,FA,,*BYE*,--,--,--,--,0.9,2.1,-1.6,20,127,7.5,8
Joey Slye,,,,,,,,,,,,,,
WshK,,,,,,,,,,,,,,
Riley PattersonRiley Patterson,FA,,@Ten,Sun 12:00 PM,7.1,--,3rd,1.4,3.1,-0.3,24,126.8,7.5,7
Riley Patterson,,,,,,,,,,,,,,
JaxK,,,,,,,,,,,,,,
James CookJames Cook,JACK,,NYJ,Sun 12:00 PM,8.7,--,14th,16.5,49.8,24.3,51,126.7,8.4,16.5
James Cook,,,,,,,,,,,,,,
BufRB,,,,,,,,,,,,,,
Chris BoswellChris Boswell,FA,,Bal,Sun 12:00 PM,0,--,16th,1.7,5.4,-0.6,31,126.6,7.4,--
Chris BoswellIR,,,,,,,,,,,,,,
PitK,,,,,,,,,,,,,,
Kenneth Walker IIIKenneth Walker III,KMUR,,Car,Sun 3:25 PM,16.8,--,21st,67,96.8,0.1,18,126.6,9,3.6
Kenneth Walker IIIQ,,,,,,,,,,,,,,
SeaRB,,,,,,,,,,,,,,
Wil LutzWil Lutz,FA,,*BYE*,--,--,--,--,3.5,7.1,-4.7,17,126.4,7.4,10
Wil Lutz,,,,,,,,,,,,,,
NOK,,,,,,,,,,,,,,
Rex BurkheadRex Burkhead,FA,,@Dal,Sun 12:00 PM,3.5,--,5th,1.2,7.3,-1,54,125.9,9,--
Rex Burkhead,,,,,,,,,,,,,,
HouRB,,,,,,,,,,,,,,
Austin HooperAustin Hooper,FA,,Jax,Sun 12:00 PM,6.7,--,21st,7.1,12.1,2.1,26,125.8,8.4,5.2
Austin Hooper,,,,,,,,,,,,,,
TenTE,,,,,,,,,,,,,,
Younghoe KooYounghoe Koo,SHAH,,*BYE*,--,--,--,--,23.5,52.7,-23.4,5,125.8,7.4,14
Younghoe Koo,,,,,,,,,,,,,,
AtlK,,,,,,,,,,,,,,
Austin SeibertAustin Seibert,FA,,--,,--,--,--,0.1,0.3,0,35,--,7.4,--
Austin SeibertQ,,,,,,,,,,,,,,
FAK,,,,,,,,,,,,,,
Eddy PineiroEddy Pineiro,FA,,@Sea,Sun 3:25 PM,7,--,10th,0.5,1.6,-0.8,14,125.5,7.4,--
Eddy Pineiro,,,,,,,,,,,,,,
CarK,,,,,,,,,,,,,,
PLAYERS,STATUS,,NFL WEEK 14,,,,,,,,2022 PROJECTIONS,,,
PLAYER,TYPE,ACTION,OPP,STATUS,PROJ,SCORE,OPRK,%ST,%ROST,+/-,PRK,FPTS,AVG,LAST
Randy BullockRandy Bullock,FA,,Jax,Sun 12:00 PM,7.3,--,13th,0.6,1,0.3,30,125.3,7.4,4
Randy Bullock,,,,,,,,,,,,,,
TenK,,,,,,,,,,,,,,
Mason CrosbyMason Crosby,FA,,*BYE*,--,--,--,--,1.8,3.6,-0.6,26,125.3,7.4,8
Mason Crosby,,,,,,,,,,,,,,
GBK,,,,,,,,,,,,,,
Kenny PickettKenny Pickett,FA,,Bal,Sun 12:00 PM,13.9,--,20th,3.7,9.5,1,27,124.7,13.9,13.28
Kenny Pickett,,,,,,,,,,,,,,
PitQB,,,,,,,,,,,,,,
Buccaneers D/STBuccaneers D/ST,RD,,@SF,Sun 3:25 PM,5.1,--,17th,46.6,69.2,1.3,9,124.6,7.3,5
Buccaneers D/ST,,,,,,,,,,,,,,
TBD/ST,,,,,,,,,,,,,,
Evan EngramEvan Engram,ZHOU,,@Ten,Sun 12:00 PM,7.5,--,22nd,20.9,43.9,9.1,15,124.4,8.3,14
Evan Engram,,,,,,,,,,,,,,
JaxTE,,,,,,,,,,,,,,
Jason MyersJason Myers,ZHOU,,Car,Sun 3:25 PM,8,--,11th,51.8,62.1,6,2,124.2,7.3,10
Jason Myers,,,,,,,,,,,,,,
SeaK,,,,,,,,,,,,,,
Rodrigo BlankenshipRodrigo Blankenship,FA,,--,,--,--,--,0.2,0.3,0,36,--,7.3,--
Rodrigo BlankenshipQ,,,,,,,,,,,,,,
FAK,,,,,,,,,,,,,,
Cade YorkCade York,FA,,@Cin,Sun 12:00 PM,7.1,--,32nd,9.5,14.3,-1,16,123.1,7.2,11
Cade York,,,,,,,,,,,,,,
CleK,,,,,,,,,,,,,,
Jamaal WilliamsJamaal Williams,POOP,,Min,Sun 12:00 PM,9.1,--,22nd,51,90.5,-0.1,12,123.1,8.8,9.5
Jamaal Williams,,,,,,,,,,,,,,
DetRB,,,,,,,,,,,,,,
Albert OkwuegbunamAlbert Okwuegbunam,FA,,KC,Sun 3:05 PM,0,--,11th,0.5,2.2,-0.1,81,122.5,7.7,--
Albert Okwuegbunam,,,,,,,,,,,,,,
DenTE,,,,,,,,,,,,,,
Greg ZuerleinGreg Zuerlein,FA,,@Buf,Sun 12:00 PM,7.2,--,2nd,8.9,10.8,2.9,6,122.3,7.2,20
Greg Zuerlein,,,,,,,,,,,,,,
NYJK,,,,,,,,,,,,,,
Robert TonyanRobert Tonyan,FA,,*BYE*,--,--,--,--,5.6,27.7,-5.5,17,122.1,8.1,2
Robert Tonyan,,,,,,,,,,,,,,
GBTE,,,,,,,,,,,,,,
Cairo SantosCairo Santos,FA,,*BYE*,--,--,--,--,14.7,30.5,-22.5,20,121.9,7.2,7
Cairo Santos,,,,,,,,,,,,,,
ChiK,,,,,,,,,,,,,,
Eagles D/STEagles D/ST,JACK,,@NYG,Sun 12:00 PM,6.4,--,17th,85.4,95.8,1.9,3,121.8,7.2,11
Eagles D/ST,,,,,,,,,,,,,,
PhiD/ST,,,,,,,,,,,,,,
Noah BrownNoah Brown,FA,,Hou,Sun 12:00 PM,3.4,--,4th,0.3,1.7,-0.2,68,121.8,7.6,3.5
Noah Brown,,,,,,,,,,,,,,
DalWR,,,,,,,,,,,,,,
Corey DavisCorey Davis,FA,,@Buf,Sun 12:00 PM,9.9,--,20th,6.6,17.1,7.4,62,121.5,8.1,13.5
Corey Davis,,,,,,,,,,,,,,
NYJWR,,,,,,,,,,,,,,
Romeo DoubsRomeo Doubs,FA,,*BYE*,--,--,--,--,0.8,16.9,-2.7,63,120.2,7.5,--
Romeo DoubsO,,,,,,,,,,,,,,
GBWR,,,,,,,,,,,,,,
Ravens D/STRavens D/ST,ROSE,,@Pit,Sun 12:00 PM,6.7,--,24th,80,91.2,6.1,7,119.6,7,7
Ravens D/ST,,,,,,,,,,,,,,
BalD/ST,,,,,,,,,,,,,,
Velus Jones Jr.Velus Jones Jr.,FA,,*BYE*,--,--,--,--,0,0.5,0,149,118.9,7.9,0.1
Velus Jones Jr.,,,,,,,,,,,,,,
ChiWR,,,,,,,,,,,,,,
Ka'imi FairbairnKa'imi Fairbairn,FA,,@Dal,Sun 12:00 PM,5.2,--,21st,1.3,1.9,-0.6,17,118.1,6.9,7
Ka'imi FairbairnQ,,,,,,,,,,,,,,
HouK,,,,,,,,,,,,,,
Desmond RidderDesmond Ridder,FA,,*BYE*,--,--,--,--,0,1.8,1.4,--,118,14.7,--
Desmond Ridder,,,,,,,,,,,,,,
AtlQB,,,,,,,,,,,,,,
A.J. GreenA.J. Green,FA,,NE,Mon 7:15 PM,1.5,--,8th,0.3,2.5,-0.3,111,117.8,7.9,--
A.J. Green,,,,,,,,,,,,,,
AriWR,,,,,,,,,,,,,,
Kenneth GainwellKenneth Gainwell,FA,,@NYG,Sun 12:00 PM,4.5,--,15th,2,8.8,0.7,52,117.7,7.8,8.3
Kenneth Gainwell,,,,,,,,,,,,,,
PhiRB,,,,,,,,,,,,,,
Kendrick BourneKendrick Bourne,FA,,@Ari,Mon 7:15 PM,3.4,--,18th,0.1,0.9,0,105,117.7,7.4,2.5
Kendrick Bourne,,,,,,,,,,,,,,
NEWR,,,,,,,,,,,,,,
Mitch TrubiskyMitch Trubisky,FA,,Bal,Sun 12:00 PM,0,--,20th,0.1,0.6,0,35,117.2,14.7,--
Mitch Trubisky,,,,,,,,,,,,,,
PitQB,,,,,,,,,,,,,,
Logan ThomasLogan Thomas,FA,,*BYE*,--,--,--,--,1.8,8.6,-1.3,34,115.6,8.3,5
Logan Thomas,,,,,,,,,,,,,,
WshTE,,,,,,,,,,,,,,
Randall CobbRandall Cobb,FA,,*BYE*,--,--,--,--,0.5,5.8,-0.9,80,115.5,8.3,0
Randall Cobb,,,,,,,,,,,,,,
GBWR,,,,,,,,,,,,,,
Nick Westbrook-IkhineNick Westbrook-Ikhine,FA,,Jax,Sun 12:00 PM,6.6,--,24th,0.3,1.2,-0.1,82,114,7.1,1.4
Nick Westbrook-Ikhine,,,,,,,,,,,,,,
TenWR,,,,,,,,,,,,,,
Deshaun WatsonDeshaun Watson,ROSE,,@Cin,Sun 12:00 PM,17.7,--,6th,26.5,73,9,55,112.4,18.7,5.34
Deshaun Watson,,,,,,,,,,,,,,
CleQB,,,,,,,,,,,,,,
49ers D/ST49ers D/ST,ROSE,,TB,Sun 3:25 PM,5.5,--,7th,67.2,87.5,2.3,2,112.3,6.6,18
49ers D/ST,,,,,,,,,,,,,,
SFD/ST,,,,,,,,,,,,,,
Jason SandersJason Sanders,FA,,@LAC,Sun 7:20 PM,7.2,--,28th,4.9,8.3,0.3,19,111.4,6.6,6
Jason Sanders,,,,,,,,,,,,,,
MiaK,,,,,,,,,,,,,,
Alexander MattisonAlexander Mattison,RD,,@Det,Sun 12:00 PM,4.4,--,10th,1.5,22.7,-0.4,53,109.6,7.3,9.8
Alexander Mattison,,,,,,,,,,,,,,
MinRB,,,,,,,,,,,,,,
Zay JonesZay Jones,KMUR,,@Ten,Sun 12:00 PM,12,--,32nd,31.3,59.4,7.6,33,109.2,6.8,3.6
Zay JonesQ,,,,,,,,,,,,,,
JaxWR,,,,,,,,,,,,,,
Commanders D/STCommanders D/ST,ZHOU,,*BYE*,--,--,--,--,16.8,38.2,-12.8,8,109.2,6.4,6
Commanders D/ST,,,,,,,,,,,,,,
WshD/ST,,,,,,,,,,,,,,
Brevin JordanBrevin Jordan,FA,,@Dal,Sun 12:00 PM,3.2,--,5th,0.1,0.5,0,69,109.1,6.8,8.6
Brevin Jordan,,,,,,,,,,,,,,
HouTE,,,,,,,,,,,,,,
Khalil HerbertKhalil Herbert,ROSE,,*BYE*,--,--,--,--,1.4,29.4,-3.7,34,108.9,7.3,--
Khalil HerbertIR,,,,,,,,,,,,,,
ChiRB,,,,,,,,,,,,,,
Steelers D/STSteelers D/ST,FA,,Bal,Sun 12:00 PM,5.8,--,9th,40.5,48.5,11.1,24,108.8,6.4,4
Steelers D/ST,,,,,,,,,,,,,,
PitD/ST,,,,,,,,,,,,,,
Christian WatsonChristian Watson,SHAH,,*BYE*,--,--,--,--,6.1,85.9,3.3,36,108.8,6.8,24.4
Christian Watson,,,,,,,,,,,,,,
GBWR,,,,,,,,,,,,,,
Colts D/STColts D/ST,FA,,*BYE*,--,--,--,--,22,35,-10.9,13,108.7,6.4,-1
Colts D/ST,,,,,,,,,,,,,,
IndD/ST,,,,,,,,,,,,,,
Dee EskridgeDee Eskridge,FA,,Car,Sun 3:25 PM,0,--,22nd,0,0.3,0,146,108.1,6.8,--
Dee EskridgeIR,,,,,,,,,,,,,,
SeaWR,,,,,,,,,,,,,,
Donovan Peoples-JonesDonovan Peoples-Jones,KMUR,,@Cin,Sun 12:00 PM,9.5,--,5th,16.3,44.3,1.7,43,107.7,6.7,13.4
Donovan Peoples-Jones,,,,,,,,,,,,,,
CleWR,,,,,,,,,,,,,,
Browns D/STBrowns D/ST,FA,,@Cin,Sun 12:00 PM,3.8,--,6th,19,31.4,-18.9,16,107.3,6.3,31
Browns D/ST,,,,,,,,,,,,,,
CleD/ST,,,,,,,,,,,,,,
Drew LockDrew Lock,FA,,Car,Sun 3:25 PM,0,--,14th,0,0.2,0,--,107,15.3,--
Drew Lock,,,,,,,,,,,,,,
SeaQB,,,,,,,,,,,,,,
Cowboys D/STCowboys D/ST,CHOE,,Hou,Sun 12:00 PM,7.8,--,32nd,92.4,97.4,2.5,1,106.5,6.3,19
Cowboys D/ST,,,,,,,,,,,,,,
DalD/ST,,,,,,,,,,,,,,
Jamison CrowderJamison Crowder,FA,,NYJ,Sun 12:00 PM,0,--,3rd,0.1,1.6,0,151,106.2,7.1,--
Jamison CrowderIR,,,,,,,,,,,,,,
BufWR,,,,,,,,,,,,,,
Mo Alie-CoxMo Alie-Cox,FA,,*BYE*,--,--,--,--,0.2,1,-0.1,39,106.1,6.6,-0.4
Mo Alie-Cox,,,,,,,,,,,,,,
IndTE,,,,,,,,,,,,,,
Devin DuvernayDevin Duvernay,FA,,@Pit,Sun 12:00 PM,7.8,--,30th,6.6,30.4,-2.8,44,105.5,6.6,10.3
Devin Duvernay,,,,,,,,,,,,,,
BalWR,,,,,,,,,,,,,,
Chargers D/STChargers D/ST,FA,,Mia,Sun 7:20 PM,2.5,--,10th,9.4,17,-0.5,28,105.4,6.2,9
Chargers D/ST,,,,,,,,,,,,,,
LACD/ST,,,,,,,,,,,,,,
Dolphins D/STDolphins D/ST,FA,,@LAC,Sun 7:20 PM,5,--,12th,27.8,44,-6,12,105.4,6.2,5
Dolphins D/ST,,,,,,,,,,,,,,
MiaD/ST,,,,,,,,,,,,,,
Damien WilliamsDamien Williams,FA,,*BYE*,--,--,--,--,0,1.4,-0.1,149,104.3,7.5,--
Damien WilliamsIR,,,,,,,,,,,,,,
AtlRB,,,,,,,,,,,,,,
PLAYERS,STATUS,,NFL WEEK 14,,,,,,,,2022 PROJECTIONS,,,
PLAYER,TYPE,ACTION,OPP,STATUS,PROJ,SCORE,OPRK,%ST,%ROST,+/-,PRK,FPTS,AVG,LAST
Braxton BerriosBraxton Berrios,FA,,@Buf,Sun 12:00 PM,3.1,--,20th,0.2,0.9,0,100,104.2,6.5,2.9
Braxton Berrios,,,,,,,,,,,,,,
NYJWR,,,,,,,,,,,,,,
Brian Robinson Jr.Brian Robinson Jr.,POOP,,*BYE*,--,--,--,--,6.5,69.9,0.4,43,102.9,9.4,13.1
Brian Robinson Jr.,,,,,,,,,,,,,,
WshRB,,,,,,,,,,,,,,
Bengals D/STBengals D/ST,FA,,Cle,Sun 12:00 PM,4.3,--,13th,18.7,35.5,-5.6,22,101.5,6,4
Bengals D/ST,,,,,,,,,,,,,,
CinD/ST,,,,,,,,,,,,,,
Parris CampbellParris Campbell,FA,,*BYE*,--,--,--,--,3.2,42,-8,40,99.2,7.1,8.5
Parris Campbell,,,,,,,,,,,,,,
IndWR,,,,,,,,,,,,,,
Bryan EdwardsBryan Edwards,FA,,--,,--,--,--,0,0.2,0,176,--,6.1,--
Bryan Edwards,,,,,,,,,,,,,,
FAWR,,,,,,,,,,,,,,
Rachaad WhiteRachaad White,W,,@SF,Sun 3:25 PM,9.6,--,1st,24.5,68.7,0.1,37,96,6.4,16.9
Rachaad White,,,,,,,,,,,,,,
TBRB,,,,,,,,,,,,,,
Phillip DorsettPhillip Dorsett,FA,,@Dal,Sun 12:00 PM,2.5,--,16th,0,0.3,0,118,95.1,5.9,3.8
Phillip Dorsett,,,,,,,,,,,,,,
HouWR,,,,,,,,,,,,,,
Zamir WhiteZamir White,WA (Wed),,@LAR,L 16-17,0.7,0.9,7th,0.1,2.1,0,123,93.7,6.2,0.6
Zamir White,,,,,,,,,,,,,,
LVRB,,,,,,,,,,,,,,
Jameson WilliamsJameson Williams,WA (Sat),,Min,Sun 12:00 PM,5.3,--,31st,1.8,27.7,5.6,205,92.6,10.3,0
Jameson Williams,,,,,,,,,,,,,,
DetWR,,,,,,,,,,,,,,
Mark Ingram IIMark Ingram II,FA,,*BYE*,--,--,--,--,0.4,4.1,-0.5,62,92.5,6.6,9.9
Mark Ingram IIO,,,,,,,,,,,,,,
NORB,,,,,,,,,,,,,,
Samaje PerineSamaje Perine,SHAH,,Cle,Sun 12:00 PM,7.4,--,30th,17.5,61.2,16.6,27,91.6,6.1,21.5
Samaje Perine,,,,,,,,,,,,,,
CinRB,,,,,,,,,,,,,,
Patriots D/STPatriots D/ST,KNU,,@Ari,Mon 7:15 PM,6.1,--,20th,55.1,80.6,2.3,4,90.4,5.3,3
Patriots D/ST,,,,,,,,,,,,,,
NED/ST,,,,,,,,,,,,,,
Panthers D/STPanthers D/ST,FA,,@Sea,Sun 3:25 PM,4.3,--,16th,3.2,7.2,-1.4,11,89.5,5.3,--
Panthers D/ST,,,,,,,,,,,,,,
CarD/ST,,,,,,,,,,,,,,
Tommy TrembleTommy Tremble,FA,,@Sea,Sun 3:25 PM,2.9,--,31st,0.1,0.3,0,50,88.9,5.6,--
Tommy Tremble,,,,,,,,,,,,,,
CarTE,,,,,,,,,,,,,,
Kyle RudolphKyle Rudolph,FA,,@SF,Sun 3:25 PM,0,--,3rd,0.1,0.6,0,100,87.3,5.5,0
Kyle Rudolph,,,,,,,,,,,,,,
TBTE,,,,,,,,,,,,,,
Nelson AgholorNelson Agholor,FA,,@Ari,Mon 7:15 PM,5.9,--,18th,0.3,1.4,0,82,87.2,5.5,3.7
Nelson Agholor,,,,,,,,,,,,,,
NEWR,,,,,,,,,,,,,,
Jerick McKinnonJerick McKinnon,FA,,@Den,Sun 3:05 PM,8.5,--,9th,12.9,32.9,4.4,46,87,6.7,14
Jerick McKinnon,,,,,,,,,,,,,,
KCRB,,,,,,,,,,,,,,
Broncos D/STBroncos D/ST,WA (Sat),,KC,Sun 3:05 PM,3,--,1st,16.6,35.8,-10.5,9,86.8,5.1,13
Broncos D/ST,,,,,,,,,,,,,,
DenD/ST,,,,,,,,,,,,,,
Tyler ConklinTyler Conklin,W,,@Buf,Sun 12:00 PM,7.7,--,7th,22.7,39.3,5.2,12,86,5.4,2.9
Tyler Conklin,,,,,,,,,,,,,,
NYJTE,,,,,,,,,,,,,,
Titans D/STTitans D/ST,KNU,,Jax,Sun 12:00 PM,4.9,--,7th,16.5,29.4,-0.4,18,85,5,-6
Titans D/ST,,,,,,,,,,,,,,
TenD/ST,,,,,,,,,,,,,,
Jauan JenningsJauan Jennings,FA,,TB,Sun 3:25 PM,4.1,--,15th,0.1,0.4,0,85,84.8,5.3,5.4
Jauan Jennings,,,,,,,,,,,,,,
SFWR,,,,,,,,,,,,,,
Sammy WatkinsSammy Watkins,FA,,*BYE*,--,--,--,--,0.2,1.9,-0.4,122,84.4,6,0
Sammy Watkins,,,,,,,,,,,,,,
GBWR,,,,,,,,,,,,,,
Gus EdwardsGus Edwards,W,,@Pit,Sun 12:00 PM,6.8,--,13th,8.5,39.5,-5.4,70,84,7.6,1.2
Gus Edwards,,,,,,,,,,,,,,
BalRB,,,,,,,,,,,,,,
Tyler AllgeierTyler Allgeier,FA,,*BYE*,--,--,--,--,3.1,36.6,-4.5,38,83.4,5.6,5.2
Tyler Allgeier,,,,,,,,,,,,,,
AtlRB,,,,,,,,,,,,,,
Dontrell HilliardDontrell Hilliard,POOP,,Jax,Sun 12:00 PM,4.5,--,22nd,1.1,7.5,-0.6,48,83.1,5.5,3.6
Dontrell Hilliard,,,,,,,,,,,,,,
TenRB,,,,,,,,,,,,,,
Vikings D/STVikings D/ST,SHAH,,@Det,Sun 12:00 PM,3.5,--,11th,13.9,22.8,-3.9,21,82.3,4.8,0
Vikings D/ST,,,,,,,,,,,,,,
MinD/ST,,,,,,,,,,,,,,
Rams D/STRams D/ST,WA (Wed),,LV,W 17-16,3.8,5,5th,12.6,23.7,-2.1,22,82.2,4.8,5
Rams D/ST,,,,,,,,,,,,,,
LARD/ST,,,,,,,,,,,,,,
Isaiah LikelyIsaiah Likely,FA,,@Pit,Sun 12:00 PM,4.2,--,13th,1.1,9.1,-2,30,82.2,5.1,7
Isaiah Likely,,,,,,,,,,,,,,
BalTE,,,,,,,,,,,,,,
Mack HollinsMack Hollins,SHAH,,@LAR,L 16-17,10.1,8.2,26th,9.7,21.3,4.2,42,80.7,5,8.5
Mack Hollins,,,,,,,,,,,,,,
LVWR,,,,,,,,,,,,,,
Jonnu SmithJonnu Smith,FA,,@Ari,Mon 7:15 PM,5,--,32nd,0.5,1.1,-0.1,40,79.6,5,2.6
Jonnu Smith,,,,,,,,,,,,,,
NETE,,,,,,,,,,,,,,
Taysom HillTaysom Hill,CHOE,,*BYE*,--,--,--,--,6.1,39.9,1.9,8,79.5,5,13.34
Taysom Hill,,,,,,,,,,,,,,
NOTE,,,,,,,,,,,,,,
Giants D/STGiants D/ST,FA,,Phi,Sun 12:00 PM,2.9,--,3rd,7.7,15.6,-3.8,26,78.9,4.6,4
Giants D/ST,,,,,,,,,,,,,,
NYGD/ST,,,,,,,,,,,,,,
Byron PringleByron Pringle,FA,,*BYE*,--,--,--,--,0,0.2,0,142,78.6,4.9,0
Byron Pringle,,,,,,,,,,,,,,
ChiWR,,,,,,,,,,,,,,
Chris MooreChris Moore,FA,,@Dal,Sun 12:00 PM,6.3,--,16th,0.2,0.6,0,74,75.3,4.7,7.6
Chris Moore,,,,,,,,,,,,,,
HouWR,,,,,,,,,,,,,,
Kyle PhilipsKyle Philips,FA,,Jax,Sun 12:00 PM,0,--,24th,0,0.2,0,152,74.4,4.7,--
Kyle PhilipsIR,,,,,,,,,,,,,,
TenWR,,,,,,,,,,,,,,
David BellDavid Bell,FA,,@Cin,Sun 12:00 PM,5.5,--,5th,0.1,0.4,0,115,74.2,4.6,0
David Bell,,,,,,,,,,,,,,
CleWR,,,,,,,,,,,,,,
Raiders D/STRaiders D/ST,KMUR,,@LAR,L 16-17,6.8,9,31st,43.7,48,40.2,30,72.9,4.3,7
Raiders D/ST,,,,,,,,,,,,,,
LVD/ST,,,,,,,,,,,,,,
Matt BreidaMatt Breida,POOP,,Phi,Sun 12:00 PM,3.4,--,17th,0.2,1.8,0.4,72,72.7,4.8,1.4
Matt Breida,,,,,,,,,,,,,,
NYGRB,,,,,,,,,,,,,,
Ameer AbdullahAmeer Abdullah,WA (Wed),,@LAR,L 16-17,4,3.7,7th,0.5,3.1,0.2,67,72.5,4.8,0.4
Ameer Abdullah,,,,,,,,,,,,,,
LVRB,,,,,,,,,,,,,,
Harrison BryantHarrison Bryant,FA,,@Cin,Sun 12:00 PM,3.8,--,17th,0.6,1.7,0.6,37,70.9,4.4,2.4
Harrison Bryant,,,,,,,,,,,,,,
CleTE,,,,,,,,,,,,,,
Jets D/STJets D/ST,KMUR,,@Buf,Sun 12:00 PM,4,--,4th,31.3,58.8,-7.8,5,70.8,4.2,4
Jets D/ST,,,,,,,,,,,,,,
NYJD/ST,,,,,,,,,,,,,,
Equanimeous St. BrownEquanimeous St. Brown,FA,,*BYE*,--,--,--,--,0.1,0.2,0,91,70,4.4,11.6
Equanimeous St. Brown,,,,,,,,,,,,,,
ChiWR,,,,,,,,,,,,,,
Quez WatkinsQuez Watkins,FA,,@NYG,Sun 12:00 PM,8,--,10th,0.6,1.5,0.7,78,69.9,4.4,8.7
Quez Watkins,,,,,,,,,,,,,,
PhiWR,,,,,,,,,,,,,,
Darrel WilliamsDarrel Williams,FA,,NE,Mon 7:15 PM,0,--,2nd,0.1,1.1,-0.1,91,69.6,4.6,--
Darrel WilliamsIR,,,,,,,,,,,,,,
AriRB,,,,,,,,,,,,,,
Chuba HubbardChuba Hubbard,FA,,@Sea,Sun 3:25 PM,6.8,--,31st,4.3,18.8,2.9,78,68.8,4.6,--
Chuba Hubbard,,,,,,,,,,,,,,
CarRB,,,,,,,,,,,,,,
D'Onta ForemanD'Onta Foreman,KNU,,@Sea,Sun 3:25 PM,12,--,31st,42.2,82.4,0.7,40,68.2,4.5,--
D'Onta Foreman,,,,,,,,,,,,,,
CarRB,,,,,,,,,,,,,,
Boston ScottBoston Scott,FA,,@NYG,Sun 12:00 PM,4.4,--,15th,0.3,1.3,0.2,87,67,4.5,3.1
Boston Scott,,,,,,,,,,,,,,
PhiRB,,,,,,,,,,,,,,
James Proche IIJames Proche II,FA,,@Pit,Sun 12:00 PM,1.2,--,30th,0,0.1,0,149,66.9,4.2,0.9
James Proche II,,,,,,,,,,,,,,
BalWR,,,,,,,,,,,,,,
Bears D/STBears D/ST,FA,,*BYE*,--,--,--,--,0.9,2.3,-1,31,66.9,3.9,-2
Bears D/ST,,,,,,,,,,,,,,
ChiD/ST,,,,,,,,,,,,,,
Cardinals D/STCardinals D/ST,FA,,NE,Mon 7:15 PM,6,--,25th,22.8,29.4,17.5,13,66.7,3.9,--
Cardinals D/ST,,,,,,,,,,,,,,
AriD/ST,,,,,,,,,,,,,,
PLAYERS,STATUS,,NFL WEEK 14,,,,,,,,2022 PROJECTIONS,,,
PLAYER,TYPE,ACTION,OPP,STATUS,PROJ,SCORE,OPRK,%ST,%ROST,+/-,PRK,FPTS,AVG,LAST
Isiah PachecoIsiah Pacheco,W,,@Den,Sun 3:05 PM,12.3,--,9th,54.6,79.9,18.8,47,66.3,4.4,16.2
Isiah Pacheco,,,,,,,,,,,,,,
KCRB,,,,,,,,,,,,,,
Simi FehokoSimi Fehoko,FA,,Hou,Sun 12:00 PM,0,--,4th,0,0,0,169,65.5,4.1,--
Simi FehokoIR,,,,,,,,,,,,,,
DalWR,,,,,,,,,,,,,,
Dare OgunbowaleDare Ogunbowale,FA,,@Dal,Sun 12:00 PM,3,--,5th,0.1,0.3,0,80,65.5,4.4,4.1
Dare Ogunbowale,,,,,,,,,,,,,,
HouRB,,,,,,,,,,,,,,
C.J. UzomahC.J. Uzomah,FA,,@Buf,Sun 12:00 PM,2.3,--,7th,0.1,0.3,0,58,65.4,4.1,4.1
C.J. Uzomah,,,,,,,,,,,,,,
NYJTE,,,,,,,,,,,,,,
Seahawks D/STSeahawks D/ST,RD,,Car,Sun 3:25 PM,5.8,--,26th,42.7,50,15.8,13,65.1,3.8,8
Seahawks D/ST,,,,,,,,,,,,,,
SeaD/ST,,,,,,,,,,,,,,
Donald Parham Jr.Donald Parham Jr.,FA,,Mia,Sun 7:20 PM,0,--,30th,0,0.1,0,86,64.6,4.3,--
Donald Parham Jr.IR,,,,,,,,,,,,,,
LACTE,,,,,,,,,,,,,,
Eno BenjaminEno Benjamin,FA,,@Dal,Sun 12:00 PM,0,--,5th,1.7,15.6,-4.5,44,64.4,4.3,0
Eno Benjamin,,,,,,,,,,,,,,
HouRB,,,,,,,,,,,,,,
Cameron BrateCameron Brate,FA,,@SF,Sun 3:25 PM,5.8,--,3rd,0.5,1.1,0.3,54,63.8,4,--
Cameron Brate,,,,,,,,,,,,,,
TBTE,,,,,,,,,,,,,,
Ty MontgomeryTy Montgomery,FA,,@Ari,Mon 7:15 PM,0,--,20th,0,0.6,0,104,63.7,4.6,--
Ty MontgomeryIR,,,,,,,,,,,,,,
NERB,,,,,,,,,,,,,,
Olamide ZaccheausOlamide Zaccheaus,FA,,*BYE*,--,--,--,--,0.1,0.6,0,58,63.5,4,3.3
Olamide Zaccheaus,,,,,,,,,,,,,,
AtlWR,,,,,,,,,,,,,,
Falcons D/STFalcons D/ST,FA,,*BYE*,--,--,--,--,3.6,7.9,-3.9,25,63.4,3.7,-1
Falcons D/ST,,,,,,,,,,,,,,
AtlD/ST,,,,,,,,,,,,,,
Tyler JohnsonTyler Johnson,FA,,--,,--,--,--,0,0,0,205,--,3.9,--
Tyler Johnson,,,,,,,,,,,,,,
FAWR,,,,,,,,,,,,,,
Jaguars D/STJaguars D/ST,FA,,@Ten,Sun 12:00 PM,5,--,22nd,4.3,7.2,1.7,27,61.5,3.6,-4
Jaguars D/ST,,,,,,,,,,,,,,
JaxD/ST,,,,,,,,,,,,,,
Sony MichelSony Michel,FA,,Mia,Sun 7:20 PM,0,--,18th,0.3,2.5,-0.4,82,60.7,4,--
Sony Michel,,,,,,,,,,,,,,
LACRB,,,,,,,,,,,,,,
Joe FlaccoJoe Flacco,FA,,@Buf,Sun 12:00 PM,0,--,7th,0,0.3,0,36,59.8,15,--
Joe Flacco,,,,,,,,,,,,,,
NYJQB,,,,,,,,,,,,,,
Dan ArnoldDan Arnold,FA,,@Ten,Sun 12:00 PM,1.2,--,22nd,0,0.1,0,68,59.8,3.7,0
Dan Arnold,,,,,,,,,,,,,,
JaxTE,,,,,,,,,,,,,,
Chiefs D/STChiefs D/ST,ZHOU,,@Den,Sun 3:05 PM,5.6,--,28th,46.3,58.5,8.4,16,59.1,3.5,-2
Chiefs D/ST,,,,,,,,,,,,,,
KCD/ST,,,,,,,,,,,,,,
James WashingtonJames Washington,FA,,Hou,Sun 12:00 PM,0,--,4th,0,0.3,0,--,59.1,4.9,--
James WashingtonIR,,,,,,,,,,,,,,
DalWR,,,,,,,,,,,,,,
Kylen GransonKylen Granson,FA,,*BYE*,--,--,--,--,0.1,0.3,0,32,58.7,3.7,5.9
Kylen Granson,,,,,,,,,,,,,,
IndTE,,,,,,,,,,,,,,
Daniel BellingerDaniel Bellinger,KNU,,Phi,Sun 12:00 PM,7.6,--,8th,10.9,13.8,12.4,31,58.3,3.6,7.4
Daniel Bellinger,,,,,,,,,,,,,,
NYGTE,,,,,,,,,,,,,,
Josh ReynoldsJosh Reynolds,FA,,Min,Sun 12:00 PM,5.4,--,31st,0.6,6.9,-1.8,64,58,3.6,4.9
Josh Reynolds,,,,,,,,,,,,,,
DetWR,,,,,,,,,,,,,,
Ben SkowronekBen Skowronek,WA (Wed),,LV,W 17-16,6.7,15.9,21st,0.4,2.6,-1.1,79,57.1,3.6,5
Ben Skowronek,,,,,,,,,,,,,,
LARWR,,,,,,,,,,,,,,
Chris EvansChris Evans,FA,,Cle,Sun 12:00 PM,0.1,--,30th,0.1,0.6,-0.1,102,57.1,3.8,7.8
Chris Evans,,,,,,,,,,,,,,
CinRB,,,,,,,,,,,,,,
Jamal AgnewJamal Agnew,FA,,@Ten,Sun 12:00 PM,4.7,--,32nd,0.2,0.4,0.1,98,56,3.5,2.3
Jamal Agnew,,,,,,,,,,,,,,
JaxWR,,,,,,,,,,,,,,
Shi SmithShi Smith,FA,,@Sea,Sun 3:25 PM,4,--,7th,0,0.1,0,127,55.8,3.5,--
Shi Smith,,,,,,,,,,,,,,
CarWR,,,,,,,,,,,,,,
Geoff SwaimGeoff Swaim,FA,,Jax,Sun 12:00 PM,2.1,--,21st,0,0,0,64,54.3,3.4,1.4
Geoff Swaim,,,,,,,,,,,,,,
TenTE,,,,,,,,,,,,,,
Ke'Shawn VaughnKe'Shawn Vaughn,FA,,@SF,Sun 3:25 PM,0,--,1st,0,0.6,-0.3,125,53.4,3.6,0
Ke'Shawn Vaughn,,,,,,,,,,,,,,
TBRB,,,,,,,,,,,,,,
Myles GaskinMyles Gaskin,FA,,@LAC,Sun 7:20 PM,0,--,29th,0,0.3,0,108,53.1,3.5,--
Myles Gaskin,,,,,,,,,,,,,,
MiaRB,,,,,,,,,,,,,,
Kyle JuszczykKyle Juszczyk,FA,,TB,Sun 3:25 PM,2.3,--,3rd,0.2,0.4,0.1,63,52.6,3.3,10.2
Kyle Juszczyk,,,,,,,,,,,,,,
SFRB,,,,,,,,,,,,,,
Foster MoreauFoster Moreau,JACK,,@LAR,L 16-17,7.4,0,19th,33.7,44.9,3.9,27,52.5,3.3,4.2
Foster Moreau,,,,,,,,,,,,,,
LVTE,,,,,,,,,,,,,,
Anthony SchwartzAnthony Schwartz,FA,,@Cin,Sun 12:00 PM,0,--,5th,0,0.1,0,141,52.1,3.3,0.8
Anthony SchwartzIR,,,,,,,,,,,,,,
CleWR,,,,,,,,,,,,,,
Josiah DeguaraJosiah Deguara,FA,,*BYE*,--,--,--,--,0,0.1,0,63,51.9,3.2,0
Josiah Deguara,,,,,,,,,,,,,,
GBTE,,,,,,,,,,,,,,
Jalen GuytonJalen Guyton,FA,,Mia,Sun 7:20 PM,0,--,13th,0,0.1,0,161,51.6,3.2,--
Jalen GuytonIR,,,,,,,,,,,,,,
LACWR,,,,,,,,,,,,,,
Isaiah SpillerIsaiah Spiller,FA,,Mia,Sun 7:20 PM,1.1,--,18th,0.2,2.1,-0.4,112,51.5,3.7,--
Isaiah Spiller,,,,,,,,,,,,,,
LACRB,,,,,,,,,,,,,,
Mike DavisMike Davis,FA,,@Pit,Sun 12:00 PM,0,--,13th,0.1,1,0,125,50.3,3.4,--
Mike Davis,,,,,,,,,,,,,,
BalRB,,,,,,,,,,,,,,
Jeff Wilson Jr.Jeff Wilson Jr.,KNU,,@LAC,Sun 7:20 PM,10.7,--,29th,41.6,83.8,-2.3,25,50.2,3.3,0.3
Jeff Wilson Jr.,,,,,,,,,,,,,,
MiaRB,,,,,,,,,,,,,,
Will DisslyWill Dissly,FA,,Car,Sun 3:25 PM,4.8,--,10th,0.8,2.9,-0.3,20,48.1,3.2,4.2
Will DisslyQ,,,,,,,,,,,,,,
SeaTE,,,,,,,,,,,,,,
Hassan HaskinsHassan Haskins,FA,,Jax,Sun 12:00 PM,0.1,--,22nd,0,0.5,0,113,48,3.2,--
Hassan HaskinsQ,,,,,,,,,,,,,,
TenRB,,,,,,,,,,,,,,
Adam TrautmanAdam Trautman,FA,,*BYE*,--,--,--,--,0.2,0.5,0.4,43,47.7,3,4.8
Adam Trautman,,,,,,,,,,,,,,
NOTE,,,,,,,,,,,,,,
Laviska Shenault Jr.Laviska Shenault Jr.,FA,,@Sea,Sun 3:25 PM,6.7,--,7th,0.1,0.7,-0.1,97,47.1,2.9,--
Laviska Shenault Jr.,,,,,,,,,,,,,,
CarWR,,,,,,,,,,,,,,
Tyrie ClevelandTyrie Cleveland,FA,,KC,Sun 3:05 PM,0,--,29th,0,0,0,173,47,2.9,--
Tyrie Cleveland,,,,,,,,,,,,,,
DenWR,,,,,,,,,,,,,,
Texans D/STTexans D/ST,FA,,@Dal,Sun 12:00 PM,2.1,--,2nd,0.9,1.6,-0.1,28,47,2.8,8
Texans D/ST,,,,,,,,,,,,,,
HouD/ST,,,,,,,,,,,,,,
Tutu AtwellTutu Atwell,WA (Wed),,LV,W 17-16,7.4,9.5,21st,0.3,0.5,0.3,121,46.8,2.9,9.1
Tutu Atwell,,,,,,,,,,,,,,
LARWR,,,,,,,,,,,,,,
Joshua KelleyJoshua Kelley,FA,,Mia,Sun 7:20 PM,6.2,--,18th,1.6,3.9,2.7,69,46.6,3.1,3
Joshua Kelley,,,,,,,,,,,,,,
LACRB,,,,,,,,,,,,,,
John BatesJohn Bates,FA,,*BYE*,--,--,--,--,0,0.1,0,51,46.5,2.9,0
John Bates,,,,,,,,,,,,,,
WshTE,,,,,,,,,,,,,,
Pharaoh BrownPharaoh Brown,FA,,@Cin,Sun 12:00 PM,0.5,--,17th,0,0,0,60,46.3,2.9,2.1
Pharaoh Brown,,,,,,,,,,,,,,
CleTE,,,,,,,,,,,,,,
Ryan GriffinRyan Griffin,FA,,*BYE*,--,--,--,--,0,0,0,96,45.2,2.8,0
Ryan Griffin,,,,,,,,,,,,,,
ChiTE,,,,,,,,,,,,,,
Craig ReynoldsCraig Reynolds,FA,,Min,Sun 12:00 PM,0,--,22nd,0,0.5,-0.1,77,45.1,3,--
Craig ReynoldsIR,,,,,,,,,,,,,,
DetRB,,,,,,,,,,,,,,
Trent SherfieldTrent Sherfield,FA,,@LAC,Sun 7:20 PM,7.8,--,12th,0.9,2.2,1.7,73,44.5,2.8,14.5
Trent Sherfield,,,,,,,,,,,,,,
MiaWR,,,,,,,,,,,,,,
Tyquan ThorntonTyquan Thornton,FA,,@Ari,Mon 7:15 PM,3.3,--,18th,0.1,0.8,-0.1,114,43.8,3.7,5.1
Tyquan Thornton,,,,,,,,,,,,,,
NEWR,,,,,,,,,,,,,,
PLAYERS,STATUS,,NFL WEEK 14,,,,,,,,2022 PROJECTIONS,,,
PLAYER,TYPE,ACTION,OPP,STATUS,PROJ,SCORE,OPRK,%ST,%ROST,+/-,PRK,FPTS,AVG,LAST
DeeJay DallasDeeJay Dallas,FA,,Car,Sun 3:25 PM,2.2,--,21st,0.2,1.8,1.3,94,43.7,3.4,3.7
DeeJay DallasQ,,,,,,,,,,,,,,
SeaRB,,,,,,,,,,,,,,
Ian ThomasIan Thomas,FA,,@Sea,Sun 3:25 PM,3.5,--,31st,0,0.1,0,47,43.3,2.7,--
Ian Thomas,,,,,,,,,,,,,,
CarTE,,,,,,,,,,,,,,
Lions D/STLions D/ST,FA,,Min,Sun 12:00 PM,3.8,--,14th,0.8,1.2,0.3,32,43,2.5,7
Lions D/ST,,,,,,,,,,,,,,
DetD/ST,,,,,,,,,,,,,,
Rashard HigginsRashard Higgins,FA,,@Sea,Sun 3:25 PM,0,--,7th,0,0.1,0,205,41.5,2.6,--
Rashard Higgins,,,,,,,,,,,,,,
CarWR,,,,,,,,,,,,,,
Brycen HopkinsBrycen Hopkins,WA (Wed),,LV,W 17-16,2,1.8,27th,0,0.1,0,98,40.8,2.5,0
Brycen Hopkins,,,,,,,,,,,,,,
LARTE,,,,,,,,,,,,,,
Jalen ReagorJalen Reagor,FA,,@Det,Sun 12:00 PM,1.5,--,28th,0,0.1,0,132,40.5,2.5,5.6
Jalen Reagor,,,,,,,,,,,,,,
MinWR,,,,,,,,,,,,,,
Ashton DulinAshton Dulin,FA,,*BYE*,--,--,--,--,0,0.1,0,113,40.1,2.5,8.4
Ashton Dulin,,,,,,,,,,,,,,
IndWR,,,,,,,,,,,,,,
Tyron JohnsonTyron Johnson,FA,,--,,--,--,--,0,0,0,190,--,2.5,--
Tyron Johnson,,,,,,,,,,,,,,
FAWR,,,,,,,,,,,,,,
Greg DulcichGreg Dulcich,W,,KC,Sun 3:05 PM,9.4,--,11th,43,59.5,18.7,29,39.2,3.3,14.5
Greg Dulcich,,,,,,,,,,,,,,
DenTE,,,,,,,,,,,,,,
Ronald JonesRonald Jones,FA,,@Den,Sun 3:05 PM,0,--,9th,0.1,2,0,124,39,2.6,0
Ronald Jones,,,,,,,,,,,,,,
KCRB,,,,,,,,,,,,,,
Jelani WoodsJelani Woods,FA,,*BYE*,--,--,--,--,0.1,0.9,-0.4,33,38.4,2.4,4.8
Jelani Woods,,,,,,,,,,,,,,
IndTE,,,,,,,,,,,,,,
Deon JacksonDeon Jackson,FA,,*BYE*,--,--,--,--,1.1,13.6,-3.6,61,38.3,2.6,0.6
Deon Jackson,,,,,,,,,,,,,,
IndRB,,,,,,,,,,,,,,
Chris MyarickChris Myarick,FA,,Phi,Sun 12:00 PM,0,--,8th,0,0,0,65,38,2.4,0
Chris Myarick,,,,,,,,,,,,,,
NYGTE,,,,,,,,,,,,,,
Calvin Austin IIICalvin Austin III,FA,,Bal,Sun 12:00 PM,0,--,25th,0,0.1,0,--,37.2,3.1,--
Calvin Austin IIIIR,,,,,,,,,,,,,,
PitWR,,,,,,,,,,,,,,
Justin WatsonJustin Watson,FA,,@Den,Sun 3:05 PM,3.5,--,2nd,0.1,0.9,-0.3,103,37.1,2.3,2.5
Justin Watson,,,,,,,,,,,,,,
KCWR,,,,,,,,,,,,,,
Montrell WashingtonMontrell Washington,FA,,KC,Sun 3:05 PM,2.6,--,29th,0.1,0.3,0,170,36.8,2.3,-0.1
Montrell Washington,,,,,,,,,,,,,,
DenWR,,,,,,,,,,,,,,
Rico DowdleRico Dowdle,FA,,Hou,Sun 12:00 PM,0,--,32nd,0,0.1,0,151,36,2.6,--
Rico DowdleIR,,,,,,,,,,,,,,
DalRB,,,,,,,,,,,,,,
Deonte HartyDeonte Harty,FA,,*BYE*,--,--,--,--,0,0,0,198,35.9,2.2,--
Deonte HartyIR,,,,,,,,,,,,,,
NOWR,,,,,,,,,,,,,,
Marquise GoodwinMarquise Goodwin,FA,,Car,Sun 3:25 PM,4.5,--,22nd,0.1,0.8,-0.1,80,35.2,2.2,2.7
Marquise Goodwin,,,,,,,,,,,,,,
SeaWR,,,,,,,,,,,,,,
Dareke YoungDareke Young,FA,,Car,Sun 3:25 PM,1.1,--,22nd,0,0,0,205,35.1,2.2,0
Dareke Young,,,,,,,,,,,,,,
SeaWR,,,,,,,,,,,,,,
Terrace Marshall Jr.Terrace Marshall Jr.,FA,,@Sea,Sun 3:25 PM,8.8,--,7th,1.8,10,-1.5,89,35.1,2.2,--
Terrace Marshall Jr.,,,,,,,,,,,,,,
CarWR,,,,,,,,,,,,,,
Cade OttonCade Otton,FA,,@SF,Sun 3:25 PM,3.9,--,3rd,2,5.7,0.3,23,34.4,2.1,14.8
Cade Otton,,,,,,,,,,,,,,
TBTE,,,,,,,,,,,,,,
Jaylen WarrenJaylen Warren,FA,,Bal,Sun 12:00 PM,5.5,--,6th,1,10.1,-2.7,58,33.8,2.3,3.9
Jaylen Warren,,,,,,,,,,,,,,
PitRB,,,,,,,,,,,,,,
Trey McBrideTrey McBride,FA,,NE,Mon 7:15 PM,5.6,--,23rd,0.9,3,-1.4,78,33.7,2.1,--
Trey McBride,,,,,,,,,,,,,,
AriTE,,,,,,,,,,,,,,
Tyrod TaylorTyrod Taylor,FA,,Phi,Sun 12:00 PM,0,--,1st,0,0.1,0,62,33.6,8.4,--
Tyrod Taylor,,,,,,,,,,,,,,
NYGQB,,,,,,,,,,,,,,
Gardner MinshewGardner Minshew,FA,,@NYG,Sun 12:00 PM,0,--,9th,0,0.2,0,63,33.1,8.3,0.44
Gardner Minshew,,,,,,,,,,,,,,
PhiQB,,,,,,,,,,,,,,
Parker HesseParker Hesse,FA,,*BYE*,--,--,--,--,0,0,0,73,32.9,2.1,2.6
Parker Hesse,,,,,,,,,,,,,,
AtlTE,,,,,,,,,,,,,,
Zack MossZack Moss,FA,,*BYE*,--,--,--,--,0.1,0.8,-0.1,92,32.7,2.2,1.8
Zack Moss,,,,,,,,,,,,,,
IndRB,,,,,,,,,,,,,,
Amari RodgersAmari Rodgers,FA,,@Dal,Sun 12:00 PM,0,--,16th,0,0.1,0,172,32.5,2,0
Amari Rodgers,,,,,,,,,,,,,,
HouWR,,,,,,,,,,,,,,
Tanner HudsonTanner Hudson,FA,,Cle,Sun 12:00 PM,0,--,6th,0,0.1,0,62,32.1,2,--
Tanner Hudson,,,,,,,,,,,,,,
CinTE,,,,,,,,,,,,,,
Tyrion Davis-PriceTyrion Davis-Price,FA,,TB,Sun 3:25 PM,0,--,3rd,0.1,1.1,-1.3,130,31.9,2.1,--
Tyrion Davis-Price,,,,,,,,,,,,,,
SFRB,,,,,,,,,,,,,,
Zach PascalZach Pascal,FA,,@NYG,Sun 12:00 PM,3,--,10th,0,0.1,0,123,31.7,2,3.6
Zach Pascal,,,,,,,,,,,,,,
PhiWR,,,,,,,,,,,,,,
Gary BrightwellGary Brightwell,FA,,Phi,Sun 12:00 PM,1,--,17th,0,0.2,0,99,31,2.1,0
Gary Brightwell,,,,,,,,,,,,,,
NYGRB,,,,,,,,,,,,,,
Giovani BernardGiovani Bernard,FA,,@SF,Sun 3:25 PM,0,--,1st,0,0.2,-0.1,151,30.8,2.1,0
Giovani Bernard,,,,,,,,,,,,,,
TBRB,,,,,,,,,,,,,,
Kalif RaymondKalif Raymond,FA,,Min,Sun 12:00 PM,3.1,--,31st,0.5,3,-0.7,75,30.7,1.9,2.6
Kalif RaymondQ,,,,,,,,,,,,,,
DetWR,,,,,,,,,,,,,,
Noah GrayNoah Gray,FA,,@Den,Sun 3:05 PM,3.6,--,18th,0.1,0.3,0,36,30.4,1.9,2.5
Noah Gray,,,,,,,,,,,,,,
KCTE,,,,,,,,,,,,,,
Andy DaltonAndy Dalton,FA,,*BYE*,--,--,--,--,1.1,9.4,-1.7,23,30.2,7.5,13.26
Andy Dalton,,,,,,,,,,,,,,
NOQB,,,,,,,,,,,,,,
Tyler HuntleyTyler Huntley,FA,,@Pit,Sun 12:00 PM,16.4,--,24th,19,26.2,25.9,46,29.6,7.4,15.58
Tyler Huntley,,,,,,,,,,,,,,
BalQB,,,,,,,,,,,,,,
Durham SmytheDurham Smythe,FA,,@LAC,Sun 7:20 PM,2.6,--,20th,0,0.1,0,56,29.6,1.9,4.1
Durham SmytheQ,,,,,,,,,,,,,,
MiaTE,,,,,,,,,,,,,,
DJ TurnerDJ Turner,WA (Wed),,@LAR,L 16-17,0.1,0.6,26th,0,0,0,189,29.5,1.8,0
DJ Turner,,,,,,,,,,,,,,
LVWR,,,,,,,,,,,,,,
O.J. HowardO.J. Howard,FA,,@Dal,Sun 12:00 PM,0,--,5th,0.1,0.3,0,49,29.4,1.8,--
O.J. Howard,,,,,,,,,,,,,,
HouTE,,,,,,,,,,,,,,
Demetric Felton Jr.Demetric Felton Jr.,FA,,@Cin,Sun 12:00 PM,1.8,--,5th,0,0,0,203,29,1.8,0
Demetric Felton Jr.,,,,,,,,,,,,,,
CleWR,,,,,,,,,,,,,,
Marquez CallawayMarquez Callaway,FA,,*BYE*,--,--,--,--,0.1,0.5,-0.1,112,28.8,1.8,0
Marquez Callaway,,,,,,,,,,,,,,
NOWR,,,,,,,,,,,,,,
Chris ManhertzChris Manhertz,FA,,@Ten,Sun 12:00 PM,1.6,--,22nd,0,0,0,87,28.7,1.8,0
Chris Manhertz,,,,,,,,,,,,,,
JaxTE,,,,,,,,,,,,,,
Brandon BoldenBrandon Bolden,WA (Wed),,@LAR,L 16-17,0,0,7th,0,0.2,0,84,28.6,1.9,0
Brandon Bolden,,,,,,,,,,,,,,
LVRB,,,,,,,,,,,,,,
Jalen NailorJalen Nailor,FA,,@Det,Sun 12:00 PM,0,--,28th,0,0,0,173,28.4,1.8,0
Jalen Nailor,,,,,,,,,,,,,,
MinWR,,,,,,,,,,,,,,
Kyle AllenKyle Allen,FA,,@Dal,Sun 12:00 PM,0,--,4th,0.2,0.5,-0.3,44,28.3,7.1,6.14
Kyle Allen,,,,,,,,,,,,,,
HouQB,,,,,,,,,,,,,,
Dwayne WashingtonDwayne Washington,FA,,*BYE*,--,--,--,--,0,0.2,0,121,28.2,2,0
Dwayne Washington,,,,,,,,,,,,,,
NORB,,,,,,,,,,,,,,
Connor HeywardConnor Heyward,FA,,Bal,Sun 12:00 PM,1.6,--,14th,0,0.1,0,61,27.4,1.7,8.7
Connor Heyward,,,,,,,,,,,,,,
PitTE,,,,,,,,,,,,,,
Avery WilliamsAvery Williams,FA,,*BYE*,--,--,--,--,0,0.2,0,86,26,1.7,0
Avery Williams,,,,,,,,,,,,,,
AtlRB,,,,,,,,,,,,,,
