PLAYERS,STATUS,,NFL WEEK 17,,,,,,,,2022 SEASON,,,
PLAYER,TYPE,ACTION,OPP,STATUS,PROJ,SCORE,OPRK,%ST,%ROST,+/-,PRK,FPTS,AVG,LAST
Stefon DiggsStefon Diggs,RD,,@Cin,Mon 7:30 PM,16.9,--,12th,98.5,100,0,3,293.2,19.5,4.6
Stefon Diggs,,,,,,,,,,,,,,
BufWR,,,,,,,,,,,,,,
Josh AllenJosh Allen,JACK,,@Cin,Mon 7:30 PM,22.1,--,7th,96.5,99.9,0,2,373.76,24.9,22.98
Josh Allen,,,,,,,,,,,,,,
BufQB,,,,,,,,,,,,,,
Travis KelceTravis Kelce,KMUR,,Den,Sun 12:00 PM,16.5,--,25th,99.1,99.9,0,1,295.2,19.7,17.3
Travis Kelce,,,,,,,,,,,,,,
KCTE,,,,,,,,,,,,,,
Tyreek HillTyreek Hill,JACK,,@NE,Sun 12:00 PM,19.4,--,17th,98.2,99.9,0,2,327.2,21.8,14.3
Tyreek Hill,,,,,,,,,,,,,,
MiaWR,,,,,,,,,,,,,,
Austin EkelerAustin Ekeler,ZHOU,,LAR,Sun 3:25 PM,17.6,--,13th,98.6,99.9,0,1,331.6,22.1,23.9
Austin Ekeler,,,,,,,,,,,,,,
LACRB,,,,,,,,,,,,,,
Davante AdamsDavante Adams,KNU,,SF,Sun 3:05 PM,17.9,--,27th,98.2,99.9,0,4,288.9,19.3,3.5
Davante Adams,,,,,,,,,,,,,,
LVWR,,,,,,,,,,,,,,
Justin JeffersonJustin Jefferson,ZHOU,,@GB,Sun 3:25 PM,23,--,6th,98.9,99.9,0,1,358.36,23.9,31.3
Justin Jefferson,,,,,,,,,,,,,,
MinWR,,,,,,,,,,,,,,
Patrick MahomesPatrick Mahomes,CHOE,,Den,Sun 12:00 PM,20.4,--,1st,96.5,99.9,0,1,376.9,25.1,23.76
Patrick Mahomes,,,,,,,,,,,,,,
KCQB,,,,,,,,,,,,,,
Christian McCaffreyChristian McCaffrey,KMUR,,@LV,Sun 3:05 PM,21.5,--,26th,98.5,99.9,0,2,308.16,20.5,13.8
Christian McCaffrey,,,,,,,,,,,,,,
SFRB,,,,,,,,,,,,,,
Derrick HenryDerrick Henry,POOP,,Dal,Thu 7:15 PM,18.2,--,2nd,98.9,99.9,0,4,288.96,19.3,18.6
Derrick HenryQ,,,,,,,,,,,,,,
TenRB,,,,,,,,,,,,,,
Dalvin CookDalvin Cook,RD,,@GB,Sun 3:25 PM,16.6,--,21st,97.6,99.9,0,9,228.7,15.2,10.7
Dalvin Cook,,,,,,,,,,,,,,
MinRB,,,,,,,,,,,,,,
Saquon BarkleySaquon Barkley,POOP,,Ind,Sun 12:00 PM,20.5,--,29th,97.1,99.9,0,5,276.7,18.4,27.3
Saquon Barkley,,,,,,,,,,,,,,
NYGRB,,,,,,,,,,,,,,
Ja'Marr ChaseJa'Marr Chase,ROSE,,Buf,Mon 7:30 PM,20.4,--,21st,93.9,99.9,0,10,219.8,20,13.9
Ja'Marr Chase,,,,,,,,,,,,,,
CinWR,,,,,,,,,,,,,,
A.J. BrownA.J. Brown,ZHOU,,NO,Sun 12:00 PM,15.8,--,10th,95.9,99.8,0,5,266.4,17.8,16.3
A.J. Brown,,,,,,,,,,,,,,
PhiWR,,,,,,,,,,,,,,
Joe MixonJoe Mixon,SHAH,,Buf,Mon 7:30 PM,16.6,--,11th,90.4,99.8,0,11,221.7,17.1,17.8
Joe Mixon,,,,,,,,,,,,,,
CinRB,,,,,,,,,,,,,,
CeeDee LambCeeDee Lamb,W,,@Ten,Thu 7:15 PM,16.2,--,31st,93.8,99.8,0,6,264.4,17.6,34
CeeDee Lamb,,,,,,,,,,,,,,
DalWR,,,,,,,,,,,,,,
Nick ChubbNick Chubb,ZHOU,,@Wsh,Sun 12:00 PM,13.4,--,4th,92.6,99.8,0,7,245.6,16.4,11.2
Nick Chubb,,,,,,,,,,,,,,
CleRB,,,,,,,,,,,,,,
Jalen HurtsJalen Hurts,POOP,,NO,Sun 12:00 PM,0,--,15th,29.4,99.7,-0.1,3,369.58,26.4,--
Jalen HurtsQ,,,,,,,,,,,,,,
PhiQB,,,,,,,,,,,,,,
Mark AndrewsMark Andrews,ROSE,,Pit,Sun 7:20 PM,11.9,--,10th,92.3,99.7,0,3,171.5,12.3,7.5
Mark Andrews,,,,,,,,,,,,,,
BalTE,,,,,,,,,,,,,,
Josh JacobsJosh Jacobs,CHOE,,SF,Sun 3:05 PM,14.5,--,1st,94.9,99.7,0.1,3,301.8,20.1,6
Josh Jacobs,,,,,,,,,,,,,,
LVRB,,,,,,,,,,,,,,
Jaylen WaddleJaylen Waddle,ZHOU,,@NE,Sun 12:00 PM,14.1,--,17th,85.2,99.6,0,8,240.7,16,25.3
Jaylen Waddle,,,,,,,,,,,,,,
MiaWR,,,,,,,,,,,,,,
Alvin KamaraAlvin Kamara,KNU,,@Phi,Sun 12:00 PM,14.8,--,18th,82.2,99.6,0.1,14,190.7,14.7,19
Alvin Kamara,,,,,,,,,,,,,,
NORB,,,,,,,,,,,,,,
Amon-Ra St. BrownAmon-Ra St. Brown,RD,,Chi,Sun 12:00 PM,19.2,--,11th,91,99.4,0.1,7,246.5,17.6,14.6
Amon-Ra St. Brown,,,,,,,,,,,,,,
DetWR,,,,,,,,,,,,,,
Aaron JonesAaron Jones,SHAH,,Min,Sun 3:25 PM,15.5,--,23rd,82.9,99.3,0.1,10,227.5,15.2,5.4
Aaron JonesQ,,,,,,,,,,,,,,
GBRB,,,,,,,,,,,,,,
Tee HigginsTee Higgins,CHOE,,Buf,Mon 7:30 PM,14.3,--,21st,76.7,99.2,0,11,219.2,14.6,26.8
Tee Higgins,,,,,,,,,,,,,,
CinWR,,,,,,,,,,,,,,
George KittleGeorge Kittle,RD,,@LV,Sun 3:05 PM,11.6,--,23rd,89.6,99.1,0.2,4,169.3,13,30
George Kittle,,,,,,,,,,,,,,
SFTE,,,,,,,,,,,,,,
Justin TuckerJustin Tucker,ROSE,,Pit,Sun 7:20 PM,8.4,--,24th,93,99,0,3,137,9.1,8
Justin Tucker,,,,,,,,,,,,,,
BalK,,,,,,,,,,,,,,
T.J. HockensonT.J. Hockenson,CHOE,,@GB,Sun 3:25 PM,14.5,--,9th,91.1,99,0,2,199.9,13.3,35.9
T.J. Hockenson,,,,,,,,,,,,,,
MinTE,,,,,,,,,,,,,,
DK MetcalfDK Metcalf,ROSE,,NYJ,Sun 3:05 PM,15.9,--,2nd,88.1,98.9,0.2,12,218.5,14.6,15.1
DK Metcalf,,,,,,,,,,,,,,
SeaWR,,,,,,,,,,,,,,
Joe BurrowJoe Burrow,W,,Buf,Mon 7:30 PM,20.4,--,2nd,79.5,98.9,0.1,4,339.1,22.6,23.5
Joe Burrow,,,,,,,,,,,,,,
CinQB,,,,,,,,,,,,,,
DeAndre HopkinsDeAndre Hopkins,POOP,,@Atl,Sun 12:00 PM,15.9,--,23rd,72.5,98.8,0,37,151.7,16.9,1.4
DeAndre Hopkins,,,,,,,,,,,,,,
AriWR,,,,,,,,,,,,,,
Justin HerbertJustin Herbert,KNU,,LAR,Sun 3:25 PM,18,--,8th,78.9,98.6,-0.1,11,245.76,16.4,5.5
Justin Herbert,,,,,,,,,,,,,,
LACQB,,,,,,,,,,,,,,
Keenan AllenKeenan Allen,W,,LAR,Sun 3:25 PM,15.9,--,22nd,87.1,98.4,0.1,48,122,15.3,21.4
Keenan Allen,,,,,,,,,,,,,,
LACWR,,,,,,,,,,,,,,
James ConnerJames Conner,JACK,,@Atl,Sun 12:00 PM,19.8,--,17th,86.9,98.3,0.6,16,186.2,15.5,25
James Conner,,,,,,,,,,,,,,
AriRB,,,,,,,,,,,,,,
Terry McLaurinTerry McLaurin,W,,Cle,Sun 12:00 PM,12.4,--,8th,71.5,98.2,0,16,206.9,13.8,17.7
Terry McLaurin,,,,,,,,,,,,,,
WshWR,,,,,,,,,,,,,,
Mike EvansMike Evans,RD,,Car,Sun 12:00 PM,12.6,--,28th,72.1,98.2,0,23,176.7,12.6,5.9
Mike Evans,,,,,,,,,,,,,,
TBWR,,,,,,,,,,,,,,
Rhamondre StevensonRhamondre Stevenson,SHAH,,Mia,Sun 12:00 PM,14.8,--,24th,75.2,98,0.2,8,228.8,15.3,3.3
Rhamondre Stevenson,,,,,,,,,,,,,,
NERB,,,,,,,,,,,,,,
Travis Etienne Jr.Travis Etienne Jr.,ROSE,,@Hou,Sun 12:00 PM,16.1,--,32nd,69.1,97.8,0,18,176.7,11.8,14.2
Travis Etienne Jr.,,,,,,,,,,,,,,
JaxRB,,,,,,,,,,,,,,
D'Andre SwiftD'Andre Swift,POOP,,Chi,Sun 12:00 PM,12.8,--,27th,69.9,97.6,0,27,147.8,12.3,3.5
D'Andre Swift,,,,,,,,,,,,,,
DetRB,,,,,,,,,,,,,,
Michael Pittman Jr.Michael Pittman Jr.,POOP,,@NYG,Sun 12:00 PM,13.7,--,15th,61.2,97.1,0.1,21,188.4,13.5,7.9
Michael Pittman Jr.,,,,,,,,,,,,,,
IndWR,,,,,,,,,,,,,,
Tony PollardTony Pollard,ROSE,,@Ten,Thu 7:15 PM,14.1,--,6th,80.1,97.1,0.4,6,246.9,16.5,14
Tony PollardQ,,,,,,,,,,,,,,
DalRB,,,,,,,,,,,,,,
Najee HarrisNajee Harris,CHOE,,@Bal,Sun 7:20 PM,12.5,--,7th,75.3,97,0.2,15,189.16,12.6,15.5
Najee Harris,,,,,,,,,,,,,,
PitRB,,,,,,,,,,,,,,
Leonard FournetteLeonard Fournette,W,,Car,Sun 12:00 PM,13.8,--,14th,57.5,96.8,0,12,216,15.4,25.2
Leonard Fournette,,,,,,,,,,,,,,
TBRB,,,,,,,,,,,,,,
Kenneth Walker IIIKenneth Walker III,KMUR,,NYJ,Sun 3:05 PM,13,--,10th,57.6,96.6,0.2,21,173.9,13.4,12.5
Kenneth Walker III,,,,,,,,,,,,,,
SeaRB,,,,,,,,,,,,,,
Lamar JacksonLamar Jackson,ZHOU,,Pit,Sun 7:20 PM,18.6,--,17th,21.2,96.6,0.1,12,236.08,18.2,--
Lamar JacksonQ,,,,,,,,,,,,,,
BalQB,,,,,,,,,,,,,,
Justin FieldsJustin Fields,ROSE,,@Det,Sun 12:00 PM,23,--,32nd,60.1,96.4,0.7,6,279.78,20,9.86
Justin Fields,,,,,,,,,,,,,,
ChiQB,,,,,,,,,,,,,,
Chris GodwinChris Godwin,POOP,,Car,Sun 12:00 PM,14.8,--,28th,75.6,96.3,0.3,19,192.3,14.8,14.3
Chris Godwin,,,,,,,,,,,,,,
TBWR,,,,,,,,,,,,,,
Amari CooperAmari Cooper,SHAH,,@Wsh,Sun 12:00 PM,13.1,--,13th,58.4,96.3,-0.1,15,213.4,14.2,13.2
Amari Cooper,,,,,,,,,,,,,,
CleWR,,,,,,,,,,,,,,
Ezekiel ElliottEzekiel Elliott,RD,,@Ten,Thu 7:15 PM,12.8,--,6th,73.1,96.2,0.1,20,175.1,13.5,13.1
Ezekiel Elliott,,,,,,,,,,,,,,
DalRB,,,,,,,,,,,,,,
Tua TagovailoaTua Tagovailoa,KNU,,@NE,Sun 12:00 PM,0,--,16th,55.6,96.1,0.7,13,230.92,17.8,10.4
Tua TagovailoaQ,,,,,,,,,,,,,,
MiaQB,,,,,,,,,,,,,,
PLAYERS,STATUS,,NFL WEEK 17,,,,,,,,2022 SEASON,,,
PLAYER,TYPE,ACTION,OPP,STATUS,PROJ,SCORE,OPRK,%ST,%ROST,+/-,PRK,FPTS,AVG,LAST
Daniel CarlsonDaniel Carlson,POOP,,SF,Sun 3:05 PM,8.3,--,1st,91,96,-0.4,2,138,9.2,5
Daniel Carlson,,,,,,,,,,,,,,
LVK,,,,,,,,,,,,,,
Miles SandersMiles Sanders,KNU,,NO,Sun 12:00 PM,14.1,--,15th,69.3,96,0.1,13,207.3,13.8,6.1
Miles Sanders,,,,,,,,,,,,,,
PhiRB,,,,,,,,,,,,,,
Mike WilliamsMike Williams,ZHOU,,LAR,Sun 3:25 PM,13.5,--,22nd,67.9,95.9,0.2,35,152.9,13.9,11.6
Mike Williams,,,,,,,,,,,,,,
LACWR,,,,,,,,,,,,,,
49ers D/ST49ers D/ST,ROSE,,@LV,Sun 3:05 PM,6.8,--,13th,86.6,95.8,6.1,2,143,9.5,6
49ers D/ST,,,,,,,,,,,,,,
SFD/ST,,,,,,,,,,,,,,
Deebo SamuelDeebo Samuel,CHOE,,@LV,Sun 3:05 PM,13.4,--,16th,31.1,95.6,-1.5,32,164,13.7,--
Deebo SamuelQ,,,,,,,,,,,,,,
SFWR,,,,,,,,,,,,,,
David MontgomeryDavid Montgomery,JACK,,@Det,Sun 12:00 PM,13.5,--,11th,62,95.5,0.4,22,170,12.1,10.4
David Montgomery,,,,,,,,,,,,,,
ChiRB,,,,,,,,,,,,,,
Bills D/STBills D/ST,W,,@Cin,Mon 7:30 PM,5.1,--,8th,74.5,95.2,0.1,6,119,7.9,11
Bills D/ST,,,,,,,,,,,,,,
BufD/ST,,,,,,,,,,,,,,
Christian KirkChristian Kirk,KNU,,@Hou,Sun 12:00 PM,14,--,3rd,59,94.9,0.1,14,215.9,14.4,5.6
Christian Kirk,,,,,,,,,,,,,,
JaxWR,,,,,,,,,,,,,,
DJ MooreDJ Moore,CHOE,,@TB,Sun 12:00 PM,12.1,--,20th,51.4,94.2,0.8,27,173.4,11.6,20.1
DJ Moore,,,,,,,,,,,,,,
CarWR,,,,,,,,,,,,,,
Dalton SchultzDalton Schultz,ROSE,,@Ten,Thu 7:15 PM,9.8,--,28th,72.7,94.1,-1.1,17,110.8,8.5,7.3
Dalton Schultz,,,,,,,,,,,,,,
DalTE,,,,,,,,,,,,,,
Pat FreiermuthPat Freiermuth,POOP,,@Bal,Sun 7:20 PM,10.1,--,13th,64.8,93.8,-1.2,6,141.6,10.1,13.6
Pat Freiermuth,,,,,,,,,,,,,,
PitTE,,,,,,,,,,,,,,
DeVonta SmithDeVonta Smith,W,,NO,Sun 12:00 PM,13.8,--,10th,65.1,93.8,0.9,9,220.4,14.7,31.3
DeVonta Smith,,,,,,,,,,,,,,
PhiWR,,,,,,,,,,,,,,
JuJu Smith-SchusterJuJu Smith-Schuster,JACK,,Den,Sun 12:00 PM,12.3,--,1st,55.8,93.2,1.2,24,175.7,12.5,5.7
JuJu Smith-Schuster,,,,,,,,,,,,,,
KCWR,,,,,,,,,,,,,,
Cowboys D/STCowboys D/ST,CHOE,,@Ten,Thu 7:15 PM,8.4,--,24th,69.9,93,-2.8,4,139,9.3,4
Cowboys D/ST,,,,,,,,,,,,,,
DalD/ST,,,,,,,,,,,,,,
Gabe DavisGabe Davis,SHAH,,@Cin,Mon 7:30 PM,11.5,--,12th,39.6,92.9,-0.6,31,164.7,11.8,11.5
Gabe Davis,,,,,,,,,,,,,,
BufWR,,,,,,,,,,,,,,
Garrett WilsonGarrett Wilson,KNU,,@Sea,Sun 3:05 PM,14.1,--,4th,59.2,92.4,0.3,18,193,12.9,5
Garrett Wilson,,,,,,,,,,,,,,
NYJWR,,,,,,,,,,,,,,
Eagles D/STEagles D/ST,JACK,,NO,Sun 12:00 PM,6.4,--,24th,65.5,92.1,-3.6,2,143,9.5,8
Eagles D/ST,,,,,,,,,,,,,,
PhiD/ST,,,,,,,,,,,,,,
Tyler LockettTyler Lockett,KNU,,NYJ,Sun 3:05 PM,14.1,--,2nd,22.9,91.8,-2.8,13,218.4,15.6,--
Tyler LockettQ,,,,,,,,,,,,,,
SeaWR,,,,,,,,,,,,,,
Geno SmithGeno Smith,RD,,NYJ,Sun 3:05 PM,16.3,--,11th,58.3,91.4,2.3,7,273.14,18.2,12.2
Geno Smith,,,,,,,,,,,,,,
SeaQB,,,,,,,,,,,,,,
Chris OlaveChris Olave,JACK,,@Phi,Sun 12:00 PM,11.6,--,9th,17.1,91.3,-1.6,25,175,13.5,--
Chris OlaveQ,,,,,,,,,,,,,,
NOWR,,,,,,,,,,,,,,
Devin SingletaryDevin Singletary,W,,@Cin,Mon 7:30 PM,9.7,--,8th,40.2,91.3,0.1,19,175.7,11.7,20.5
Devin Singletary,,,,,,,,,,,,,,
BufRB,,,,,,,,,,,,,,
Jerry JeudyJerry Jeudy,W,,@KC,Sun 12:00 PM,13.6,--,26th,49.4,90.5,0.6,28,169.1,13,17.7
Jerry Jeudy,,,,,,,,,,,,,,
DenWR,,,,,,,,,,,,,,
Ravens D/STRavens D/ST,JACK,,Pit,Sun 7:20 PM,7.5,--,21st,76.9,90.5,3.8,5,121,8.1,7
Ravens D/ST,,,,,,,,,,,,,,
BalD/ST,,,,,,,,,,,,,,
Brandon AiyukBrandon Aiyuk,RD,,@LV,Sun 3:05 PM,11.4,--,16th,42.2,90,-0.5,20,191.2,12.7,13.1
Brandon Aiyuk,,,,,,,,,,,,,,
SFWR,,,,,,,,,,,,,,
Dak PrescottDak Prescott,RD,,@Ten,Thu 7:15 PM,17,--,30th,47.6,89.8,-0.5,20,175.5,17.6,27.98
Dak Prescott,,,,,,,,,,,,,,
DalQB,,,,,,,,,,,,,,
Diontae JohnsonDiontae Johnson,POOP,,@Bal,Sun 7:20 PM,11.6,--,24th,46.2,89.7,0.9,30,167.4,11.2,11.4
Diontae Johnson,,,,,,,,,,,,,,
PitWR,,,,,,,,,,,,,,
Dallas GoedertDallas Goedert,ZHOU,,NO,Sun 12:00 PM,10.4,--,1st,42.5,89.5,2.3,11,123.1,12.3,9.7
Dallas Goedert,,,,,,,,,,,,,,
PhiTE,,,,,,,,,,,,,,
Adam ThielenAdam Thielen,RD,,@GB,Sun 3:25 PM,10.9,--,6th,38,89.5,0,29,168.2,11.2,1.6
Adam Thielen,,,,,,,,,,,,,,
MinWR,,,,,,,,,,,,,,
Marquise BrownMarquise Brown,ROSE,,@Atl,Sun 12:00 PM,12.4,--,23rd,28.7,89.5,-1.5,44,142.2,14.2,8.8
Marquise Brown,,,,,,,,,,,,,,
AriWR,,,,,,,,,,,,,,
Christian WatsonChristian Watson,SHAH,,Min,Sun 3:25 PM,13.9,--,32nd,53,88.5,1.2,41,145.4,12.1,10.9
Christian WatsonQ,,,,,,,,,,,,,,
GBWR,,,,,,,,,,,,,,
Tyler BassTyler Bass,RD,,@Cin,Mon 7:30 PM,7.8,--,26th,79.5,88.4,-2,4,134,8.9,2
Tyler Bass,,,,,,,,,,,,,,
BufK,,,,,,,,,,,,,,
Kirk CousinsKirk Cousins,KNU,,@GB,Sun 3:25 PM,19,--,10th,52.4,88.3,4.6,8,270.68,18,24.16
Kirk Cousins,,,,,,,,,,,,,,
MinQB,,,,,,,,,,,,,,
Harrison ButkerHarrison Butker,W,,Den,Sun 12:00 PM,8.4,--,31st,78.5,87.7,-1,28,87,7.9,7
Harrison Butker,,,,,,,,,,,,,,
KCK,,,,,,,,,,,,,,
Jamaal WilliamsJamaal Williams,POOP,,Chi,Sun 12:00 PM,11.6,--,27th,29.1,87.1,-1.6,17,184,12.3,3.4
Jamaal WilliamsQ,,,,,,,,,,,,,,
DetRB,,,,,,,,,,,,,,
Tom BradyTom Brady,CHOE,,Car,Sun 12:00 PM,17.2,--,20th,48.6,87,2.8,14,226.62,15.1,11.34
Tom Brady,,,,,,,,,,,,,,
TBQB,,,,,,,,,,,,,,
Jonathan TaylorJonathan Taylor,WA (Wed),,@NYG,Sun 12:00 PM,0,--,16th,29.6,86.7,-13.2,28,146.4,13.3,--
Jonathan TaylorIR,,,,,,,,,,,,,,
IndRB,,,,,,,,,,,,,,
David NjokuDavid Njoku,POOP,,@Wsh,Sun 12:00 PM,10,--,5th,44.3,85.4,-1.9,10,124.7,10.4,3.4
David Njoku,,,,,,,,,,,,,,
CleTE,,,,,,,,,,,,,,
Isiah PachecoIsiah Pacheco,W,,Den,Sun 12:00 PM,11.7,--,19th,53,85.3,-0.8,41,109.7,7.3,10
Isiah Pacheco,,,,,,,,,,,,,,
KCRB,,,,,,,,,,,,,,
Cordarrelle PattersonCordarrelle Patterson,JACK,,Ari,Sun 12:00 PM,10.6,--,28th,18.8,83.9,-0.4,34,124.4,11.3,4.1
Cordarrelle Patterson,,,,,,,,,,,,,,
AtlRB,,,,,,,,,,,,,,
Antonio GibsonAntonio Gibson,SHAH,,Cle,Sun 12:00 PM,8.6,--,30th,18.5,82.8,-2.5,24,165.9,11.1,5.1
Antonio Gibson,,,,,,,,,,,,,,
WshRB,,,,,,,,,,,,,,
J.K. DobbinsJ.K. Dobbins,W,,Pit,Sun 7:20 PM,9.8,--,9th,43.8,82.8,6.2,56,71.9,10.3,5.9
J.K. Dobbins,,,,,,,,,,,,,,
BalRB,,,,,,,,,,,,,,
Courtland SuttonCourtland Sutton,JACK,,@KC,Sun 12:00 PM,12.2,--,26th,16.3,82.7,-0.8,45,138.7,10.7,11.4
Courtland Sutton,,,,,,,,,,,,,,
DenWR,,,,,,,,,,,,,,
Allen LazardAllen Lazard,KMUR,,Min,Sun 3:25 PM,11.8,--,32nd,18.2,82.5,-1.9,40,149.8,11.5,11.1
Allen Lazard,,,,,,,,,,,,,,
GBWR,,,,,,,,,,,,,,
Jerick McKinnonJerick McKinnon,KMUR,,Den,Sun 12:00 PM,11.6,--,19th,63.8,82.4,21.8,25,165.1,11,12.8
Jerick McKinnon,,,,,,,,,,,,,,
KCRB,,,,,,,,,,,,,,
Gerald EverettGerald Everett,WA (Wed),,LAR,Sun 3:25 PM,9.3,--,11th,44.2,82,-1.4,14,119.2,8.5,0
Gerald Everett,,,,,,,,,,,,,,
LACTE,,,,,,,,,,,,,,
Cooper KuppCooper Kupp,RD,,@LAC,Sun 3:25 PM,0,--,5th,14.9,82,-2.7,17,201.4,22.4,--
Cooper KuppIR,,,,,,,,,,,,,,
LARWR,,,,,,,,,,,,,,
Raheem MostertRaheem Mostert,JACK,,@NE,Sun 12:00 PM,8.5,--,3rd,30.1,81.2,1.8,31,137.1,9.8,4.9
Raheem Mostert,,,,,,,,,,,,,,
MiaRB,,,,,,,,,,,,,,
Darren WallerDarren Waller,JACK,,SF,Sun 3:05 PM,9.8,--,7th,37.2,80.9,6,34,63.1,9,9.8
Darren Waller,,,,,,,,,,,,,,
LVTE,,,,,,,,,,,,,,
Broncos D/STBroncos D/ST,SHAH,,@KC,Sun 12:00 PM,2.8,--,1st,65.8,79.4,17.3,9,94,6.3,-4
Broncos D/ST,,,,,,,,,,,,,,
DenD/ST,,,,,,,,,,,,,,
Evan McPhersonEvan McPherson,KMUR,,Buf,Mon 7:30 PM,8.2,--,3rd,68.5,79.1,-1.2,15,117,7.8,3
Evan McPherson,,,,,,,,,,,,,,
CinK,,,,,,,,,,,,,,
PLAYERS,STATUS,,NFL WEEK 17,,,,,,,,2022 SEASON,,,
PLAYER,TYPE,ACTION,OPP,STATUS,PROJ,SCORE,OPRK,%ST,%ROST,+/-,PRK,FPTS,AVG,LAST
Latavius MurrayLatavius Murray,RD,,@KC,Sun 12:00 PM,11.3,--,20th,39.8,79,1.5,35,124.2,11.3,7
Latavius Murray,,,,,,,,,,,,,,
DenRB,,,,,,,,,,,,,,
Nick FolkNick Folk,CHOE,,Mia,Sun 12:00 PM,7.8,--,16th,68.5,77.9,-0.4,7,130,8.7,0
Nick Folk,,,,,,,,,,,,,,
NEK,,,,,,,,,,,,,,
Aaron RodgersAaron Rodgers,POOP,,Min,Sun 3:25 PM,17,--,28th,33.3,77.7,3,16,211.44,14.1,13.32
Aaron Rodgers,,,,,,,,,,,,,,
GBQB,,,,,,,,,,,,,,
Trevor LawrenceTrevor Lawrence,SHAH,,@Hou,Sun 12:00 PM,18.6,--,4th,35.9,77.5,2.4,5,280.96,18.7,18.26
Trevor Lawrence,,,,,,,,,,,,,,
JaxQB,,,,,,,,,,,,,,
Brett MaherBrett Maher,JACK,,@Ten,Thu 7:15 PM,8,--,5th,72.3,77.1,1.7,1,149,9.9,18
Brett Maher,,,,,,,,,,,,,,
DalK,,,,,,,,,,,,,,
D'Onta ForemanD'Onta Foreman,KNU,,@TB,Sun 12:00 PM,10.5,--,5th,20.9,76.8,-5.2,37,120.7,8,22.5
D'Onta Foreman,,,,,,,,,,,,,,
CarRB,,,,,,,,,,,,,,
Zay JonesZay Jones,KMUR,,@Hou,Sun 12:00 PM,12.8,--,3rd,45.3,76.6,6.6,22,186.6,13.3,2.1
Zay Jones,,,,,,,,,,,,,,
JaxWR,,,,,,,,,,,,,,
Patriots D/STPatriots D/ST,KNU,,Mia,Sun 12:00 PM,6.4,--,7th,44.5,75.6,-2.7,1,156,10.4,11
Patriots D/ST,,,,,,,,,,,,,,
NED/ST,,,,,,,,,,,,,,
Michael CarterMichael Carter,KMUR,,@Sea,Sun 3:05 PM,9.7,--,31st,16.5,75.3,-2.1,36,121,8.6,10
Michael Carter,,,,,,,,,,,,,,
NYJRB,,,,,,,,,,,,,,
Dawson KnoxDawson Knox,KNU,,@Cin,Mon 7:30 PM,10,--,17th,39,74.8,2.9,9,126.4,9,12.8
Dawson Knox,,,,,,,,,,,,,,
BufTE,,,,,,,,,,,,,,
Evan EngramEvan Engram,ZHOU,,@Hou,Sun 12:00 PM,12.5,--,19th,51.4,74.6,8.4,5,166.3,11.1,18.3
Evan Engram,,,,,,,,,,,,,,
JaxTE,,,,,,,,,,,,,,
Kareem HuntKareem Hunt,ZHOU,,@Wsh,Sun 12:00 PM,6.5,--,4th,14,73.5,-0.8,38,120.1,8,5.2
Kareem Hunt,,,,,,,,,,,,,,
CleRB,,,,,,,,,,,,,,
Drake LondonDrake London,KMUR,,Ari,Sun 12:00 PM,10.9,--,14th,14.1,73.4,1.8,39,150.9,10.1,14.6
Drake London,,,,,,,,,,,,,,
AtlWR,,,,,,,,,,,,,,
Dameon PierceDameon Pierce,WA (Wed),,Jax,Sun 12:00 PM,0,--,22nd,12.4,73,-14.3,23,166.4,12.8,--
Dameon PierceIR,,,,,,,,,,,,,,
HouRB,,,,,,,,,,,,,,
Tyler BoydTyler Boyd,CHOE,,Buf,Mon 7:30 PM,7.6,--,21st,11,72,-0.8,34,157.02,10.5,5.1
Tyler Boyd,,,,,,,,,,,,,,
CinWR,,,,,,,,,,,,,,
Tyler HigbeeTyler Higbee,WA (Wed),,@LAC,Sun 3:25 PM,9.9,--,15th,28.1,72,-3.3,7,140.6,9.4,30.4
Tyler Higbee,,,,,,,,,,,,,,
LARTE,,,,,,,,,,,,,,
Brandin CooksBrandin Cooks,KNU,,Jax,Sun 12:00 PM,11.3,--,19th,16.9,71.9,-0.4,50,116.1,10.6,13.4
Brandin Cooks,,,,,,,,,,,,,,
HouWR,,,,,,,,,,,,,,
Buccaneers D/STBuccaneers D/ST,RD,,Car,Sun 12:00 PM,6.2,--,17th,48.4,71.7,10.4,12,91,6.1,8
Buccaneers D/ST,,,,,,,,,,,,,,
TBD/ST,,,,,,,,,,,,,,
AJ DillonAJ Dillon,ZHOU,,Min,Sun 3:25 PM,11.8,--,23rd,15.9,71.6,2.5,26,154.2,10.3,12.8
AJ Dillon,,,,,,,,,,,,,,
GBRB,,,,,,,,,,,,,,
Brian Robinson Jr.Brian Robinson Jr.,POOP,,Cle,Sun 12:00 PM,13.1,--,30th,13.9,71.6,-1.4,43,104,9.5,5.8
Brian Robinson Jr.,,,,,,,,,,,,,,
WshRB,,,,,,,,,,,,,,
Graham GanoGraham Gano,KNU,,Ind,Sun 12:00 PM,8.1,--,17th,56.7,71.2,0.5,7,130,8.7,14
Graham Gano,,,,,,,,,,,,,,
NYGK,,,,,,,,,,,,,,
Zonovan KnightZonovan Knight,JACK,,@Sea,Sun 3:05 PM,11.6,--,31st,33.8,70.8,-2.3,68,50.4,8.4,2.3
Zonovan Knight,,,,,,,,,,,,,,
NYJRB,,,,,,,,,,,,,,
Jakobi MeyersJakobi Meyers,WA (Wed),,Mia,Sun 12:00 PM,10.3,--,18th,9,70,-1.4,38,151.2,12.6,20.3
Jakobi Meyers,,,,,,,,,,,,,,
NEWR,,,,,,,,,,,,,,
Cam AkersCam Akers,ZHOU,,@LAC,Sun 3:25 PM,14.4,--,25th,29.5,69.5,0.4,40,111.2,8.6,34.7
Cam Akers,,,,,,,,,,,,,,
LARRB,,,,,,,,,,,,,,
Jeff Wilson Jr.Jeff Wilson Jr.,KNU,,@NE,Sun 12:00 PM,8.5,--,3rd,10.2,69.4,-4.2,30,138.5,9.9,11
Jeff Wilson Jr.,,,,,,,,,,,,,,
MiaRB,,,,,,,,,,,,,,
Deshaun WatsonDeshaun Watson,ROSE,,@Wsh,Sun 12:00 PM,15,--,18th,20.4,68.2,-6.4,39,46.12,11.5,11.8
Deshaun Watson,,,,,,,,,,,,,,
CleQB,,,,,,,,,,,,,,
Joshua PalmerJoshua Palmer,JACK,,LAR,Sun 3:25 PM,8.6,--,22nd,13.9,67.2,-3.5,33,159.4,11.4,3.6
Joshua Palmer,,,,,,,,,,,,,,
LACWR,,,,,,,,,,,,,,
Rachaad WhiteRachaad White,W,,Car,Sun 12:00 PM,10,--,14th,21.3,66.9,-0.7,33,127.8,8.5,15.3
Rachaad White,,,,,,,,,,,,,,
TBRB,,,,,,,,,,,,,,
Daniel JonesDaniel Jones,SHAH,,Ind,Sun 12:00 PM,17.6,--,19th,31.7,66.2,8.4,9,252.82,16.9,20.76
Daniel Jones,,,,,,,,,,,,,,
NYGQB,,,,,,,,,,,,,,
Cole KmetCole Kmet,JACK,,@Det,Sun 12:00 PM,10.8,--,27th,21.7,64.5,-3.4,12,120.9,8.1,7.7
Cole Kmet,,,,,,,,,,,,,,
ChiTE,,,,,,,,,,,,,,
Derek CarrDerek Carr,KMUR,,SF,Sun 3:05 PM,13.6,--,3rd,22.6,62.6,1.3,15,219.08,14.6,6.36
Derek Carr,,,,,,,,,,,,,,
LVQB,,,,,,,,,,,,,,
Chiefs D/STChiefs D/ST,POOP,,Den,Sun 12:00 PM,7,--,29th,44.4,62.4,-20.2,11,92,6.1,7
Chiefs D/ST,,,,,,,,,,,,,,
KCD/ST,,,,,,,,,,,,,,
George PickensGeorge Pickens,WA (Wed),,@Bal,Sun 7:20 PM,7.9,--,24th,13.6,62.3,-2.1,42,145.4,9.7,16.7
George Pickens,,,,,,,,,,,,,,
PitWR,,,,,,,,,,,,,,
Jason MyersJason Myers,ZHOU,,NYJ,Sun 3:05 PM,7.9,--,19th,50.1,61,-0.2,4,134,8.9,4
Jason Myers,,,,,,,,,,,,,,
SeaK,,,,,,,,,,,,,,
Kyler MurrayKyler Murray,WA (Wed),,@Atl,Sun 12:00 PM,0,--,23rd,19.4,59.9,-5.1,17,200.52,18.2,--
Kyler MurrayIR,,,,,,,,,,,,,,
AriQB,,,,,,,,,,,,,,
Curtis SamuelCurtis Samuel,CHOE,,Cle,Sun 12:00 PM,9.2,--,8th,7.4,59.6,-2.3,26,174.3,11.6,16.4
Curtis Samuel,,,,,,,,,,,,,,
WshWR,,,,,,,,,,,,,,
Titans D/STTitans D/ST,KMUR,,Dal,Thu 7:15 PM,4.6,--,6th,45.5,59.3,32.1,25,68,4.5,5
Titans D/ST,,,,,,,,,,,,,,
TenD/ST,,,,,,,,,,,,,,
Michael GallupMichael Gallup,WA (Wed),,@Ten,Thu 7:15 PM,9.4,--,31st,12.3,55.2,-3.5,70,96.5,8,13.6
Michael Gallup,,,,,,,,,,,,,,
DalWR,,,,,,,,,,,,,,
Jared GoffJared Goff,ZHOU,,Chi,Sun 12:00 PM,18.3,--,24th,28.5,53.8,5.9,10,252.46,16.8,25.7
Jared Goff,,,,,,,,,,,,,,
DetQB,,,,,,,,,,,,,,
Damien HarrisDamien Harris,RD,,Mia,Sun 12:00 PM,7.3,--,24th,5.2,53.7,-2.5,52,76.8,8.5,--
Damien HarrisQ,,,,,,,,,,,,,,
NERB,,,,,,,,,,,,,,
Greg DulcichGreg Dulcich,W,,@KC,Sun 12:00 PM,9.5,--,18th,27.3,53.5,-7.7,24,86.1,8.6,13.9
Greg DulcichQ,,,,,,,,,,,,,,
DenTE,,,,,,,,,,,,,,
Brandon McManusBrandon McManus,WA (Wed),,@KC,Sun 12:00 PM,7.7,--,12th,43.7,53.5,-1.3,19,113,7.5,9
Brandon McManus,,,,,,,,,,,,,,
DenK,,,,,,,,,,,,,,
Jets D/STJets D/ST,WA (Wed),,@Sea,Sun 3:05 PM,6.1,--,17th,28.2,52.7,-3.1,7,114,7.6,2
Jets D/ST,,,,,,,,,,,,,,
NYJD/ST,,,,,,,,,,,,,,
Donovan Peoples-JonesDonovan Peoples-Jones,KMUR,,@Wsh,Sun 12:00 PM,8.9,--,13th,15.8,50.1,-0.6,36,152.6,10.2,1.2
Donovan Peoples-Jones,,,,,,,,,,,,,,
CleWR,,,,,,,,,,,,,,
Chase ClaypoolChase Claypool,WA (Wed),,@Det,Sun 12:00 PM,9.9,--,30th,3.4,49.1,-1.8,62,100.14,7.7,--
Chase ClaypoolQ,,,,,,,,,,,,,,
ChiWR,,,,,,,,,,,,,,
Marquez Valdes-ScantlingMarquez Valdes-Scantling,WA (Wed),,Den,Sun 12:00 PM,4.2,--,1st,8.5,48.7,-0.7,54,111.9,7.5,0
Marquez Valdes-Scantling,,,,,,,,,,,,,,
KCWR,,,,,,,,,,,,,,
Saints D/STSaints D/ST,WA (Wed),,@Phi,Sun 12:00 PM,3.9,--,2nd,29.9,47.7,-8.3,20,77,5.1,9
Saints D/ST,,,,,,,,,,,,,,
NOD/ST,,,,,,,,,,,,,,
Darius SlaytonDarius Slayton,KMUR,,Ind,Sun 12:00 PM,10.2,--,7th,19.5,47.6,5.4,47,127,9.1,11.9
Darius Slayton,,,,,,,,,,,,,,
NYGWR,,,,,,,,,,,,,,
James CookJames Cook,WA (Wed),,@Cin,Mon 7:30 PM,7.9,--,8th,8.2,46.7,-0.6,44,98.6,6.6,17.8
James Cook,,,,,,,,,,,,,,
BufRB,,,,,,,,,,,,,,
James RobinsonJames Robinson,WA (Wed),,@Sea,Sun 3:05 PM,0,--,31st,4.4,46.4,-2.1,46,88.6,8.1,--
James Robinson,,,,,,,,,,,,,,
NYJRB,,,,,,,,,,,,,,
PLAYERS,STATUS,,NFL WEEK 17,,,,,,,,2022 SEASON,,,
PLAYER,TYPE,ACTION,OPP,STATUS,PROJ,SCORE,OPRK,%ST,%ROST,+/-,PRK,FPTS,AVG,LAST
Taysom HillTaysom Hill,CHOE,,@Phi,Sun 12:00 PM,6.3,--,8th,18.1,45.9,1.4,8,128.74,9.2,11.6
Taysom Hill,,,,,,,,,,,,,,
NOTE,,,,,,,,,,,,,,
Samaje PerineSamaje Perine,SHAH,,Buf,Mon 7:30 PM,7.3,--,11th,4.2,45.2,-6.1,29,138.9,9.3,5.2
Samaje Perine,,,,,,,,,,,,,,
CinRB,,,,,,,,,,,,,,
Bengals D/STBengals D/ST,WA (Wed),,Buf,Mon 7:30 PM,3.9,--,4th,30.6,45.2,11.3,17,82,5.5,11
Bengals D/ST,,,,,,,,,,,,,,
CinD/ST,,,,,,,,,,,,,,
Younghoe KooYounghoe Koo,SHAH,,Ari,Sun 12:00 PM,7.6,--,25th,25.1,45.2,-3.5,9,124,8.3,9
Younghoe Koo,,,,,,,,,,,,,,
AtlK,,,,,,,,,,,,,,
Robert WoodsRobert Woods,WA (Wed),,Dal,Thu 7:15 PM,6.4,--,29th,6.4,44.7,-1.2,73,92.8,6.2,7
Robert Woods,,,,,,,,,,,,,,
TenWR,,,,,,,,,,,,,,
Kyle PittsKyle Pitts,WA (Wed),,Ari,Sun 12:00 PM,0,--,32nd,15.6,43.6,-1.5,29,75.6,7.6,--
Kyle PittsIR,,,,,,,,,,,,,,
AtlTE,,,,,,,,,,,,,,
Treylon BurksTreylon Burks,KMUR,,Dal,Thu 7:15 PM,7.5,--,29th,2.4,43.6,-2.6,88,75.6,8.4,1.5
Treylon Burks,,,,,,,,,,,,,,
TenWR,,,,,,,,,,,,,,
Steelers D/STSteelers D/ST,WA (Wed),,@Bal,Sun 7:20 PM,4.8,--,12th,32.3,43.5,-6.3,20,77,5.1,14
Steelers D/ST,,,,,,,,,,,,,,
PitD/ST,,,,,,,,,,,,,,
Zack MossZack Moss,W,,@NYG,Sun 12:00 PM,11.4,--,16th,17,43.3,42.6,80,36,3.3,8
Zack Moss,,,,,,,,,,,,,,
IndRB,,,,,,,,,,,,,,
Clyde Edwards-HelaireClyde Edwards-Helaire,CHOE,,Den,Sun 12:00 PM,0,--,19th,6.2,43.3,-1.3,45,98.3,9.8,--
Clyde Edwards-HelaireIR,,,,,,,,,,,,,,
KCRB,,,,,,,,,,,,,,
Darnell MooneyDarnell Mooney,WA (Wed),,@Det,Sun 12:00 PM,0,--,30th,6.5,42.9,-1.5,60,101.5,8.5,--
Darnell MooneyIR,,,,,,,,,,,,,,
ChiWR,,,,,,,,,,,,,,
Elijah MooreElijah Moore,WA (Wed),,@Sea,Sun 3:05 PM,9,--,4th,6.3,42.5,-2.7,81,82.2,5.9,3.5
Elijah Moore,,,,,,,,,,,,,,
NYJWR,,,,,,,,,,,,,,
Mike GesickiMike Gesicki,WA (Wed),,@NE,Sun 12:00 PM,4.5,--,21st,11.8,42.3,-1.4,27,79.8,5.3,3.4
Mike Gesicki,,,,,,,,,,,,,,
MiaTE,,,,,,,,,,,,,,
Russell WilsonRussell Wilson,WA (Wed),,@KC,Sun 12:00 PM,15.4,--,29th,12.7,40.8,0.9,19,179.06,13.8,8.26
Russell Wilson,,,,,,,,,,,,,,
DenQB,,,,,,,,,,,,,,
Matt GayMatt Gay,WA (Wed),,@LAC,Sun 3:25 PM,7.5,--,21st,30.2,39.9,-0.8,16,116,7.7,19
Matt Gay,,,,,,,,,,,,,,
LARK,,,,,,,,,,,,,,
Noah FantNoah Fant,W,,NYJ,Sun 3:05 PM,6.5,--,20th,14.7,39.8,1.2,18,110.6,7.4,9.2
Noah Fant,,,,,,,,,,,,,,
SeaTE,,,,,,,,,,,,,,
Kadarius ToneyKadarius Toney,WA (Wed),,Den,Sun 12:00 PM,3.8,--,1st,1.6,39.5,-2.7,126,35.8,5.1,7.8
Kadarius Toney,,,,,,,,,,,,,,
KCWR,,,,,,,,,,,,,,
Tyler AllgeierTyler Allgeier,ROSE,,Ari,Sun 12:00 PM,12.9,--,28th,6.1,39.2,5.8,32,129.4,9.2,15.7
Tyler Allgeier,,,,,,,,,,,,,,
AtlRB,,,,,,,,,,,,,,
Hayden HurstHayden Hurst,WA (Wed),,Buf,Mon 7:30 PM,7.9,--,3rd,4.8,39.2,-2.5,19,100,8.3,--
Hayden HurstQ,,,,,,,,,,,,,,
CinTE,,,,,,,,,,,,,,
Robbie GouldRobbie Gould,CHOE,,@LV,Sun 3:05 PM,7.4,--,14th,31.2,39.1,-0.8,16,116,7.7,13
Robbie Gould,,,,,,,,,,,,,,
SFK,,,,,,,,,,,,,,
Packers D/STPackers D/ST,WA (Wed),,Min,Sun 3:25 PM,3.4,--,15th,23.1,39,-7,18,81,5.4,9
Packers D/ST,,,,,,,,,,,,,,
GBD/ST,,,,,,,,,,,,,,
Zach ErtzZach Ertz,WA (Wed),,@Atl,Sun 12:00 PM,0,--,29th,13.5,38.3,-1.5,15,115.6,11.6,--
Zach ErtzIR,,,,,,,,,,,,,,
AriTE,,,,,,,,,,,,,,
Commanders D/STCommanders D/ST,KNU,,Cle,Sun 12:00 PM,6.4,--,14th,21.5,37.9,-6.6,8,97,6.5,1
Commanders D/ST,,,,,,,,,,,,,,
WshD/ST,,,,,,,,,,,,,,
Greg JosephGreg Joseph,WA (Wed),,@GB,Sun 3:25 PM,7.2,--,13th,31.7,37.5,0.9,20,110,7.3,13
Greg Joseph,,,,,,,,,,,,,,
MinK,,,,,,,,,,,,,,
Allen Robinson IIAllen Robinson II,WA (Wed),,@LAC,Sun 3:25 PM,0,--,5th,3.8,37.4,-1.8,79,84.9,8.5,--
Allen Robinson IIIR,,,,,,,,,,,,,,
LARWR,,,,,,,,,,,,,,
Dolphins D/STDolphins D/ST,WA (Wed),,@NE,Sun 12:00 PM,6.8,--,27th,19.6,37,-1.8,23,76,5.1,4
Dolphins D/ST,,,,,,,,,,,,,,
MiaD/ST,,,,,,,,,,,,,,
Tyler ConklinTyler Conklin,WA (Wed),,@Sea,Sun 3:05 PM,8.7,--,31st,16.3,36.4,-3,16,114.2,7.6,7.4
Tyler Conklin,,,,,,,,,,,,,,
NYJTE,,,,,,,,,,,,,,
Ryan SuccopRyan Succop,WA (Wed),,Car,Sun 12:00 PM,8,--,9th,23.6,36.4,-1.8,13,118,7.9,15
Ryan Succop,,,,,,,,,,,,,,
TBK,,,,,,,,,,,,,,
Rondale MooreRondale Moore,WA (Wed),,@Atl,Sun 12:00 PM,0,--,23rd,1.7,35.5,-5.1,75,87.9,11,--
Rondale MooreIR,,,,,,,,,,,,,,
AriWR,,,,,,,,,,,,,,
Parris CampbellParris Campbell,WA (Wed),,@NYG,Sun 12:00 PM,8.8,--,15th,3.5,35.2,-2.7,46,128,8.5,3.9
Parris Campbell,,,,,,,,,,,,,,
IndWR,,,,,,,,,,,,,,
Breece HallBreece Hall,WA (Wed),,@Sea,Sun 3:05 PM,0,--,31st,8.9,32.8,-0.4,39,115.1,16.4,--
Breece HallIR,,,,,,,,,,,,,,
NYJRB,,,,,,,,,,,,,,
Rams D/STRams D/ST,POOP,,@LAC,Sun 3:25 PM,4,--,10th,20.9,31.9,8.9,13,89,5.9,21
Rams D/ST,,,,,,,,,,,,,,
LARD/ST,,,,,,,,,,,,,,
Matthew StaffordMatthew Stafford,WA (Wed),,@LAC,Sun 3:25 PM,0,--,12th,6.6,31.8,-1.2,31,108.38,12,--
Matthew StaffordIR,,,,,,,,,,,,,,
LARQB,,,,,,,,,,,,,,
Colts D/STColts D/ST,WA (Wed),,@NYG,Sun 12:00 PM,4.9,--,16th,19.6,31.1,-0.3,9,94,6.3,8
Colts D/ST,,,,,,,,,,,,,,
IndD/ST,,,,,,,,,,,,,,
Browns D/STBrowns D/ST,ZHOU,,@Wsh,Sun 12:00 PM,5.5,--,23rd,21.4,31,6.5,14,86,5.7,5
Browns D/ST,,,,,,,,,,,,,,
CleD/ST,,,,,,,,,,,,,,
Elijah MitchellElijah Mitchell,KMUR,,@LV,Sun 3:05 PM,0,--,26th,4.5,31,-1.1,90,26.1,6.5,--
Elijah MitchellIR,,,,,,,,,,,,,,
SFRB,,,,,,,,,,,,,,
DJ CharkDJ Chark,WA (Wed),,Chi,Sun 12:00 PM,9,--,11th,6.6,30.9,0.3,77,86.2,9.6,14.8
DJ Chark,,,,,,,,,,,,,,
DetWR,,,,,,,,,,,,,,
Gus EdwardsGus Edwards,WA (Wed),,Pit,Sun 7:20 PM,5.7,--,9th,3.5,30.6,-3.7,62,57.5,8.2,9.9
Gus Edwards,,,,,,,,,,,,,,
BalRB,,,,,,,,,,,,,,
Jahan DotsonJahan Dotson,WA (Wed),,Cle,Sun 12:00 PM,10.6,--,8th,4.3,30.2,3.8,53,113.7,10.3,19.6
Jahan Dotson,,,,,,,,,,,,,,
WshWR,,,,,,,,,,,,,,
Raiders D/STRaiders D/ST,WA (Wed),,SF,Sun 3:05 PM,4.2,--,8th,21.6,29.6,-5.4,28,60,4,4
Raiders D/ST,,,,,,,,,,,,,,
LVD/ST,,,,,,,,,,,,,,
Michael ThomasMichael Thomas,WA (Wed),,@Phi,Sun 12:00 PM,0,--,9th,3.3,29.6,-0.7,108,51.1,17,--
Michael ThomasIR,,,,,,,,,,,,,,
NOWR,,,,,,,,,,,,,,
Chris BoswellChris Boswell,WA (Wed),,@Bal,Sun 7:20 PM,7.6,--,9th,25.5,29.4,3.6,31,69,6.9,7
Chris Boswell,,,,,,,,,,,,,,
PitK,,,,,,,,,,,,,,
Hunter RenfrowHunter Renfrow,WA (Wed),,SF,Sun 3:05 PM,6.6,--,27th,3,29.3,-1.1,102,54.8,6.9,14.2
Hunter Renfrow,,,,,,,,,,,,,,
LVWR,,,,,,,,,,,,,,
Hunter HenryHunter Henry,WA (Wed),,Mia,Sun 12:00 PM,6.1,--,30th,9.5,28.7,-1.6,26,83.5,5.6,0
Hunter HenryQ,,,,,,,,,,,,,,
NETE,,,,,,,,,,,,,,
Brock PurdyBrock Purdy,KMUR,,@LV,Sun 3:05 PM,16.4,--,27th,14,28.7,6,35,69.38,9.9,15.96
Brock Purdy,,,,,,,,,,,,,,
SFQB,,,,,,,,,,,,,,
Khalil HerbertKhalil Herbert,ROSE,,@Det,Sun 12:00 PM,7.6,--,11th,1.5,28,0.5,42,108.8,9.9,2.3
Khalil Herbert,,,,,,,,,,,,,,
ChiRB,,,,,,,,,,,,,,
Nyheim HinesNyheim Hines,WA (Wed),,@Cin,Mon 7:30 PM,2.1,--,8th,2.7,27.5,-0.7,58,69.4,4.6,2.1
Nyheim Hines,,,,,,,,,,,,,,
BufRB,,,,,,,,,,,,,,
Gardner MinshewGardner Minshew,POOP,,NO,Sun 12:00 PM,17.3,--,15th,20.1,27.2,27,47,23.86,6,22.7
Gardner Minshew,,,,,,,,,,,,,,
PhiQB,,,,,,,,,,,,,,
Mecole HardmanMecole Hardman,WA (Wed),,Den,Sun 12:00 PM,7.4,--,1st,0.8,26.5,-0.4,72,93.8,11.7,--
Mecole HardmanIR,,,,,,,,,,,,,,
KCWR,,,,,,,,,,,,,,
Javonte WilliamsJavonte Williams,WA (Wed),,@KC,Sun 12:00 PM,0,--,20th,12.3,26.4,-0.4,74,42,10.5,--
Javonte WilliamsIR,,,,,,,,,,,,,,
DenRB,,,,,,,,,,,,,,
PLAYERS,STATUS,,NFL WEEK 17,,,,,,,,2022 SEASON,,,
PLAYER,TYPE,ACTION,OPP,STATUS,PROJ,SCORE,OPRK,%ST,%ROST,+/-,PRK,FPTS,AVG,LAST
Chuba HubbardChuba Hubbard,WA (Wed),,@TB,Sun 12:00 PM,8.7,--,5th,5.5,26.3,0.6,57,71.3,5.5,12.5
Chuba Hubbard,,,,,,,,,,,,,,
CarRB,,,,,,,,,,,,,,
Seahawks D/STSeahawks D/ST,RD,,NYJ,Sun 3:05 PM,4.4,--,22nd,14,26.2,-8,24,72,4.8,3
Seahawks D/ST,,,,,,,,,,,,,,
SeaD/ST,,,,,,,,,,,,,,
Rashod BatemanRashod Bateman,WA (Wed),,Pit,Sun 7:20 PM,0,--,25th,1.9,26.2,-0.5,104,53.5,7.6,--
Rashod BatemanIR,,,,,,,,,,,,,,
BalWR,,,,,,,,,,,,,,
Melvin Gordon IIIMelvin Gordon III,WA (Wed),,--,,--,--,--,2.2,26,-1.4,48,--,8.7,--
Melvin Gordon III,,,,,,,,,,,,,,
FARB,,,,,,,,,,,,,,
Chase EdmondsChase Edmonds,WA (Wed),,@KC,Sun 12:00 PM,5.5,--,20th,1.9,25.1,-0.6,61,59.4,5.4,7.3
Chase Edmonds,,,,,,,,,,,,,,
DenRB,,,,,,,,,,,,,,
Jarvis LandryJarvis Landry,WA (Wed),,@Phi,Sun 12:00 PM,0,--,9th,1.6,25,-1.5,98,60.2,6.7,--
Jarvis LandryIR,,,,,,,,,,,,,,
NOWR,,,,,,,,,,,,,,
Juwan JohnsonJuwan Johnson,JACK,,@Phi,Sun 12:00 PM,8.1,--,8th,8.9,23.7,8.1,13,120.5,8.6,1.9
Juwan Johnson,,,,,,,,,,,,,,
NOTE,,,,,,,,,,,,,,
Isaiah McKenzieIsaiah McKenzie,WA (Wed),,@Cin,Mon 7:30 PM,7.7,--,12th,5.8,23.6,-0.9,52,115.9,8.3,0.6
Isaiah McKenzie,,,,,,,,,,,,,,
BufWR,,,,,,,,,,,,,,
Robert TonyanRobert Tonyan,WA (Wed),,Min,Sun 3:25 PM,4.7,--,16th,4.4,23.5,-1.1,20,91.9,6.1,2.3
Robert Tonyan,,,,,,,,,,,,,,
GBTE,,,,,,,,,,,,,,
Cardinals D/STCardinals D/ST,WA (Wed),,@Atl,Sun 12:00 PM,5.3,--,19th,14.2,23.4,-4.7,15,85,5.7,3
Cardinals D/ST,,,,,,,,,,,,,,
AriD/ST,,,,,,,,,,,,,,
Cairo SantosCairo Santos,WA (Wed),,@Det,Sun 12:00 PM,7.7,--,7th,10,23.3,-1.2,24,97,6.9,7
Cairo Santos,,,,,,,,,,,,,,
ChiK,,,,,,,,,,,,,,
Devin DuvernayDevin Duvernay,WA (Wed),,Pit,Sun 7:20 PM,0,--,25th,2.5,23.3,-4.4,50,116.1,8.3,--
Devin DuvernayIR,,,,,,,,,,,,,,
BalWR,,,,,,,,,,,,,,
Jameson WilliamsJameson Williams,WA (Wed),,Chi,Sun 12:00 PM,3.8,--,11th,1.1,23,-3.9,160,11.1,2.8,0
Jameson Williams,,,,,,,,,,,,,,
DetWR,,,,,,,,,,,,,,
Van JeffersonVan Jefferson,WA (Wed),,@LAC,Sun 3:25 PM,7.4,--,5th,3.6,22.6,-2.2,100,59.1,6.6,4.9
Van Jefferson,,,,,,,,,,,,,,
LARWR,,,,,,,,,,,,,,
Vikings D/STVikings D/ST,WA (Wed),,@GB,Sun 3:25 PM,4.3,--,19th,14.5,22.5,-2.2,27,61,4.1,6
Vikings D/ST,,,,,,,,,,,,,,
MinD/ST,,,,,,,,,,,,,,
Chargers D/STChargers D/ST,ZHOU,,LAR,Sun 3:25 PM,6,--,31st,13.9,22.1,4.3,20,77,5.1,20
Chargers D/ST,,,,,,,,,,,,,,
LACD/ST,,,,,,,,,,,,,,
Russell GageRussell Gage,WA (Wed),,Car,Sun 12:00 PM,9.3,--,28th,1,22.1,0.2,57,106.8,9.7,11.5
Russell Gage,,,,,,,,,,,,,,
TBWR,,,,,,,,,,,,,,
Deon JacksonDeon Jackson,WA (Wed),,@NYG,Sun 12:00 PM,7.9,--,16th,4,21.9,10,59,66.5,4.8,3.9
Deon Jackson,,,,,,,,,,,,,,
IndRB,,,,,,,,,,,,,,
Julio JonesJulio Jones,WA (Wed),,Car,Sun 12:00 PM,5.1,--,28th,2.5,21.6,-0.9,94,67.1,7.5,1.5
Julio Jones,,,,,,,,,,,,,,
TBWR,,,,,,,,,,,,,,
Foster MoreauFoster Moreau,WA (Wed),,SF,Sun 3:05 PM,2.2,--,7th,7.6,21.3,-3.9,30,74.7,5.7,3.9
Foster Moreau,,,,,,,,,,,,,,
LVTE,,,,,,,,,,,,,,
Alexander MattisonAlexander Mattison,RD,,@GB,Sun 3:25 PM,4.3,--,21st,0.8,21.1,-0.9,60,63.9,4.3,1.7
Alexander Mattison,,,,,,,,,,,,,,
MinRB,,,,,,,,,,,,,,
Mack HollinsMack Hollins,SHAH,,SF,Sun 3:05 PM,7.4,--,27th,6.2,21,1.3,43,143.66,9.6,1.7
Mack Hollins,,,,,,,,,,,,,,
LVWR,,,,,,,,,,,,,,
Matt PraterMatt Prater,WA (Wed),,@Atl,Sun 12:00 PM,6.6,--,22nd,15.7,20.3,-0.3,29,81,7.4,14
Matt Prater,,,,,,,,,,,,,,
AriK,,,,,,,,,,,,,,
Darrell Henderson Jr.Darrell Henderson Jr.,WA (Wed),,--,,--,--,--,1.9,19.6,-1.7,53,--,7.4,--
Darrell Henderson Jr.,,,,,,,,,,,,,,
FARB,,,,,,,,,,,,,,
Kenyan DrakeKenyan Drake,WA (Wed),,Pit,Sun 7:20 PM,0,--,9th,1.5,19.6,-2,47,88.2,8,--
Kenyan Drake,,,,,,,,,,,,,,
BalRB,,,,,,,,,,,,,,
Kyren WilliamsKyren Williams,WA (Wed),,@LAC,Sun 3:25 PM,4.6,--,25th,2.3,19.3,-4.3,86,29.9,3.7,3.1
Kyren Williams,,,,,,,,,,,,,,
LARRB,,,,,,,,,,,,,,
Travis HomerTravis Homer,WA (Wed),,NYJ,Sun 3:05 PM,0,--,10th,4.1,19.2,-5.9,73,43.1,4.3,0
Travis HomerQ,,,,,,,,,,,,,,
SeaRB,,,,,,,,,,,,,,
Tyler HuntleyTyler Huntley,WA (Wed),,Pit,Sun 7:20 PM,0,--,17th,7.4,19,-6.3,42,40.42,8.1,13.2
Tyler Huntley,,,,,,,,,,,,,,
BalQB,,,,,,,,,,,,,,
Marcus MariotaMarcus Mariota,WA (Wed),,Ari,Sun 12:00 PM,0,--,25th,2.1,18.9,-2.2,18,196.56,15.1,--
Marcus MariotaIR,,,,,,,,,,,,,,
AtlQB,,,,,,,,,,,,,,
Marvin Jones Jr.Marvin Jones Jr.,WA (Wed),,@Hou,Sun 12:00 PM,7.3,--,3rd,2.3,17.9,-0.2,63,99.9,7.1,4.5
Marvin Jones Jr.,,,,,,,,,,,,,,
JaxWR,,,,,,,,,,,,,,
Odell Beckham Jr.Odell Beckham Jr.,ROSE,,--,,--,--,--,0.2,17.2,-2.8,--,--,--,--
Odell Beckham Jr.Q,,,,,,,,,,,,,,
FAWR,,,,,,,,,,,,,,
Nico CollinsNico Collins,WA (Wed),,Jax,Sun 12:00 PM,0,--,19th,1.1,16.9,-2.5,68,97.1,9.7,--
Nico CollinsIR,,,,,,,,,,,,,,
HouWR,,,,,,,,,,,,,,
Jake ElliottJake Elliott,WA (Wed),,NO,Sun 12:00 PM,7.5,--,26th,12.3,16.6,-0.1,26,93,6.6,11
Jake Elliott,,,,,,,,,,,,,,
PhiK,,,,,,,,,,,,,,
Skyy MooreSkyy Moore,WA (Wed),,Den,Sun 12:00 PM,0.9,--,1st,0.9,16.5,-0.4,124,37.1,2.5,1.5
Skyy Moore,,,,,,,,,,,,,,
KCWR,,,,,,,,,,,,,,
Cameron DickerCameron Dicker,WA (Wed),,LAR,Sun 3:25 PM,7.8,--,28th,14.5,16.2,0.6,30,76,8.4,8
Cameron Dicker,,,,,,,,,,,,,,
LACK,,,,,,,,,,,,,,
Rashaad PennyRashaad Penny,WA (Wed),,NYJ,Sun 3:05 PM,0,--,10th,1.1,16.1,-0.3,65,52.2,10.4,--
Rashaad PennyIR,,,,,,,,,,,,,,
SeaRB,,,,,,,,,,,,,,
Corey DavisCorey Davis,WA (Wed),,@Sea,Sun 3:05 PM,10.2,--,4th,2.2,15.7,-0.8,76,87.4,7.9,3.4
Corey Davis,,,,,,,,,,,,,,
NYJWR,,,,,,,,,,,,,,
Jaguars D/STJaguars D/ST,WA (Wed),,@Hou,Sun 12:00 PM,7,--,30th,10.8,15.5,7.9,19,80,5.3,13
Jaguars D/ST,,,,,,,,,,,,,,
JaxD/ST,,,,,,,,,,,,,,
Chigoziem OkonkwoChigoziem Okonkwo,WA (Wed),,Dal,Thu 7:15 PM,5.8,--,4th,7.2,15.5,0.7,28,78.6,5.2,2
Chigoziem Okonkwo,,,,,,,,,,,,,,
TenTE,,,,,,,,,,,,,,
Trey LanceTrey Lance,WA (Wed),,@LV,Sun 3:05 PM,0,--,27th,3.1,15.3,-0.2,56,12.46,6.2,--
Trey LanceIR,,,,,,,,,,,,,,
SFQB,,,,,,,,,,,,,,
Romeo DoubsRomeo Doubs,WA (Wed),,Min,Sun 3:25 PM,8.4,--,32nd,1.2,14.6,-0.3,69,96.6,8.8,6.6
Romeo Doubs,,,,,,,,,,,,,,
GBWR,,,,,,,,,,,,,,
Taylor HeinickeTaylor Heinicke,WA (Wed),,Cle,Sun 12:00 PM,0,--,5th,3.1,14.3,-0.9,29,115.96,11.6,10.24
Taylor Heinicke,,,,,,,,,,,,,,
WshQB,,,,,,,,,,,,,,
Chris MooreChris Moore,ROSE,,Jax,Sun 12:00 PM,10,--,19th,4.2,14.2,-1.9,58,106,7.6,4.5
Chris Moore,,,,,,,,,,,,,,
HouWR,,,,,,,,,,,,,,
Jimmy GaroppoloJimmy Garoppolo,WA (Wed),,@LV,Sun 3:05 PM,0,--,27th,1.8,14,-1.4,22,164.78,15,--
Jimmy GaroppoloO,,,,,,,,,,,,,,
SFQB,,,,,,,,,,,,,,
Cade YorkCade York,WA (Wed),,@Wsh,Sun 12:00 PM,6.4,--,17th,8.3,13,-0.6,21,105,7,4
Cade York,,,,,,,,,,,,,,
CleK,,,,,,,,,,,,,,
Giants D/STGiants D/ST,WA (Wed),,Ind,Sun 12:00 PM,6,--,32nd,6,13,-0.5,26,64,4.3,3
Giants D/ST,,,,,,,,,,,,,,
NYGD/ST,,,,,,,,,,,,,,
Mike WhiteMike White,WA (Wed),,@Sea,Sun 3:05 PM,15.3,--,22nd,1.6,12.8,-3.3,38,52.98,17.7,--
Mike WhiteQ,,,,,,,,,,,,,,
NYJQB,,,,,,,,,,,,,,
Ryan TannehillRyan Tannehill,WA (Wed),,Dal,Thu 7:15 PM,0,--,9th,3.2,12.7,-3.6,23,161.24,13.4,--
Ryan TannehillO,,,,,,,,,,,,,,
TenQB,,,,,,,,,,,,,,
Panthers D/STPanthers D/ST,WA (Wed),,@TB,Sun 12:00 PM,4,--,10th,6.5,12.6,-8.4,15,85,5.7,3
Panthers D/ST,,,,,,,,,,,,,,
CarD/ST,,,,,,,,,,,,,,
Eno BenjaminEno Benjamin,WA (Wed),,@Phi,Sun 12:00 PM,0,--,18th,1.4,12.5,-0.7,49,86.4,6.6,0
Eno Benjamin,,,,,,,,,,,,,,
NORB,,,,,,,,,,,,,,
